market_id,market_name,weather_date,weather_code,temperature_2m_mean_c,temperature_2m_max_c,temperature_2m_min_c,apparent_temperature_mean_c,precipitation_sum_mm,rain_sum_mm,precipitation_hours,wind_speed_10m_max_kmh,is_rain_day,source,fetched_at_utc
1,Singapore,2024-01-01,63,25.5,29.0,23.1,30.5,12.5,12.5,13.0,14.7,True,open_meteo_historical_weather_api,2026-06-11T10:40:28Z
1,Singapore,2024-01-02,63,25.9,29.8,23.3,30.9,25.8,25.8,13.0,15.8,True,open_meteo_historical_weather_api,2026-06-11T10:40:28Z
1,Singapore,2024-01-03,65,25.7,29.5,23.4,30.8,25.6,25.6,10.0,13.3,True,open_meteo_historical_weather_api,2026-06-11T10:40:28Z
1,Singapore,2024-01-04,63,24.9,27.5,23.2,29.5,16.2,16.2,15.0,16.0,True,open_meteo_historical_weather_api,2026-06-11T10:40:28Z
1,Singapore,2024-01-05,63,25.3,28.4,23.4,29.5,19.2,19.2,14.0,19.7,True,open_meteo_historical_weather_api,2026-06-11T10:40:28Z
1,Singapore,2024-01-06,65,25.5,28.8,23.1,30.5,34.8,34.8,14.0,13.6,True,open_meteo_historical_weather_api,2026-06-11T10:40:28Z
1,Singapore,2024-01-07,65,24.0,25.8,22.5,28.7,39.3,39.3,22.0,12.3,True,open_meteo_historical_weather_api,2026-06-11T10:40:28Z
1,Singapore,2024-01-08,55,25.6,30.0,22.4,30.4,4.9,4.9,14.0,17.8,True,open_meteo_historical_weather_api,2026-06-11T10:40:28Z
1,Singapore,2024-01-09,65,25.2,29.0,23.3,30.5,55.5,55.5,16.0,8.3,True,open_meteo_historical_weather_api,2026-06-11T10:40:28Z
1,Singapore,2024-01-10,63,25.2,28.1,23.5,29.8,18.6,18.6,16.0,15.7,True,open_meteo_historical_weather_api,2026-06-11T10:40:28Z
1,Singapore,2024-01-11,61,26.2,30.1,23.0,31.0,3.1,3.1,9.0,14.8,True,open_meteo_historical_weather_api,2026-06-11T10:40:28Z
1,Singapore,2024-01-12,63,24.9,27.8,23.1,29.4,29.3,29.3,12.0,14.4,True,open_meteo_historical_weather_api,2026-06-11T10:40:28Z
1,Singapore,2024-01-13,61,25.7,29.8,23.2,30.8,7.8,7.8,12.0,15.4,True,open_meteo_historical_weather_api,2026-06-11T10:40:28Z
1,Singapore,2024-01-14,55,26.0,29.7,23.5,30.4,7.6,7.6,16.0,18.3,True,open_meteo_historical_weather_api,2026-06-11T10:40:28Z
1,Singapore,2024-01-15,63,25.7,29.3,23.5,30.2,18.0,18.0,12.0,17.0,True,open_meteo_historical_weather_api,2026-06-11T10:40:28Z
1,Singapore,2024-01-16,65,25.4,28.8,23.5,30.0,16.6,16.6,14.0,16.9,True,open_meteo_historical_weather_api,2026-06-11T10:40:28Z
1,Singapore,2024-01-17,63,25.5,28.4,23.2,29.9,15.9,15.9,18.0,20.4,True,open_meteo_historical_weather_api,2026-06-11T10:40:28Z
1,Singapore,2024-01-18,65,25.5,29.0,23.4,30.0,20.5,20.5,13.0,18.8,True,open_meteo_historical_weather_api,2026-06-11T10:40:28Z
1,Singapore,2024-01-19,63,25.7,28.5,24.0,30.4,13.2,13.2,16.0,17.0,True,open_meteo_historical_weather_api,2026-06-11T10:40:28Z
1,Singapore,2024-01-20,63,24.2,26.4,23.3,29.0,40.7,40.7,24.0,10.6,True,open_meteo_historical_weather_api,2026-06-11T10:40:28Z
1,Singapore,2024-01-21,63,25.6,30.7,22.5,30.3,5.1,5.1,6.0,12.2,True,open_meteo_historical_weather_api,2026-06-11T10:40:28Z
1,Singapore,2024-01-22,61,26.4,31.2,23.1,31.3,2.2,2.2,7.0,11.2,True,open_meteo_historical_weather_api,2026-06-11T10:40:28Z
1,Singapore,2024-01-23,63,25.9,30.0,23.5,31.3,16.4,16.4,13.0,11.2,True,open_meteo_historical_weather_api,2026-06-11T10:40:28Z
1,Singapore,2024-01-24,65,25.5,29.1,23.7,30.5,38.9,38.9,15.0,11.2,True,open_meteo_historical_weather_api,2026-06-11T10:40:28Z
1,Singapore,2024-01-25,65,25.3,29.1,22.6,30.0,31.0,31.0,14.0,12.9,True,open_meteo_historical_weather_api,2026-06-11T10:40:28Z
1,Singapore,2024-01-26,63,26.0,30.0,23.7,30.2,24.0,24.0,19.0,20.6,True,open_meteo_historical_weather_api,2026-06-11T10:40:28Z
1,Singapore,2024-01-27,61,26.4,29.9,23.7,30.2,2.6,2.6,7.0,22.3,True,open_meteo_historical_weather_api,2026-06-11T10:40:28Z
1,Singapore,2024-01-28,53,26.2,29.6,23.1,30.1,2.7,2.7,8.0,21.0,True,open_meteo_historical_weather_api,2026-06-11T10:40:28Z
1,Singapore,2024-01-29,53,26.1,29.7,23.2,30.1,3.5,3.5,10.0,17.7,True,open_meteo_historical_weather_api,2026-06-11T10:40:28Z
1,Singapore,2024-01-30,53,26.0,29.9,22.5,30.2,3.0,3.0,4.0,16.1,True,open_meteo_historical_weather_api,2026-06-11T10:40:28Z
1,Singapore,2024-01-31,63,26.3,30.4,22.7,30.9,4.6,4.6,5.0,15.9,True,open_meteo_historical_weather_api,2026-06-11T10:40:28Z
1,Singapore,2024-02-01,63,26.5,29.7,23.9,31.3,10.4,10.4,10.0,16.1,True,open_meteo_historical_weather_api,2026-06-11T10:40:28Z
1,Singapore,2024-02-02,63,26.4,30.2,23.1,31.6,9.2,9.2,8.0,14.7,True,open_meteo_historical_weather_api,2026-06-11T10:40:28Z
1,Singapore,2024-02-03,63,26.6,31.2,23.8,31.9,7.6,7.6,11.0,14.8,True,open_meteo_historical_weather_api,2026-06-11T10:40:28Z
1,Singapore,2024-02-04,51,26.6,32.0,22.4,31.4,0.3,0.3,2.0,15.7,True,open_meteo_historical_weather_api,2026-06-11T10:40:28Z
1,Singapore,2024-02-05,61,26.5,31.3,22.8,31.3,2.8,2.8,6.0,15.7,True,open_meteo_historical_weather_api,2026-06-11T10:40:28Z
1,Singapore,2024-02-06,63,26.5,32.0,22.4,31.6,5.4,5.4,8.0,17.5,True,open_meteo_historical_weather_api,2026-06-11T10:40:28Z
1,Singapore,2024-02-07,63,26.6,30.6,23.6,31.7,6.6,6.6,6.0,15.0,True,open_meteo_historical_weather_api,2026-06-11T10:40:28Z
1,Singapore,2024-02-08,61,26.5,31.0,23.2,32.1,3.2,3.2,9.0,9.8,True,open_meteo_historical_weather_api,2026-06-11T10:40:28Z
1,Singapore,2024-02-09,65,26.5,31.0,24.3,31.7,10.0,10.0,6.0,14.2,True,open_meteo_historical_weather_api,2026-06-11T10:40:28Z
1,Singapore,2024-02-10,65,26.0,31.1,22.4,29.8,14.6,14.6,6.0,20.0,True,open_meteo_historical_weather_api,2026-06-11T10:40:28Z
1,Singapore,2024-02-11,53,26.3,30.8,22.5,29.8,0.8,0.8,4.0,24.2,True,open_meteo_historical_weather_api,2026-06-11T10:40:28Z
1,Singapore,2024-02-12,63,25.6,27.2,24.0,29.0,21.9,21.9,18.0,20.8,True,open_meteo_historical_weather_api,2026-06-11T10:40:28Z
1,Singapore,2024-02-13,63,25.9,28.9,23.8,29.5,15.1,15.1,10.0,23.2,True,open_meteo_historical_weather_api,2026-06-11T10:40:28Z
1,Singapore,2024-02-14,51,26.9,30.6,24.1,31.2,0.8,0.8,7.0,22.5,True,open_meteo_historical_weather_api,2026-06-11T10:40:28Z
1,Singapore,2024-02-15,65,26.3,29.2,23.9,30.6,20.2,20.2,9.0,20.3,True,open_meteo_historical_weather_api,2026-06-11T10:40:28Z
1,Singapore,2024-02-16,61,26.4,29.4,24.2,30.5,4.5,4.5,10.0,23.0,True,open_meteo_historical_weather_api,2026-06-11T10:40:28Z
1,Singapore,2024-02-17,55,26.1,29.5,23.4,30.3,2.6,2.6,5.0,19.0,True,open_meteo_historical_weather_api,2026-06-11T10:40:28Z
1,Singapore,2024-02-18,53,26.9,31.0,23.7,31.8,3.2,3.2,10.0,13.8,True,open_meteo_historical_weather_api,2026-06-11T10:40:28Z
1,Singapore,2024-02-19,65,27.1,30.8,23.8,32.0,10.3,10.3,5.0,14.6,True,open_meteo_historical_weather_api,2026-06-11T10:40:28Z
1,Singapore,2024-02-20,53,27.1,31.2,23.5,32.5,3.9,3.9,11.0,12.9,True,open_meteo_historical_weather_api,2026-06-11T10:40:28Z
1,Singapore,2024-02-21,61,26.8,31.4,23.6,32.5,3.0,3.0,9.0,10.2,True,open_meteo_historical_weather_api,2026-06-11T10:40:28Z
1,Singapore,2024-02-22,53,27.0,31.5,24.1,33.1,2.9,2.9,7.0,8.9,True,open_meteo_historical_weather_api,2026-06-11T10:40:28Z
1,Singapore,2024-02-23,63,27.2,31.1,24.2,32.4,7.6,7.6,10.0,14.6,True,open_meteo_historical_weather_api,2026-06-11T10:40:28Z
1,Singapore,2024-02-24,53,27.0,31.5,23.2,31.7,1.1,1.1,4.0,14.5,True,open_meteo_historical_weather_api,2026-06-11T10:40:28Z
1,Singapore,2024-02-25,51,27.1,31.6,22.8,31.5,0.5,0.5,2.0,16.0,True,open_meteo_historical_weather_api,2026-06-11T10:40:28Z
1,Singapore,2024-02-26,51,27.4,31.1,24.4,31.4,0.4,0.4,3.0,21.2,True,open_meteo_historical_weather_api,2026-06-11T10:40:28Z
1,Singapore,2024-02-27,63,26.2,28.4,24.0,30.4,10.5,10.5,7.0,16.5,True,open_meteo_historical_weather_api,2026-06-11T10:40:28Z
1,Singapore,2024-02-28,3,27.5,31.8,24.6,31.2,0.0,0.0,0.0,20.5,False,open_meteo_historical_weather_api,2026-06-11T10:40:28Z
1,Singapore,2024-02-29,51,27.5,32.3,23.4,31.5,0.4,0.4,3.0,18.4,True,open_meteo_historical_weather_api,2026-06-11T10:40:28Z
1,Singapore,2024-03-01,63,27.4,31.9,24.7,32.4,12.9,12.9,8.0,16.2,True,open_meteo_historical_weather_api,2026-06-11T10:40:28Z
1,Singapore,2024-03-02,61,27.0,31.8,23.9,31.7,4.3,4.3,8.0,20.5,True,open_meteo_historical_weather_api,2026-06-11T10:40:28Z
1,Singapore,2024-03-03,63,26.2,30.1,23.6,31.1,19.1,19.1,16.0,18.1,True,open_meteo_historical_weather_api,2026-06-11T10:40:28Z
1,Singapore,2024-03-04,63,26.8,30.6,23.9,32.3,11.2,11.2,14.0,13.4,True,open_meteo_historical_weather_api,2026-06-11T10:40:28Z
1,Singapore,2024-03-05,65,26.1,30.5,23.7,31.8,23.0,23.0,11.0,11.7,True,open_meteo_historical_weather_api,2026-06-11T10:40:28Z
1,Singapore,2024-03-06,55,26.7,31.0,23.2,32.5,2.3,2.3,8.0,7.7,True,open_meteo_historical_weather_api,2026-06-11T10:40:28Z
1,Singapore,2024-03-07,65,26.8,31.0,24.5,33.0,45.7,45.7,13.0,10.0,True,open_meteo_historical_weather_api,2026-06-11T10:40:28Z
1,Singapore,2024-03-08,63,26.0,29.6,23.0,31.7,23.0,23.0,18.0,14.2,True,open_meteo_historical_weather_api,2026-06-11T10:40:28Z
1,Singapore,2024-03-09,51,27.1,31.4,23.8,32.2,0.1,0.1,1.0,11.9,True,open_meteo_historical_weather_api,2026-06-11T10:40:28Z
1,Singapore,2024-03-10,63,26.5,30.0,23.9,31.4,8.9,8.9,9.0,15.0,True,open_meteo_historical_weather_api,2026-06-11T10:40:28Z
1,Singapore,2024-03-11,3,27.2,31.5,24.0,31.5,0.0,0.0,0.0,15.7,False,open_meteo_historical_weather_api,2026-06-11T10:40:28Z
1,Singapore,2024-03-12,51,27.1,30.6,24.3,31.7,1.1,1.1,6.0,16.1,True,open_meteo_historical_weather_api,2026-06-11T10:40:28Z
1,Singapore,2024-03-13,51,27.1,31.6,23.4,31.4,0.1,0.1,1.0,16.6,True,open_meteo_historical_weather_api,2026-06-11T10:40:28Z
1,Singapore,2024-03-14,3,27.1,32.2,23.1,31.6,0.0,0.0,0.0,16.2,False,open_meteo_historical_weather_api,2026-06-11T10:40:28Z
1,Singapore,2024-03-15,51,26.8,31.5,21.8,31.2,0.1,0.1,1.0,14.8,True,open_meteo_historical_weather_api,2026-06-11T10:40:28Z
1,Singapore,2024-03-16,3,27.3,32.2,23.2,32.0,0.0,0.0,0.0,12.7,False,open_meteo_historical_weather_api,2026-06-11T10:40:28Z
1,Singapore,2024-03-17,51,27.5,31.8,23.3,32.0,0.8,0.8,4.0,15.5,True,open_meteo_historical_weather_api,2026-06-11T10:40:28Z
1,Singapore,2024-03-18,53,27.5,32.0,22.6,32.3,1.6,1.6,4.0,14.4,True,open_meteo_historical_weather_api,2026-06-11T10:40:28Z
1,Singapore,2024-03-19,53,27.9,32.2,24.5,32.8,1.4,1.4,4.0,14.9,True,open_meteo_historical_weather_api,2026-06-11T10:40:28Z
1,Singapore,2024-03-20,63,27.2,31.8,24.8,31.8,12.4,12.4,8.0,19.3,True,open_meteo_historical_weather_api,2026-06-11T10:40:28Z
1,Singapore,2024-03-21,63,27.1,30.6,24.0,31.5,8.8,8.8,9.0,17.8,True,open_meteo_historical_weather_api,2026-06-11T10:40:28Z
1,Singapore,2024-03-22,53,27.5,31.5,23.8,31.9,1.5,1.5,5.0,15.2,True,open_meteo_historical_weather_api,2026-06-11T10:40:28Z
1,Singapore,2024-03-23,53,27.9,33.4,23.0,32.8,2.3,2.3,3.0,11.0,True,open_meteo_historical_weather_api,2026-06-11T10:40:28Z
1,Singapore,2024-03-24,63,28.4,34.2,24.0,33.5,4.5,4.5,4.0,13.8,True,open_meteo_historical_weather_api,2026-06-11T10:40:28Z
1,Singapore,2024-03-25,55,28.5,33.7,24.2,33.8,1.9,1.9,5.0,11.9,True,open_meteo_historical_weather_api,2026-06-11T10:40:28Z
1,Singapore,2024-03-26,51,28.8,33.8,24.6,33.8,0.1,0.1,1.0,16.4,True,open_meteo_historical_weather_api,2026-06-11T10:40:28Z
1,Singapore,2024-03-27,53,28.3,33.2,23.5,33.4,1.3,1.3,4.0,13.0,True,open_meteo_historical_weather_api,2026-06-11T10:40:28Z
1,Singapore,2024-03-28,53,28.5,33.8,24.2,33.7,2.4,2.4,5.0,14.0,True,open_meteo_historical_weather_api,2026-06-11T10:40:28Z
1,Singapore,2024-03-29,61,28.4,32.8,24.8,33.3,4.0,4.0,7.0,16.1,True,open_meteo_historical_weather_api,2026-06-11T10:40:28Z
1,Singapore,2024-03-30,65,28.0,32.0,24.8,33.4,34.2,34.2,10.0,17.3,True,open_meteo_historical_weather_api,2026-06-11T10:40:28Z
1,Singapore,2024-03-31,65,28.1,33.2,24.9,34.5,13.8,13.8,11.0,10.0,True,open_meteo_historical_weather_api,2026-06-11T10:40:28Z
1,Singapore,2024-04-01,65,27.5,31.8,24.7,33.8,22.5,22.5,14.0,10.9,True,open_meteo_historical_weather_api,2026-06-11T10:40:28Z
1,Singapore,2024-04-02,61,27.8,31.6,23.9,34.4,5.1,5.1,12.0,9.4,True,open_meteo_historical_weather_api,2026-06-11T10:40:28Z
1,Singapore,2024-04-03,63,27.6,32.2,24.5,34.2,5.9,5.9,11.0,10.1,True,open_meteo_historical_weather_api,2026-06-11T10:40:28Z
1,Singapore,2024-04-04,63,27.1,31.8,24.0,33.6,9.7,9.7,9.0,13.1,True,open_meteo_historical_weather_api,2026-06-11T10:40:28Z
1,Singapore,2024-04-05,61,27.9,32.5,23.9,34.2,6.1,6.1,9.0,9.3,True,open_meteo_historical_weather_api,2026-06-11T10:40:28Z
1,Singapore,2024-04-06,51,28.3,33.2,23.4,34.1,0.4,0.4,3.0,10.2,True,open_meteo_historical_weather_api,2026-06-11T10:40:28Z
1,Singapore,2024-04-07,63,28.0,32.8,24.6,34.1,5.5,5.5,4.0,9.7,True,open_meteo_historical_weather_api,2026-06-11T10:40:28Z
1,Singapore,2024-04-08,63,27.4,31.9,24.5,33.6,20.5,20.5,13.0,11.8,True,open_meteo_historical_weather_api,2026-06-11T10:40:28Z
1,Singapore,2024-04-09,61,27.8,32.3,24.2,34.2,3.2,3.2,10.0,11.5,True,open_meteo_historical_weather_api,2026-06-11T10:40:28Z
1,Singapore,2024-04-10,65,26.4,29.5,24.0,32.2,15.0,15.0,9.0,12.2,True,open_meteo_historical_weather_api,2026-06-11T10:40:28Z
1,Singapore,2024-04-11,63,26.9,30.5,24.4,31.9,4.7,4.7,7.0,17.2,True,open_meteo_historical_weather_api,2026-06-11T10:40:28Z
1,Singapore,2024-04-12,63,25.0,26.1,23.8,30.1,29.7,29.7,11.0,12.8,True,open_meteo_historical_weather_api,2026-06-11T10:40:28Z
1,Singapore,2024-04-13,63,26.8,31.0,23.5,32.5,21.3,21.3,11.0,13.3,True,open_meteo_historical_weather_api,2026-06-11T10:40:28Z
1,Singapore,2024-04-14,63,26.5,29.8,24.4,32.4,20.2,20.2,12.0,9.7,True,open_meteo_historical_weather_api,2026-06-11T10:40:28Z
1,Singapore,2024-04-15,61,26.4,29.5,24.2,32.2,4.5,4.5,11.0,10.8,True,open_meteo_historical_weather_api,2026-06-11T10:40:28Z
1,Singapore,2024-04-16,63,26.3,30.1,24.6,32.3,21.8,21.8,11.0,8.4,True,open_meteo_historical_weather_api,2026-06-11T10:40:28Z
1,Singapore,2024-04-17,65,26.5,30.2,23.9,32.7,19.3,19.3,14.0,10.9,True,open_meteo_historical_weather_api,2026-06-11T10:40:28Z
1,Singapore,2024-04-18,65,26.5,30.6,23.2,32.8,13.8,13.8,8.0,8.3,True,open_meteo_historical_weather_api,2026-06-11T10:40:28Z
1,Singapore,2024-04-19,65,26.7,31.0,23.9,33.1,16.1,16.1,7.0,6.9,True,open_meteo_historical_weather_api,2026-06-11T10:40:28Z
1,Singapore,2024-04-20,63,26.4,30.2,24.3,32.6,16.0,16.0,13.0,10.2,True,open_meteo_historical_weather_api,2026-06-11T10:40:28Z
1,Singapore,2024-04-21,63,26.9,31.4,23.8,33.1,14.5,14.5,12.0,10.0,True,open_meteo_historical_weather_api,2026-06-11T10:40:28Z
1,Singapore,2024-04-22,61,27.4,31.5,24.3,33.8,7.3,7.3,10.0,10.9,True,open_meteo_historical_weather_api,2026-06-11T10:40:28Z
1,Singapore,2024-04-23,61,28.0,32.3,24.2,34.9,7.3,7.3,11.0,10.1,True,open_meteo_historical_weather_api,2026-06-11T10:40:28Z
1,Singapore,2024-04-24,63,27.4,31.2,23.5,33.5,9.1,9.1,9.0,12.6,True,open_meteo_historical_weather_api,2026-06-11T10:40:28Z
1,Singapore,2024-04-25,61,28.0,31.6,25.2,34.8,6.5,6.5,10.0,8.7,True,open_meteo_historical_weather_api,2026-06-11T10:40:28Z
1,Singapore,2024-04-26,63,27.8,32.6,24.5,34.3,5.7,5.7,4.0,14.2,True,open_meteo_historical_weather_api,2026-06-11T10:40:28Z
1,Singapore,2024-04-27,61,27.7,31.6,24.3,34.5,9.6,9.6,13.0,9.9,True,open_meteo_historical_weather_api,2026-06-11T10:40:28Z
1,Singapore,2024-04-28,63,27.7,31.0,25.0,34.0,6.9,6.9,7.0,15.2,True,open_meteo_historical_weather_api,2026-06-11T10:40:28Z
1,Singapore,2024-04-29,51,28.3,31.8,24.7,34.7,0.7,0.7,5.0,10.9,True,open_meteo_historical_weather_api,2026-06-11T10:40:28Z
1,Singapore,2024-04-30,53,28.4,31.6,25.5,34.9,1.1,1.1,4.0,13.3,True,open_meteo_historical_weather_api,2026-06-11T10:40:28Z
1,Singapore,2024-05-01,65,27.8,31.6,24.9,34.5,22.9,22.9,11.0,13.7,True,open_meteo_historical_weather_api,2026-06-11T10:40:28Z
1,Singapore,2024-05-02,65,27.3,31.1,24.2,33.8,12.2,12.2,8.0,11.5,True,open_meteo_historical_weather_api,2026-06-11T10:40:28Z
1,Singapore,2024-05-03,63,27.8,32.2,25.1,34.5,9.6,9.6,11.0,9.7,True,open_meteo_historical_weather_api,2026-06-11T10:40:28Z
1,Singapore,2024-05-04,65,25.2,27.0,23.5,30.8,76.0,76.0,17.0,11.5,True,open_meteo_historical_weather_api,2026-06-11T10:40:28Z
1,Singapore,2024-05-05,61,27.9,30.6,25.1,33.7,4.5,4.5,9.0,14.1,True,open_meteo_historical_weather_api,2026-06-11T10:40:28Z
1,Singapore,2024-05-06,53,28.5,32.2,25.5,34.8,1.6,1.6,4.0,12.9,True,open_meteo_historical_weather_api,2026-06-11T10:40:28Z
1,Singapore,2024-05-07,65,27.2,30.0,24.8,33.5,27.3,27.3,12.0,10.8,True,open_meteo_historical_weather_api,2026-06-11T10:40:28Z
1,Singapore,2024-05-08,61,26.6,30.5,23.9,32.5,2.7,2.7,3.0,8.9,True,open_meteo_historical_weather_api,2026-06-11T10:40:28Z
1,Singapore,2024-05-09,51,28.4,32.0,25.1,34.4,0.1,0.1,1.0,10.9,True,open_meteo_historical_weather_api,2026-06-11T10:40:28Z
1,Singapore,2024-05-10,63,27.9,30.8,25.8,33.9,9.7,9.7,8.0,13.9,True,open_meteo_historical_weather_api,2026-06-11T10:40:28Z
1,Singapore,2024-05-11,61,28.0,32.3,24.0,33.9,3.6,3.6,6.0,14.1,True,open_meteo_historical_weather_api,2026-06-11T10:40:28Z
1,Singapore,2024-05-12,63,28.0,31.6,25.1,34.5,9.0,9.0,9.0,8.6,True,open_meteo_historical_weather_api,2026-06-11T10:40:28Z
1,Singapore,2024-05-13,63,27.7,32.4,23.7,34.0,6.6,6.6,7.0,11.8,True,open_meteo_historical_weather_api,2026-06-11T10:40:28Z
1,Singapore,2024-05-14,63,27.6,33.0,23.5,33.3,7.8,7.8,8.0,13.3,True,open_meteo_historical_weather_api,2026-06-11T10:40:28Z
1,Singapore,2024-05-15,51,28.4,32.0,25.1,34.8,0.6,0.6,4.0,9.9,True,open_meteo_historical_weather_api,2026-06-11T10:40:28Z
1,Singapore,2024-05-16,65,27.0,30.4,25.1,33.0,24.7,24.7,14.0,14.6,True,open_meteo_historical_weather_api,2026-06-11T10:40:28Z
1,Singapore,2024-05-17,61,27.7,30.8,24.5,33.9,6.2,6.2,7.0,13.0,True,open_meteo_historical_weather_api,2026-06-11T10:40:28Z
1,Singapore,2024-05-18,65,27.3,30.9,25.3,33.5,17.5,17.5,9.0,16.6,True,open_meteo_historical_weather_api,2026-06-11T10:40:28Z
1,Singapore,2024-05-19,65,27.3,30.0,25.0,33.2,22.4,22.4,11.0,13.0,True,open_meteo_historical_weather_api,2026-06-11T10:40:28Z
1,Singapore,2024-05-20,63,27.0,30.0,25.0,32.9,10.6,10.6,13.0,10.7,True,open_meteo_historical_weather_api,2026-06-11T10:40:28Z
1,Singapore,2024-05-21,65,27.2,30.5,24.9,33.2,14.8,14.8,14.0,13.1,True,open_meteo_historical_weather_api,2026-06-11T10:40:28Z
1,Singapore,2024-05-22,65,27.1,30.8,24.0,33.5,33.9,33.9,18.0,11.4,True,open_meteo_historical_weather_api,2026-06-11T10:40:28Z
1,Singapore,2024-05-23,65,26.9,30.7,24.0,33.2,22.5,22.5,12.0,9.2,True,open_meteo_historical_weather_api,2026-06-11T10:40:28Z
1,Singapore,2024-05-24,55,26.6,29.9,24.4,32.6,4.0,4.0,12.0,9.2,True,open_meteo_historical_weather_api,2026-06-11T10:40:28Z
1,Singapore,2024-05-25,63,26.8,30.3,24.1,33.1,7.9,7.9,12.0,10.8,True,open_meteo_historical_weather_api,2026-06-11T10:40:28Z
1,Singapore,2024-05-26,53,27.6,31.0,24.3,33.9,2.0,2.0,8.0,9.8,True,open_meteo_historical_weather_api,2026-06-11T10:40:28Z
1,Singapore,2024-05-27,65,28.1,30.5,26.3,34.5,15.2,15.2,10.0,13.4,True,open_meteo_historical_weather_api,2026-06-11T10:40:28Z
1,Singapore,2024-05-28,65,28.1,31.5,25.0,34.2,24.2,24.2,10.0,17.0,True,open_meteo_historical_weather_api,2026-06-11T10:40:28Z
1,Singapore,2024-05-29,63,27.8,31.5,25.1,34.2,15.5,15.5,11.0,14.6,True,open_meteo_historical_weather_api,2026-06-11T10:40:28Z
1,Singapore,2024-05-30,61,28.1,30.9,25.5,34.0,3.2,3.2,3.0,16.6,True,open_meteo_historical_weather_api,2026-06-11T10:40:28Z
1,Singapore,2024-05-31,63,27.4,29.7,25.4,33.6,11.9,11.9,8.0,12.0,True,open_meteo_historical_weather_api,2026-06-11T10:40:28Z
1,Singapore,2024-06-01,65,25.7,27.9,23.7,31.1,33.1,33.1,14.0,14.2,True,open_meteo_historical_weather_api,2026-06-11T10:40:28Z
1,Singapore,2024-06-02,63,26.4,29.7,23.8,31.8,10.8,10.8,13.0,10.4,True,open_meteo_historical_weather_api,2026-06-11T10:40:28Z
1,Singapore,2024-06-03,65,26.2,30.4,23.9,32.3,26.6,26.6,12.0,14.8,True,open_meteo_historical_weather_api,2026-06-11T10:40:28Z
1,Singapore,2024-06-04,63,27.0,30.5,23.4,32.9,12.9,12.9,11.0,9.8,True,open_meteo_historical_weather_api,2026-06-11T10:40:28Z
1,Singapore,2024-06-05,53,28.0,31.3,24.8,34.0,3.0,3.0,8.0,11.2,True,open_meteo_historical_weather_api,2026-06-11T10:40:28Z
1,Singapore,2024-06-06,61,27.8,31.2,24.5,33.9,3.4,3.4,8.0,9.7,True,open_meteo_historical_weather_api,2026-06-11T10:40:28Z
1,Singapore,2024-06-07,63,27.0,30.9,24.1,33.2,7.9,7.9,8.0,7.7,True,open_meteo_historical_weather_api,2026-06-11T10:40:28Z
1,Singapore,2024-06-08,65,26.9,30.0,25.0,32.8,30.9,30.9,14.0,9.3,True,open_meteo_historical_weather_api,2026-06-11T10:40:28Z
1,Singapore,2024-06-09,61,27.3,30.5,24.5,33.1,2.4,2.4,5.0,9.4,True,open_meteo_historical_weather_api,2026-06-11T10:40:28Z
1,Singapore,2024-06-10,63,27.5,30.6,24.7,33.4,8.3,8.3,7.0,10.0,True,open_meteo_historical_weather_api,2026-06-11T10:40:28Z
1,Singapore,2024-06-11,53,27.9,32.0,23.6,33.9,1.2,1.2,3.0,7.5,True,open_meteo_historical_weather_api,2026-06-11T10:40:28Z
1,Singapore,2024-06-12,63,26.9,30.2,23.6,33.2,15.0,15.0,12.0,9.0,True,open_meteo_historical_weather_api,2026-06-11T10:40:28Z
1,Singapore,2024-06-13,63,27.1,31.7,23.8,33.4,10.3,10.3,11.0,9.1,True,open_meteo_historical_weather_api,2026-06-11T10:40:28Z
1,Singapore,2024-06-14,61,26.5,30.7,23.8,32.5,8.3,8.3,10.0,10.5,True,open_meteo_historical_weather_api,2026-06-11T10:40:28Z
1,Singapore,2024-06-15,61,27.0,30.6,24.1,32.8,3.3,3.3,5.0,11.4,True,open_meteo_historical_weather_api,2026-06-11T10:40:28Z
1,Singapore,2024-06-16,51,27.3,30.1,24.6,33.1,0.3,0.3,3.0,11.7,True,open_meteo_historical_weather_api,2026-06-11T10:40:28Z
1,Singapore,2024-06-17,65,26.6,30.3,24.4,31.9,8.5,8.5,4.0,17.3,True,open_meteo_historical_weather_api,2026-06-11T10:40:28Z
1,Singapore,2024-06-18,65,26.2,29.3,24.0,31.7,19.9,19.9,11.0,13.0,True,open_meteo_historical_weather_api,2026-06-11T10:40:28Z
1,Singapore,2024-06-19,55,26.8,29.6,24.1,32.1,1.6,1.6,6.0,15.1,True,open_meteo_historical_weather_api,2026-06-11T10:40:28Z
1,Singapore,2024-06-20,61,26.9,30.2,24.4,32.3,5.1,5.1,12.0,12.2,True,open_meteo_historical_weather_api,2026-06-11T10:40:28Z
1,Singapore,2024-06-21,63,25.8,27.2,23.8,30.6,12.7,12.7,17.0,13.7,True,open_meteo_historical_weather_api,2026-06-11T10:40:28Z
1,Singapore,2024-06-22,63,25.3,26.9,23.9,29.6,23.8,23.8,15.0,17.1,True,open_meteo_historical_weather_api,2026-06-11T10:40:28Z
1,Singapore,2024-06-23,53,27.2,29.6,25.0,32.2,1.6,1.6,5.0,15.6,True,open_meteo_historical_weather_api,2026-06-11T10:40:28Z
1,Singapore,2024-06-24,55,27.6,30.4,24.3,32.6,2.6,2.6,8.0,14.8,True,open_meteo_historical_weather_api,2026-06-11T10:40:28Z
1,Singapore,2024-06-25,51,27.9,31.3,25.4,33.5,0.4,0.4,3.0,12.5,True,open_meteo_historical_weather_api,2026-06-11T10:40:28Z
1,Singapore,2024-06-26,61,27.7,31.4,24.7,33.3,5.7,5.7,7.0,13.4,True,open_meteo_historical_weather_api,2026-06-11T10:40:28Z
1,Singapore,2024-06-27,65,26.0,30.5,23.7,31.8,24.2,24.2,8.0,12.5,True,open_meteo_historical_weather_api,2026-06-11T10:40:28Z
1,Singapore,2024-06-28,61,26.9,31.1,23.9,32.8,4.6,4.6,8.0,8.4,True,open_meteo_historical_weather_api,2026-06-11T10:40:28Z
1,Singapore,2024-06-29,63,26.5,30.0,23.5,32.1,13.3,13.3,10.0,11.5,True,open_meteo_historical_weather_api,2026-06-11T10:40:28Z
1,Singapore,2024-06-30,65,25.6,27.6,23.4,30.6,31.1,31.1,9.0,13.4,True,open_meteo_historical_weather_api,2026-06-11T10:40:28Z
1,Singapore,2024-07-01,51,26.1,29.7,23.1,31.3,0.2,0.2,2.0,9.7,True,open_meteo_historical_weather_api,2026-06-11T10:40:28Z
1,Singapore,2024-07-02,63,26.5,29.9,24.0,32.1,7.5,7.5,6.0,11.2,True,open_meteo_historical_weather_api,2026-06-11T10:40:28Z
1,Singapore,2024-07-03,63,27.6,29.9,25.1,33.0,12.9,12.9,9.0,14.8,True,open_meteo_historical_weather_api,2026-06-11T10:40:28Z
1,Singapore,2024-07-04,51,28.2,31.3,26.1,33.5,0.3,0.3,1.0,15.9,True,open_meteo_historical_weather_api,2026-06-11T10:40:28Z
1,Singapore,2024-07-05,63,26.8,30.5,24.4,32.8,11.6,11.6,10.0,7.9,True,open_meteo_historical_weather_api,2026-06-11T10:40:28Z
1,Singapore,2024-07-06,53,26.6,30.6,23.3,32.1,0.7,0.7,3.0,9.0,True,open_meteo_historical_weather_api,2026-06-11T10:40:28Z
1,Singapore,2024-07-07,63,26.5,29.9,23.6,32.1,13.8,13.8,14.0,7.8,True,open_meteo_historical_weather_api,2026-06-11T10:40:28Z
1,Singapore,2024-07-08,63,25.8,28.4,23.9,31.2,12.7,12.7,13.0,12.2,True,open_meteo_historical_weather_api,2026-06-11T10:40:28Z
1,Singapore,2024-07-09,63,26.4,29.5,24.0,31.3,6.1,6.1,7.0,12.4,True,open_meteo_historical_weather_api,2026-06-11T10:40:28Z
1,Singapore,2024-07-10,63,25.9,29.3,23.7,31.4,9.4,9.4,11.0,14.3,True,open_meteo_historical_weather_api,2026-06-11T10:40:28Z
1,Singapore,2024-07-11,61,27.0,30.0,23.9,31.6,2.0,2.0,5.0,19.6,True,open_meteo_historical_weather_api,2026-06-11T10:40:28Z
1,Singapore,2024-07-12,63,27.1,29.3,24.6,32.3,5.2,5.2,10.0,10.4,True,open_meteo_historical_weather_api,2026-06-11T10:40:28Z
1,Singapore,2024-07-13,61,26.8,29.8,23.6,31.7,3.3,3.3,8.0,16.7,True,open_meteo_historical_weather_api,2026-06-11T10:40:28Z
1,Singapore,2024-07-14,63,27.2,30.5,25.2,31.8,4.0,4.0,4.0,15.2,True,open_meteo_historical_weather_api,2026-06-11T10:40:28Z
1,Singapore,2024-07-15,51,27.6,30.2,24.6,32.0,0.8,0.8,5.0,17.0,True,open_meteo_historical_weather_api,2026-06-11T10:40:28Z
1,Singapore,2024-07-16,51,27.7,30.4,26.0,32.1,0.7,0.7,6.0,17.0,True,open_meteo_historical_weather_api,2026-06-11T10:40:28Z
1,Singapore,2024-07-17,51,27.8,29.9,26.0,32.6,0.8,0.8,5.0,18.1,True,open_meteo_historical_weather_api,2026-06-11T10:40:28Z
1,Singapore,2024-07-18,51,28.1,30.8,26.1,32.8,0.3,0.3,3.0,20.2,True,open_meteo_historical_weather_api,2026-06-11T10:40:28Z
1,Singapore,2024-07-19,55,27.6,29.4,26.0,32.5,1.5,1.5,4.0,16.6,True,open_meteo_historical_weather_api,2026-06-11T10:40:28Z
1,Singapore,2024-07-20,51,28.2,30.5,26.1,33.1,0.3,0.3,2.0,20.7,True,open_meteo_historical_weather_api,2026-06-11T10:40:28Z
1,Singapore,2024-07-21,55,28.2,30.5,26.5,32.8,1.3,1.3,3.0,20.9,True,open_meteo_historical_weather_api,2026-06-11T10:40:28Z
1,Singapore,2024-07-22,51,28.4,30.6,26.8,33.2,0.5,0.5,5.0,16.9,True,open_meteo_historical_weather_api,2026-06-11T10:40:28Z
1,Singapore,2024-07-23,61,28.3,31.2,25.6,33.6,6.2,6.2,8.0,15.6,True,open_meteo_historical_weather_api,2026-06-11T10:40:28Z
1,Singapore,2024-07-24,51,28.3,30.9,26.0,33.5,1.4,1.4,8.0,18.4,True,open_meteo_historical_weather_api,2026-06-11T10:40:28Z
1,Singapore,2024-07-25,51,28.2,31.0,26.1,32.6,0.5,0.5,3.0,19.9,True,open_meteo_historical_weather_api,2026-06-11T10:40:28Z
1,Singapore,2024-07-26,51,28.5,31.2,26.4,32.6,0.5,0.5,4.0,21.3,True,open_meteo_historical_weather_api,2026-06-11T10:40:28Z
1,Singapore,2024-07-27,51,28.7,31.7,26.6,33.0,0.2,0.2,2.0,20.6,True,open_meteo_historical_weather_api,2026-06-11T10:40:28Z
1,Singapore,2024-07-28,51,28.8,31.9,26.5,32.9,0.2,0.2,2.0,20.7,True,open_meteo_historical_weather_api,2026-06-11T10:40:28Z
1,Singapore,2024-07-29,63,28.1,31.5,26.2,33.0,7.7,7.7,7.0,15.1,True,open_meteo_historical_weather_api,2026-06-11T10:40:28Z
1,Singapore,2024-07-30,63,28.4,31.9,25.3,33.4,6.1,6.1,5.0,14.3,True,open_meteo_historical_weather_api,2026-06-11T10:40:28Z
1,Singapore,2024-07-31,63,27.3,30.2,24.5,32.6,16.4,16.4,10.0,15.8,True,open_meteo_historical_weather_api,2026-06-11T10:40:28Z
1,Singapore,2024-08-01,53,26.7,31.2,22.6,31.7,1.2,1.2,4.0,17.3,True,open_meteo_historical_weather_api,2026-06-11T10:40:28Z
1,Singapore,2024-08-02,63,27.3,30.5,23.9,32.6,8.8,8.8,6.0,16.5,True,open_meteo_historical_weather_api,2026-06-11T10:40:28Z
1,Singapore,2024-08-03,63,27.4,30.6,23.9,32.3,14.2,14.2,12.0,14.3,True,open_meteo_historical_weather_api,2026-06-11T10:40:28Z
1,Singapore,2024-08-04,65,26.4,30.1,23.8,31.4,16.6,16.6,18.0,18.3,True,open_meteo_historical_weather_api,2026-06-11T10:40:28Z
1,Singapore,2024-08-05,63,26.4,30.3,22.8,31.2,12.7,12.7,8.0,13.6,True,open_meteo_historical_weather_api,2026-06-11T10:40:28Z
1,Singapore,2024-08-06,61,27.5,30.2,24.2,31.9,4.6,4.6,6.0,15.3,True,open_meteo_historical_weather_api,2026-06-11T10:40:28Z
1,Singapore,2024-08-07,63,27.2,30.4,24.4,31.8,3.1,3.1,4.0,18.7,True,open_meteo_historical_weather_api,2026-06-11T10:40:28Z
1,Singapore,2024-08-08,53,28.1,31.5,24.8,33.0,1.4,1.4,7.0,13.6,True,open_meteo_historical_weather_api,2026-06-11T10:40:28Z
1,Singapore,2024-08-09,61,27.2,29.2,25.1,32.0,6.3,6.3,12.0,18.4,True,open_meteo_historical_weather_api,2026-06-11T10:40:28Z
1,Singapore,2024-08-10,63,26.0,28.9,23.4,31.4,12.1,12.1,9.0,13.9,True,open_meteo_historical_weather_api,2026-06-11T10:40:28Z
1,Singapore,2024-08-11,61,26.3,28.6,24.7,31.4,5.3,5.3,7.0,12.1,True,open_meteo_historical_weather_api,2026-06-11T10:40:28Z
1,Singapore,2024-08-12,63,27.0,29.7,25.2,32.0,17.1,17.1,12.0,12.7,True,open_meteo_historical_weather_api,2026-06-11T10:40:28Z
1,Singapore,2024-08-13,53,27.7,30.6,25.5,32.2,1.7,1.7,8.0,19.8,True,open_meteo_historical_weather_api,2026-06-11T10:40:28Z
1,Singapore,2024-08-14,65,26.4,28.5,24.2,31.4,26.9,26.9,12.0,16.8,True,open_meteo_historical_weather_api,2026-06-11T10:40:28Z
1,Singapore,2024-08-15,63,26.5,29.6,23.6,31.9,21.3,21.3,6.0,14.8,True,open_meteo_historical_weather_api,2026-06-11T10:40:28Z
1,Singapore,2024-08-16,63,26.7,29.0,24.0,31.8,17.8,17.8,10.0,15.0,True,open_meteo_historical_weather_api,2026-06-11T10:40:28Z
1,Singapore,2024-08-17,63,27.2,30.2,25.2,32.5,9.3,9.3,7.0,15.8,True,open_meteo_historical_weather_api,2026-06-11T10:40:28Z
1,Singapore,2024-08-18,61,27.0,30.1,24.4,32.1,5.6,5.6,9.0,13.5,True,open_meteo_historical_weather_api,2026-06-11T10:40:28Z
1,Singapore,2024-08-19,65,26.9,30.8,24.9,32.7,16.1,16.1,9.0,12.5,True,open_meteo_historical_weather_api,2026-06-11T10:40:28Z
1,Singapore,2024-08-20,63,25.9,29.8,23.0,31.1,17.7,17.7,17.0,13.7,True,open_meteo_historical_weather_api,2026-06-11T10:40:28Z
1,Singapore,2024-08-21,51,26.4,30.2,23.0,31.3,1.5,1.5,5.0,12.5,True,open_meteo_historical_weather_api,2026-06-11T10:40:28Z
1,Singapore,2024-08-22,61,27.0,30.9,24.4,32.5,2.3,2.3,4.0,11.2,True,open_meteo_historical_weather_api,2026-06-11T10:40:28Z
1,Singapore,2024-08-23,63,26.6,30.5,23.8,31.9,14.7,14.7,8.0,11.6,True,open_meteo_historical_weather_api,2026-06-11T10:40:28Z
1,Singapore,2024-08-24,63,25.0,27.9,22.4,29.6,15.5,15.5,10.0,13.2,True,open_meteo_historical_weather_api,2026-06-11T10:40:28Z
1,Singapore,2024-08-25,61,25.5,28.8,22.4,30.1,6.3,6.3,6.0,13.7,True,open_meteo_historical_weather_api,2026-06-11T10:40:28Z
1,Singapore,2024-08-26,55,26.6,30.0,23.4,31.7,1.8,1.8,6.0,13.6,True,open_meteo_historical_weather_api,2026-06-11T10:40:28Z
1,Singapore,2024-08-27,63,26.2,29.4,23.4,31.2,7.0,7.0,7.0,15.4,True,open_meteo_historical_weather_api,2026-06-11T10:40:28Z
1,Singapore,2024-08-28,61,26.5,30.4,22.8,31.2,3.3,3.3,6.0,13.5,True,open_meteo_historical_weather_api,2026-06-11T10:40:28Z
1,Singapore,2024-08-29,3,26.2,30.1,22.1,30.7,0.0,0.0,0.0,17.1,False,open_meteo_historical_weather_api,2026-06-11T10:40:28Z
1,Singapore,2024-08-30,51,27.4,30.2,24.8,32.2,0.1,0.1,1.0,17.6,True,open_meteo_historical_weather_api,2026-06-11T10:40:28Z
1,Singapore,2024-08-31,61,27.2,31.1,24.4,32.6,4.0,4.0,5.0,13.0,True,open_meteo_historical_weather_api,2026-06-11T10:40:28Z
1,Singapore,2024-09-01,63,26.8,31.0,22.8,32.5,3.7,3.7,5.0,11.4,True,open_meteo_historical_weather_api,2026-06-11T10:40:28Z
1,Singapore,2024-09-02,61,28.1,30.8,25.8,33.4,3.5,3.5,6.0,15.5,True,open_meteo_historical_weather_api,2026-06-11T10:40:28Z
1,Singapore,2024-09-03,63,26.8,30.1,24.0,32.4,10.6,10.6,8.0,14.0,True,open_meteo_historical_weather_api,2026-06-11T10:40:28Z
1,Singapore,2024-09-04,61,25.9,28.9,23.4,30.8,7.0,7.0,10.0,15.1,True,open_meteo_historical_weather_api,2026-06-11T10:40:28Z
1,Singapore,2024-09-05,51,27.1,30.9,23.5,32.4,0.2,0.2,2.0,14.4,True,open_meteo_historical_weather_api,2026-06-11T10:40:28Z
1,Singapore,2024-09-06,63,27.5,30.0,25.1,32.9,10.9,10.9,11.0,13.7,True,open_meteo_historical_weather_api,2026-06-11T10:40:28Z
1,Singapore,2024-09-07,61,28.4,31.0,26.4,32.9,3.6,3.6,6.0,21.3,True,open_meteo_historical_weather_api,2026-06-11T10:40:28Z
1,Singapore,2024-09-08,61,27.7,30.5,25.6,33.0,3.9,3.9,8.0,11.3,True,open_meteo_historical_weather_api,2026-06-11T10:40:28Z
1,Singapore,2024-09-09,65,26.6,30.1,23.2,32.3,36.0,36.0,17.0,11.9,True,open_meteo_historical_weather_api,2026-06-11T10:40:28Z
1,Singapore,2024-09-10,61,26.6,29.1,24.2,31.7,5.6,5.6,6.0,12.8,True,open_meteo_historical_weather_api,2026-06-11T10:40:28Z
1,Singapore,2024-09-11,63,26.9,30.8,23.9,32.7,11.2,11.2,7.0,10.5,True,open_meteo_historical_weather_api,2026-06-11T10:40:28Z
1,Singapore,2024-09-12,63,26.4,29.4,23.4,31.5,21.1,21.1,15.0,15.1,True,open_meteo_historical_weather_api,2026-06-11T10:40:28Z
1,Singapore,2024-09-13,51,27.2,30.2,24.5,32.4,1.5,1.5,6.0,14.2,True,open_meteo_historical_weather_api,2026-06-11T10:40:28Z
1,Singapore,2024-09-14,63,26.5,29.6,24.3,31.1,7.1,7.1,8.0,18.3,True,open_meteo_historical_weather_api,2026-06-11T10:40:28Z
1,Singapore,2024-09-15,63,26.6,29.0,24.2,31.6,11.3,11.3,7.0,16.6,True,open_meteo_historical_weather_api,2026-06-11T10:40:28Z
1,Singapore,2024-09-16,51,27.0,30.4,23.6,32.0,1.3,1.3,7.0,14.2,True,open_meteo_historical_weather_api,2026-06-11T10:40:28Z
1,Singapore,2024-09-17,63,27.1,30.2,24.6,31.8,12.3,12.3,14.0,20.6,True,open_meteo_historical_weather_api,2026-06-11T10:40:28Z
1,Singapore,2024-09-18,51,27.4,31.0,25.1,32.1,1.5,1.5,8.0,19.6,True,open_meteo_historical_weather_api,2026-06-11T10:40:28Z
1,Singapore,2024-09-19,51,27.3,30.1,24.0,32.2,1.5,1.5,6.0,15.8,True,open_meteo_historical_weather_api,2026-06-11T10:40:28Z
1,Singapore,2024-09-20,61,27.9,30.6,25.5,33.2,1.8,1.8,5.0,15.5,True,open_meteo_historical_weather_api,2026-06-11T10:40:28Z
1,Singapore,2024-09-21,51,26.7,29.1,24.3,32.3,0.5,0.5,3.0,10.2,True,open_meteo_historical_weather_api,2026-06-11T10:40:28Z
1,Singapore,2024-09-22,3,27.9,32.2,23.0,33.6,0.0,0.0,0.0,10.1,False,open_meteo_historical_weather_api,2026-06-11T10:40:28Z
1,Singapore,2024-09-23,63,28.2,31.5,25.5,34.1,9.4,9.4,9.0,11.7,True,open_meteo_historical_weather_api,2026-06-11T10:40:28Z
1,Singapore,2024-09-24,65,26.3,32.0,23.5,32.2,25.3,25.3,10.0,13.0,True,open_meteo_historical_weather_api,2026-06-11T10:40:28Z
1,Singapore,2024-09-25,63,26.3,30.8,23.6,31.9,8.1,8.1,7.0,10.5,True,open_meteo_historical_weather_api,2026-06-11T10:40:28Z
1,Singapore,2024-09-26,63,24.9,27.0,23.4,29.1,12.0,12.0,12.0,16.2,True,open_meteo_historical_weather_api,2026-06-11T10:40:28Z
1,Singapore,2024-09-27,51,26.5,30.6,21.5,31.4,0.3,0.3,3.0,13.9,True,open_meteo_historical_weather_api,2026-06-11T10:40:28Z
1,Singapore,2024-09-28,55,26.7,31.4,23.7,32.0,3.3,3.3,5.0,19.9,True,open_meteo_historical_weather_api,2026-06-11T10:40:28Z
1,Singapore,2024-09-29,65,26.2,29.9,22.5,32.1,24.2,24.2,10.0,10.6,True,open_meteo_historical_weather_api,2026-06-11T10:40:28Z
1,Singapore,2024-09-30,63,26.6,30.1,23.8,32.3,12.5,12.5,13.0,9.5,True,open_meteo_historical_weather_api,2026-06-11T10:40:28Z
1,Singapore,2024-10-01,61,26.2,29.5,23.7,31.7,6.0,6.0,10.0,12.1,True,open_meteo_historical_weather_api,2026-06-11T10:40:28Z
1,Singapore,2024-10-02,63,26.6,29.6,24.0,32.3,11.9,11.9,11.0,12.6,True,open_meteo_historical_weather_api,2026-06-11T10:40:28Z
1,Singapore,2024-10-03,65,26.4,30.2,24.1,32.0,26.1,26.1,11.0,11.2,True,open_meteo_historical_weather_api,2026-06-11T10:40:28Z
1,Singapore,2024-10-04,65,25.5,30.0,22.8,31.1,33.4,33.4,16.0,12.0,True,open_meteo_historical_weather_api,2026-06-11T10:40:28Z
1,Singapore,2024-10-05,65,25.7,29.6,22.9,31.0,17.5,17.5,5.0,12.0,True,open_meteo_historical_weather_api,2026-06-11T10:40:28Z
1,Singapore,2024-10-06,63,25.8,29.2,23.2,30.9,18.4,18.4,11.0,14.0,True,open_meteo_historical_weather_api,2026-06-11T10:40:28Z
1,Singapore,2024-10-07,3,26.7,30.7,22.8,32.2,0.0,0.0,0.0,13.9,False,open_meteo_historical_weather_api,2026-06-11T10:40:28Z
1,Singapore,2024-10-08,63,26.6,29.3,24.5,32.0,23.7,23.7,11.0,14.5,True,open_meteo_historical_weather_api,2026-06-11T10:40:28Z
1,Singapore,2024-10-09,63,26.3,30.0,23.0,32.1,12.0,12.0,10.0,14.1,True,open_meteo_historical_weather_api,2026-06-11T10:40:28Z
1,Singapore,2024-10-10,63,26.4,29.1,23.0,32.1,14.3,14.3,11.0,12.4,True,open_meteo_historical_weather_api,2026-06-11T10:40:28Z
1,Singapore,2024-10-11,63,26.9,31.3,23.5,32.5,12.1,12.1,10.0,11.2,True,open_meteo_historical_weather_api,2026-06-11T10:40:28Z
1,Singapore,2024-10-12,63,26.1,30.3,23.9,32.0,7.2,7.2,12.0,9.3,True,open_meteo_historical_weather_api,2026-06-11T10:40:28Z
1,Singapore,2024-10-13,65,26.4,30.5,23.4,31.9,11.8,11.8,8.0,12.4,True,open_meteo_historical_weather_api,2026-06-11T10:40:28Z
1,Singapore,2024-10-14,63,25.3,28.0,23.5,30.6,20.0,20.0,15.0,10.1,True,open_meteo_historical_weather_api,2026-06-11T10:40:28Z
1,Singapore,2024-10-15,63,25.8,29.6,22.6,30.7,7.4,7.4,4.0,14.0,True,open_meteo_historical_weather_api,2026-06-11T10:40:28Z
1,Singapore,2024-10-16,55,26.5,29.9,24.2,31.7,1.7,1.7,4.0,11.4,True,open_meteo_historical_weather_api,2026-06-11T10:40:28Z
1,Singapore,2024-10-17,65,26.5,29.9,23.6,32.2,11.8,11.8,6.0,16.4,True,open_meteo_historical_weather_api,2026-06-11T10:40:28Z
1,Singapore,2024-10-18,63,26.3,30.4,23.0,32.0,13.8,13.8,7.0,8.5,True,open_meteo_historical_weather_api,2026-06-11T10:40:28Z
1,Singapore,2024-10-19,63,26.4,31.0,23.0,32.2,6.0,6.0,8.0,9.7,True,open_meteo_historical_weather_api,2026-06-11T10:40:28Z
1,Singapore,2024-10-20,65,26.4,29.6,23.5,31.9,7.7,7.7,2.0,9.9,True,open_meteo_historical_weather_api,2026-06-11T10:40:28Z
1,Singapore,2024-10-21,3,27.6,32.5,24.1,33.1,0.0,0.0,0.0,9.6,False,open_meteo_historical_weather_api,2026-06-11T10:40:28Z
1,Singapore,2024-10-22,51,27.8,31.7,24.5,34.1,0.7,0.7,6.0,7.4,True,open_meteo_historical_weather_api,2026-06-11T10:40:28Z
1,Singapore,2024-10-23,63,27.3,31.6,23.0,33.1,4.2,4.2,4.0,10.4,True,open_meteo_historical_weather_api,2026-06-11T10:40:28Z
1,Singapore,2024-10-24,53,27.3,31.8,23.9,33.0,2.5,2.5,10.0,10.5,True,open_meteo_historical_weather_api,2026-06-11T10:40:28Z
1,Singapore,2024-10-25,61,26.7,30.8,23.0,32.3,3.3,3.3,6.0,13.9,True,open_meteo_historical_weather_api,2026-06-11T10:40:28Z
1,Singapore,2024-10-26,3,27.6,31.9,23.7,33.0,0.0,0.0,0.0,16.0,False,open_meteo_historical_weather_api,2026-06-11T10:40:28Z
1,Singapore,2024-10-27,51,28.0,31.8,24.8,33.7,0.4,0.4,2.0,17.5,True,open_meteo_historical_weather_api,2026-06-11T10:40:28Z
1,Singapore,2024-10-28,63,27.8,30.9,25.9,33.8,4.0,4.0,3.0,17.0,True,open_meteo_historical_weather_api,2026-06-11T10:40:28Z
1,Singapore,2024-10-29,63,27.5,31.4,24.1,33.7,15.1,15.1,8.0,13.0,True,open_meteo_historical_weather_api,2026-06-11T10:40:28Z
1,Singapore,2024-10-30,51,28.0,31.9,24.9,34.1,1.4,1.4,6.0,12.4,True,open_meteo_historical_weather_api,2026-06-11T10:40:28Z
1,Singapore,2024-10-31,63,26.9,30.4,23.4,32.6,12.4,12.4,10.0,12.8,True,open_meteo_historical_weather_api,2026-06-11T10:40:28Z
1,Singapore,2024-11-01,63,27.3,31.4,24.9,33.1,10.8,10.8,8.0,13.0,True,open_meteo_historical_weather_api,2026-06-11T10:40:28Z
1,Singapore,2024-11-02,65,26.0,29.0,23.0,31.1,35.8,35.8,11.0,15.7,True,open_meteo_historical_weather_api,2026-06-11T10:40:28Z
1,Singapore,2024-11-03,63,26.8,31.2,23.9,32.5,12.2,12.2,6.0,11.5,True,open_meteo_historical_weather_api,2026-06-11T10:40:28Z
1,Singapore,2024-11-04,65,25.4,29.6,22.9,30.4,19.3,19.3,5.0,12.3,True,open_meteo_historical_weather_api,2026-06-11T10:40:28Z
1,Singapore,2024-11-05,53,26.5,30.5,22.5,32.2,1.8,1.8,7.0,11.7,True,open_meteo_historical_weather_api,2026-06-11T10:40:28Z
1,Singapore,2024-11-06,65,25.8,30.0,23.2,30.9,16.5,16.5,10.0,12.6,True,open_meteo_historical_weather_api,2026-06-11T10:40:28Z
1,Singapore,2024-11-07,63,25.9,30.1,23.2,31.2,20.6,20.6,15.0,11.7,True,open_meteo_historical_weather_api,2026-06-11T10:40:28Z
1,Singapore,2024-11-08,61,25.6,30.3,22.5,30.8,7.0,7.0,9.0,10.8,True,open_meteo_historical_weather_api,2026-06-11T10:40:28Z
1,Singapore,2024-11-09,65,26.4,30.8,23.1,32.1,15.7,15.7,9.0,8.8,True,open_meteo_historical_weather_api,2026-06-11T10:40:28Z
1,Singapore,2024-11-10,65,26.1,30.4,23.7,31.6,25.0,25.0,9.0,10.1,True,open_meteo_historical_weather_api,2026-06-11T10:40:28Z
1,Singapore,2024-11-11,65,26.0,30.8,22.5,31.7,15.0,15.0,8.0,9.5,True,open_meteo_historical_weather_api,2026-06-11T10:40:28Z
1,Singapore,2024-11-12,65,26.0,30.6,23.1,31.5,20.9,20.9,14.0,11.1,True,open_meteo_historical_weather_api,2026-06-11T10:40:28Z
1,Singapore,2024-11-13,63,25.8,31.8,22.6,31.3,11.6,11.6,7.0,8.1,True,open_meteo_historical_weather_api,2026-06-11T10:40:28Z
1,Singapore,2024-11-14,63,26.5,32.4,23.1,32.3,8.6,8.6,4.0,5.7,True,open_meteo_historical_weather_api,2026-06-11T10:40:28Z
1,Singapore,2024-11-15,65,26.3,32.0,23.1,32.1,14.8,14.8,6.0,7.4,True,open_meteo_historical_weather_api,2026-06-11T10:40:28Z
1,Singapore,2024-11-16,65,25.9,29.9,23.6,31.5,19.1,19.1,9.0,8.1,True,open_meteo_historical_weather_api,2026-06-11T10:40:28Z
1,Singapore,2024-11-17,61,26.0,31.8,23.2,31.6,4.8,4.8,10.0,9.5,True,open_meteo_historical_weather_api,2026-06-11T10:40:28Z
1,Singapore,2024-11-18,63,25.3,30.0,23.2,30.4,6.1,6.1,10.0,15.7,True,open_meteo_historical_weather_api,2026-06-11T10:40:28Z
1,Singapore,2024-11-19,65,24.4,26.2,23.0,29.6,33.7,33.7,24.0,8.4,True,open_meteo_historical_weather_api,2026-06-11T10:40:28Z
1,Singapore,2024-11-20,61,25.0,29.2,23.1,29.8,6.7,6.7,14.0,13.9,True,open_meteo_historical_weather_api,2026-06-11T10:40:28Z
1,Singapore,2024-11-21,65,25.6,31.1,22.8,31.4,26.7,26.7,14.0,9.1,True,open_meteo_historical_weather_api,2026-06-11T10:40:28Z
1,Singapore,2024-11-22,65,25.7,29.5,23.4,31.1,16.0,16.0,13.0,10.8,True,open_meteo_historical_weather_api,2026-06-11T10:40:28Z
1,Singapore,2024-11-23,63,26.0,31.8,23.5,31.6,24.3,24.3,14.0,8.5,True,open_meteo_historical_weather_api,2026-06-11T10:40:28Z
1,Singapore,2024-11-24,63,26.1,30.8,23.2,31.7,13.5,13.5,10.0,9.4,True,open_meteo_historical_weather_api,2026-06-11T10:40:28Z
1,Singapore,2024-11-25,65,26.6,31.9,23.9,32.5,16.1,16.1,8.0,7.9,True,open_meteo_historical_weather_api,2026-06-11T10:40:28Z
1,Singapore,2024-11-26,65,26.0,31.4,23.8,31.7,33.6,33.6,11.0,11.4,True,open_meteo_historical_weather_api,2026-06-11T10:40:28Z
1,Singapore,2024-11-27,63,24.5,27.0,23.3,29.8,39.0,39.0,23.0,11.7,True,open_meteo_historical_weather_api,2026-06-11T10:40:28Z
1,Singapore,2024-11-28,65,25.2,30.0,23.0,30.9,46.0,46.0,22.0,7.4,True,open_meteo_historical_weather_api,2026-06-11T10:40:28Z
1,Singapore,2024-11-29,63,24.4,26.1,23.4,29.6,14.9,14.9,18.0,8.9,True,open_meteo_historical_weather_api,2026-06-11T10:40:28Z
1,Singapore,2024-11-30,51,26.8,31.5,22.9,32.0,0.6,0.6,3.0,7.3,True,open_meteo_historical_weather_api,2026-06-11T10:40:28Z
1,Singapore,2024-12-01,65,26.3,30.3,23.7,31.6,10.8,10.8,7.0,12.2,True,open_meteo_historical_weather_api,2026-06-11T10:40:28Z
1,Singapore,2024-12-02,65,25.9,30.0,23.8,31.4,44.9,44.9,13.0,8.7,True,open_meteo_historical_weather_api,2026-06-11T10:40:28Z
1,Singapore,2024-12-03,63,25.8,30.5,23.2,31.6,8.3,8.3,11.0,6.4,True,open_meteo_historical_weather_api,2026-06-11T10:40:28Z
1,Singapore,2024-12-04,51,26.4,29.8,23.8,31.4,1.1,1.1,4.0,9.2,True,open_meteo_historical_weather_api,2026-06-11T10:40:28Z
1,Singapore,2024-12-05,51,27.5,31.7,23.8,31.8,0.3,0.3,1.0,18.3,True,open_meteo_historical_weather_api,2026-06-11T10:40:28Z
1,Singapore,2024-12-06,51,28.3,33.5,24.5,33.3,0.2,0.2,1.0,12.1,True,open_meteo_historical_weather_api,2026-06-11T10:40:28Z
1,Singapore,2024-12-07,51,28.2,33.2,24.2,33.2,0.3,0.3,2.0,13.9,True,open_meteo_historical_weather_api,2026-06-11T10:40:28Z
1,Singapore,2024-12-08,63,27.5,32.5,24.4,32.5,7.4,7.4,6.0,16.2,True,open_meteo_historical_weather_api,2026-06-11T10:40:28Z
1,Singapore,2024-12-09,63,25.9,29.4,23.7,30.4,6.1,6.1,8.0,18.2,True,open_meteo_historical_weather_api,2026-06-11T10:40:28Z
1,Singapore,2024-12-10,61,26.1,29.6,24.0,30.4,7.6,7.6,10.0,16.7,True,open_meteo_historical_weather_api,2026-06-11T10:40:28Z
1,Singapore,2024-12-11,63,26.9,31.2,23.8,31.6,7.5,7.5,10.0,9.8,True,open_meteo_historical_weather_api,2026-06-11T10:40:28Z
1,Singapore,2024-12-12,65,26.7,32.3,23.9,31.9,32.5,32.5,13.0,13.0,True,open_meteo_historical_weather_api,2026-06-11T10:40:28Z
1,Singapore,2024-12-13,61,26.5,30.3,23.9,31.7,3.3,3.3,7.0,11.7,True,open_meteo_historical_weather_api,2026-06-11T10:40:28Z
1,Singapore,2024-12-14,63,27.0,31.9,23.7,32.6,7.4,7.4,11.0,11.9,True,open_meteo_historical_weather_api,2026-06-11T10:40:28Z
1,Singapore,2024-12-15,51,27.8,32.2,24.1,33.2,0.9,0.9,6.0,7.4,True,open_meteo_historical_weather_api,2026-06-11T10:40:28Z
1,Singapore,2024-12-16,63,26.4,32.2,23.9,31.6,8.9,8.9,9.0,13.6,True,open_meteo_historical_weather_api,2026-06-11T10:40:28Z
1,Singapore,2024-12-17,63,26.5,31.5,24.0,31.5,7.5,7.5,8.0,12.4,True,open_meteo_historical_weather_api,2026-06-11T10:40:28Z
1,Singapore,2024-12-18,63,25.4,28.1,23.7,30.0,20.5,20.5,16.0,14.6,True,open_meteo_historical_weather_api,2026-06-11T10:40:28Z
1,Singapore,2024-12-19,63,25.9,29.4,23.7,30.3,5.4,5.4,7.0,16.6,True,open_meteo_historical_weather_api,2026-06-11T10:40:28Z
1,Singapore,2024-12-20,53,26.3,29.5,23.9,30.3,0.9,0.9,3.0,17.5,True,open_meteo_historical_weather_api,2026-06-11T10:40:28Z
1,Singapore,2024-12-21,63,25.8,29.5,22.9,30.5,11.5,11.5,9.0,15.2,True,open_meteo_historical_weather_api,2026-06-11T10:40:28Z
1,Singapore,2024-12-22,53,26.6,31.1,23.4,31.0,1.7,1.7,7.0,14.0,True,open_meteo_historical_weather_api,2026-06-11T10:40:28Z
1,Singapore,2024-12-23,65,26.2,30.7,23.6,30.8,25.7,25.7,10.0,11.5,True,open_meteo_historical_weather_api,2026-06-11T10:40:28Z
1,Singapore,2024-12-24,61,25.7,29.6,22.9,30.4,12.1,12.1,16.0,12.6,True,open_meteo_historical_weather_api,2026-06-11T10:40:28Z
1,Singapore,2024-12-25,61,25.6,29.5,23.0,30.3,7.4,7.4,10.0,11.6,True,open_meteo_historical_weather_api,2026-06-11T10:40:28Z
1,Singapore,2024-12-26,63,26.3,30.7,22.5,30.8,6.1,6.1,6.0,9.9,True,open_meteo_historical_weather_api,2026-06-11T10:40:28Z
1,Singapore,2024-12-27,53,26.7,31.1,23.2,31.4,1.6,1.6,5.0,9.2,True,open_meteo_historical_weather_api,2026-06-11T10:40:28Z
1,Singapore,2024-12-28,51,27.0,31.6,23.5,31.9,1.1,1.1,5.0,12.8,True,open_meteo_historical_weather_api,2026-06-11T10:40:28Z
1,Singapore,2024-12-29,61,26.6,32.2,23.5,31.6,5.2,5.2,8.0,13.6,True,open_meteo_historical_weather_api,2026-06-11T10:40:28Z
1,Singapore,2024-12-30,61,25.7,30.5,23.1,30.4,5.6,5.6,11.0,13.4,True,open_meteo_historical_weather_api,2026-06-11T10:40:28Z
1,Singapore,2024-12-31,65,25.7,31.5,23.0,30.6,12.8,12.8,8.0,13.2,True,open_meteo_historical_weather_api,2026-06-11T10:40:28Z
2,Jakarta,2024-01-01,63,26.8,31.7,24.1,32.7,11.0,11.0,11.0,10.9,True,open_meteo_historical_weather_api,2026-06-11T10:40:28Z
2,Jakarta,2024-01-02,63,27.4,32.0,24.0,33.1,8.4,8.4,9.0,10.2,True,open_meteo_historical_weather_api,2026-06-11T10:40:28Z
2,Jakarta,2024-01-03,63,25.8,28.1,23.9,31.1,29.5,29.5,16.0,8.7,True,open_meteo_historical_weather_api,2026-06-11T10:40:28Z
2,Jakarta,2024-01-04,65,25.2,28.2,23.5,30.3,59.8,59.8,23.0,15.1,True,open_meteo_historical_weather_api,2026-06-11T10:40:28Z
2,Jakarta,2024-01-05,63,26.6,31.9,23.5,32.0,15.9,15.9,15.0,10.8,True,open_meteo_historical_weather_api,2026-06-11T10:40:28Z
2,Jakarta,2024-01-06,63,26.8,31.4,23.2,32.4,9.6,9.6,12.0,8.8,True,open_meteo_historical_weather_api,2026-06-11T10:40:28Z
2,Jakarta,2024-01-07,63,26.0,31.6,23.6,31.7,12.4,12.4,7.0,11.9,True,open_meteo_historical_weather_api,2026-06-11T10:40:28Z
2,Jakarta,2024-01-08,63,26.3,30.0,24.1,32.2,13.5,13.5,12.0,7.7,True,open_meteo_historical_weather_api,2026-06-11T10:40:28Z
2,Jakarta,2024-01-09,61,27.4,33.2,23.9,33.1,2.7,2.7,3.0,8.4,True,open_meteo_historical_weather_api,2026-06-11T10:40:28Z
2,Jakarta,2024-01-10,65,26.8,31.8,24.2,32.7,20.4,20.4,9.0,12.7,True,open_meteo_historical_weather_api,2026-06-11T10:40:28Z
2,Jakarta,2024-01-11,65,26.8,32.5,24.5,32.6,14.5,14.5,14.0,11.6,True,open_meteo_historical_weather_api,2026-06-11T10:40:28Z
2,Jakarta,2024-01-12,53,27.7,32.8,24.1,32.9,1.4,1.4,4.0,12.3,True,open_meteo_historical_weather_api,2026-06-11T10:40:28Z
2,Jakarta,2024-01-13,53,27.6,32.2,24.5,32.8,1.7,1.7,7.0,13.2,True,open_meteo_historical_weather_api,2026-06-11T10:40:28Z
2,Jakarta,2024-01-14,63,26.9,32.1,24.0,32.8,7.8,7.8,6.0,10.8,True,open_meteo_historical_weather_api,2026-06-11T10:40:28Z
2,Jakarta,2024-01-15,55,27.4,31.8,24.1,33.1,2.8,2.8,8.0,10.4,True,open_meteo_historical_weather_api,2026-06-11T10:40:28Z
2,Jakarta,2024-01-16,51,27.8,32.2,24.1,32.5,0.3,0.3,3.0,15.3,True,open_meteo_historical_weather_api,2026-06-11T10:40:28Z
2,Jakarta,2024-01-17,63,27.3,31.9,24.9,32.2,4.5,4.5,8.0,13.6,True,open_meteo_historical_weather_api,2026-06-11T10:40:28Z
2,Jakarta,2024-01-18,55,27.2,31.9,24.6,31.7,2.6,2.6,10.0,21.3,True,open_meteo_historical_weather_api,2026-06-11T10:40:28Z
2,Jakarta,2024-01-19,63,25.7,27.9,24.6,29.3,13.8,13.8,12.0,20.2,True,open_meteo_historical_weather_api,2026-06-11T10:40:28Z
2,Jakarta,2024-01-20,3,28.1,32.8,24.2,31.3,0.0,0.0,0.0,25.4,False,open_meteo_historical_weather_api,2026-06-11T10:40:28Z
2,Jakarta,2024-01-21,63,27.6,31.7,24.9,31.7,5.7,5.7,4.0,18.4,True,open_meteo_historical_weather_api,2026-06-11T10:40:28Z
2,Jakarta,2024-01-22,51,28.2,32.0,25.1,31.5,0.6,0.6,4.0,18.9,True,open_meteo_historical_weather_api,2026-06-11T10:40:28Z
2,Jakarta,2024-01-23,51,28.4,32.2,25.4,32.6,0.5,0.5,4.0,16.4,True,open_meteo_historical_weather_api,2026-06-11T10:40:28Z
2,Jakarta,2024-01-24,53,27.9,31.6,24.4,32.2,1.5,1.5,5.0,19.1,True,open_meteo_historical_weather_api,2026-06-11T10:40:28Z
2,Jakarta,2024-01-25,51,28.1,32.8,23.9,33.2,1.1,1.1,4.0,16.7,True,open_meteo_historical_weather_api,2026-06-11T10:40:28Z
2,Jakarta,2024-01-26,61,26.6,30.0,23.6,31.7,4.0,4.0,10.0,13.3,True,open_meteo_historical_weather_api,2026-06-11T10:40:28Z
2,Jakarta,2024-01-27,63,26.1,30.2,23.2,31.2,27.1,27.1,23.0,10.6,True,open_meteo_historical_weather_api,2026-06-11T10:40:28Z
2,Jakarta,2024-01-28,65,25.8,30.3,23.2,30.8,25.8,25.8,20.0,11.8,True,open_meteo_historical_weather_api,2026-06-11T10:40:28Z
2,Jakarta,2024-01-29,63,25.8,29.5,23.2,31.1,21.4,21.4,22.0,10.4,True,open_meteo_historical_weather_api,2026-06-11T10:40:28Z
2,Jakarta,2024-01-30,61,26.4,29.8,23.5,31.5,11.5,11.5,20.0,13.9,True,open_meteo_historical_weather_api,2026-06-11T10:40:28Z
2,Jakarta,2024-01-31,63,26.1,29.6,23.7,31.5,20.6,20.6,17.0,10.2,True,open_meteo_historical_weather_api,2026-06-11T10:40:28Z
2,Jakarta,2024-02-01,65,26.8,30.9,24.5,32.3,13.1,13.1,12.0,12.8,True,open_meteo_historical_weather_api,2026-06-11T10:40:28Z
2,Jakarta,2024-02-02,65,27.0,32.8,24.0,32.5,11.8,11.8,6.0,13.0,True,open_meteo_historical_weather_api,2026-06-11T10:40:28Z
2,Jakarta,2024-02-03,63,26.1,30.1,24.2,31.1,12.0,12.0,15.0,12.1,True,open_meteo_historical_weather_api,2026-06-11T10:40:28Z
2,Jakarta,2024-02-04,55,26.9,31.7,24.1,32.0,2.2,2.2,6.0,11.9,True,open_meteo_historical_weather_api,2026-06-11T10:40:28Z
2,Jakarta,2024-02-05,63,26.4,29.9,24.2,31.8,5.2,5.2,14.0,12.5,True,open_meteo_historical_weather_api,2026-06-11T10:40:28Z
2,Jakarta,2024-02-06,63,25.9,29.0,24.0,30.9,8.3,8.3,13.0,13.1,True,open_meteo_historical_weather_api,2026-06-11T10:40:28Z
2,Jakarta,2024-02-07,61,26.6,31.8,24.1,31.6,3.0,3.0,5.0,16.3,True,open_meteo_historical_weather_api,2026-06-11T10:40:28Z
2,Jakarta,2024-02-08,63,27.1,32.0,22.9,32.7,4.5,4.5,4.0,10.7,True,open_meteo_historical_weather_api,2026-06-11T10:40:28Z
2,Jakarta,2024-02-09,55,27.4,32.4,23.5,33.3,4.5,4.5,9.0,10.6,True,open_meteo_historical_weather_api,2026-06-11T10:40:28Z
2,Jakarta,2024-02-10,63,26.5,30.7,23.9,32.0,5.8,5.8,9.0,12.3,True,open_meteo_historical_weather_api,2026-06-11T10:40:28Z
2,Jakarta,2024-02-11,61,26.9,32.1,23.6,32.2,9.4,9.4,10.0,15.6,True,open_meteo_historical_weather_api,2026-06-11T10:40:28Z
2,Jakarta,2024-02-12,61,27.0,31.4,23.5,32.3,6.8,6.8,12.0,13.8,True,open_meteo_historical_weather_api,2026-06-11T10:40:28Z
2,Jakarta,2024-02-13,63,27.1,31.5,23.8,32.5,9.2,9.2,14.0,13.8,True,open_meteo_historical_weather_api,2026-06-11T10:40:28Z
2,Jakarta,2024-02-14,63,26.7,30.6,24.0,32.5,18.7,18.7,16.0,8.3,True,open_meteo_historical_weather_api,2026-06-11T10:40:28Z
2,Jakarta,2024-02-15,63,27.3,31.8,24.5,33.4,11.1,11.1,12.0,12.9,True,open_meteo_historical_weather_api,2026-06-11T10:40:28Z
2,Jakarta,2024-02-16,63,26.6,29.8,24.5,32.4,12.1,12.1,15.0,11.2,True,open_meteo_historical_weather_api,2026-06-11T10:40:28Z
2,Jakarta,2024-02-17,63,26.4,30.0,23.7,31.9,15.4,15.4,22.0,16.1,True,open_meteo_historical_weather_api,2026-06-11T10:40:28Z
2,Jakarta,2024-02-18,53,26.9,30.0,24.3,32.6,2.4,2.4,11.0,9.6,True,open_meteo_historical_weather_api,2026-06-11T10:40:28Z
2,Jakarta,2024-02-19,61,27.1,31.1,24.0,33.0,5.5,5.5,9.0,11.2,True,open_meteo_historical_weather_api,2026-06-11T10:40:28Z
2,Jakarta,2024-02-20,3,27.8,32.4,23.8,33.9,0.0,0.0,0.0,12.6,False,open_meteo_historical_weather_api,2026-06-11T10:40:28Z
2,Jakarta,2024-02-21,63,27.2,30.9,24.6,32.9,10.1,10.1,9.0,12.0,True,open_meteo_historical_weather_api,2026-06-11T10:40:28Z
2,Jakarta,2024-02-22,51,28.3,32.5,24.8,33.6,0.2,0.2,1.0,12.8,True,open_meteo_historical_weather_api,2026-06-11T10:40:28Z
2,Jakarta,2024-02-23,53,28.8,33.3,25.3,33.7,0.8,0.8,3.0,14.3,True,open_meteo_historical_weather_api,2026-06-11T10:40:28Z
2,Jakarta,2024-02-24,63,26.9,31.5,25.0,32.8,12.6,12.6,15.0,9.3,True,open_meteo_historical_weather_api,2026-06-11T10:40:28Z
2,Jakarta,2024-02-25,63,26.4,30.6,23.3,32.0,22.0,22.0,19.0,13.1,True,open_meteo_historical_weather_api,2026-06-11T10:40:28Z
2,Jakarta,2024-02-26,55,27.2,31.1,24.1,32.9,6.4,6.4,15.0,13.0,True,open_meteo_historical_weather_api,2026-06-11T10:40:28Z
2,Jakarta,2024-02-27,63,27.4,30.9,24.5,33.3,6.5,6.5,9.0,11.4,True,open_meteo_historical_weather_api,2026-06-11T10:40:28Z
2,Jakarta,2024-02-28,63,25.8,29.1,23.6,31.3,34.6,34.6,17.0,7.7,True,open_meteo_historical_weather_api,2026-06-11T10:40:28Z
2,Jakarta,2024-02-29,63,26.4,30.0,24.6,32.2,11.3,11.3,11.0,6.6,True,open_meteo_historical_weather_api,2026-06-11T10:40:28Z
2,Jakarta,2024-03-01,63,27.3,31.9,24.4,33.2,7.6,7.6,12.0,12.3,True,open_meteo_historical_weather_api,2026-06-11T10:40:28Z
2,Jakarta,2024-03-02,63,26.7,30.0,24.8,32.6,12.2,12.2,19.0,10.7,True,open_meteo_historical_weather_api,2026-06-11T10:40:28Z
2,Jakarta,2024-03-03,63,26.6,31.0,24.0,32.5,7.3,7.3,9.0,10.5,True,open_meteo_historical_weather_api,2026-06-11T10:40:28Z
2,Jakarta,2024-03-04,63,27.7,32.8,24.8,33.1,6.0,6.0,8.0,14.3,True,open_meteo_historical_weather_api,2026-06-11T10:40:28Z
2,Jakarta,2024-03-05,63,27.7,32.2,24.9,32.7,11.8,11.8,6.0,16.6,True,open_meteo_historical_weather_api,2026-06-11T10:40:28Z
2,Jakarta,2024-03-06,63,27.8,31.5,25.6,32.9,8.7,8.7,8.0,14.9,True,open_meteo_historical_weather_api,2026-06-11T10:40:28Z
2,Jakarta,2024-03-07,63,27.6,32.2,25.5,32.5,7.2,7.2,5.0,15.3,True,open_meteo_historical_weather_api,2026-06-11T10:40:28Z
2,Jakarta,2024-03-08,63,27.2,31.1,25.5,31.6,8.5,8.5,10.0,20.6,True,open_meteo_historical_weather_api,2026-06-11T10:40:28Z
2,Jakarta,2024-03-09,63,25.8,28.1,24.4,31.0,9.5,9.5,15.0,12.8,True,open_meteo_historical_weather_api,2026-06-11T10:40:28Z
2,Jakarta,2024-03-10,53,26.4,30.5,23.9,31.7,3.8,3.8,15.0,12.7,True,open_meteo_historical_weather_api,2026-06-11T10:40:28Z
2,Jakarta,2024-03-11,65,26.1,30.0,23.6,31.0,37.5,37.5,20.0,17.3,True,open_meteo_historical_weather_api,2026-06-11T10:40:28Z
2,Jakarta,2024-03-12,63,26.5,30.7,23.5,31.3,8.5,8.5,15.0,16.8,True,open_meteo_historical_weather_api,2026-06-11T10:40:28Z
2,Jakarta,2024-03-13,63,26.0,31.0,23.9,31.0,24.6,24.6,21.0,20.7,True,open_meteo_historical_weather_api,2026-06-11T10:40:28Z
2,Jakarta,2024-03-14,63,25.8,30.0,23.8,30.3,8.7,8.7,19.0,18.7,True,open_meteo_historical_weather_api,2026-06-11T10:40:28Z
2,Jakarta,2024-03-15,55,26.4,29.9,24.1,31.1,4.5,4.5,16.0,16.3,True,open_meteo_historical_weather_api,2026-06-11T10:40:28Z
2,Jakarta,2024-03-16,61,26.2,29.7,24.0,30.1,5.3,5.3,8.0,17.6,True,open_meteo_historical_weather_api,2026-06-11T10:40:28Z
2,Jakarta,2024-03-17,55,26.6,30.2,24.0,30.6,3.3,3.3,10.0,16.9,True,open_meteo_historical_weather_api,2026-06-11T10:40:28Z
2,Jakarta,2024-03-18,53,27.7,31.5,23.9,31.8,1.0,1.0,5.0,16.6,True,open_meteo_historical_weather_api,2026-06-11T10:40:28Z
2,Jakarta,2024-03-19,51,28.2,32.5,24.7,32.1,0.4,0.4,4.0,20.0,True,open_meteo_historical_weather_api,2026-06-11T10:40:28Z
2,Jakarta,2024-03-20,3,27.7,32.8,22.0,31.5,0.0,0.0,0.0,16.6,False,open_meteo_historical_weather_api,2026-06-11T10:40:28Z
2,Jakarta,2024-03-21,61,26.7,29.9,22.5,31.3,4.6,4.6,9.0,15.1,True,open_meteo_historical_weather_api,2026-06-11T10:40:28Z
2,Jakarta,2024-03-22,63,26.2,30.8,23.5,31.8,10.4,10.4,13.0,6.5,True,open_meteo_historical_weather_api,2026-06-11T10:40:28Z
2,Jakarta,2024-03-23,61,27.7,32.7,23.6,33.9,5.2,5.2,6.0,12.7,True,open_meteo_historical_weather_api,2026-06-11T10:40:28Z
2,Jakarta,2024-03-24,63,27.1,32.1,24.0,32.7,9.2,9.2,13.0,13.9,True,open_meteo_historical_weather_api,2026-06-11T10:40:28Z
2,Jakarta,2024-03-25,65,26.6,31.6,23.9,32.4,19.6,19.6,11.0,15.1,True,open_meteo_historical_weather_api,2026-06-11T10:40:28Z
2,Jakarta,2024-03-26,51,27.6,32.5,23.9,33.2,1.1,1.1,6.0,10.2,True,open_meteo_historical_weather_api,2026-06-11T10:40:28Z
2,Jakarta,2024-03-27,63,26.4,31.4,23.8,32.4,16.6,16.6,15.0,11.9,True,open_meteo_historical_weather_api,2026-06-11T10:40:28Z
2,Jakarta,2024-03-28,63,26.9,31.9,23.9,32.9,6.6,6.6,10.0,12.5,True,open_meteo_historical_weather_api,2026-06-11T10:40:28Z
2,Jakarta,2024-03-29,63,27.0,32.4,23.5,32.9,5.6,5.6,7.0,14.5,True,open_meteo_historical_weather_api,2026-06-11T10:40:28Z
2,Jakarta,2024-03-30,63,27.4,32.7,24.0,33.5,8.1,8.1,8.0,10.8,True,open_meteo_historical_weather_api,2026-06-11T10:40:28Z
2,Jakarta,2024-03-31,63,27.2,31.9,23.8,33.2,11.8,11.8,8.0,10.4,True,open_meteo_historical_weather_api,2026-06-11T10:40:28Z
2,Jakarta,2024-04-01,61,27.2,31.6,24.0,33.4,3.7,3.7,9.0,11.8,True,open_meteo_historical_weather_api,2026-06-11T10:40:28Z
2,Jakarta,2024-04-02,63,27.4,32.2,24.6,33.9,4.2,4.2,5.0,7.6,True,open_meteo_historical_weather_api,2026-06-11T10:40:28Z
2,Jakarta,2024-04-03,65,26.8,31.5,24.8,33.1,14.9,14.9,12.0,7.2,True,open_meteo_historical_weather_api,2026-06-11T10:40:28Z
2,Jakarta,2024-04-04,61,27.5,32.5,24.5,33.8,5.0,5.0,7.0,9.4,True,open_meteo_historical_weather_api,2026-06-11T10:40:28Z
2,Jakarta,2024-04-05,63,27.7,33.2,24.5,34.3,9.6,9.6,10.0,6.2,True,open_meteo_historical_weather_api,2026-06-11T10:40:28Z
2,Jakarta,2024-04-06,63,27.7,32.1,24.8,34.6,6.9,6.9,8.0,4.9,True,open_meteo_historical_weather_api,2026-06-11T10:40:28Z
2,Jakarta,2024-04-07,63,28.1,32.6,24.8,34.4,6.0,6.0,8.0,10.8,True,open_meteo_historical_weather_api,2026-06-11T10:40:28Z
2,Jakarta,2024-04-08,51,28.2,33.1,23.1,34.2,0.8,0.8,5.0,10.2,True,open_meteo_historical_weather_api,2026-06-11T10:40:28Z
2,Jakarta,2024-04-09,65,27.7,32.2,24.5,34.0,12.1,12.1,10.0,9.1,True,open_meteo_historical_weather_api,2026-06-11T10:40:28Z
2,Jakarta,2024-04-10,55,27.5,33.2,23.7,33.5,1.5,1.5,2.0,10.8,True,open_meteo_historical_weather_api,2026-06-11T10:40:28Z
2,Jakarta,2024-04-11,61,27.5,31.6,24.6,33.7,6.6,6.6,10.0,8.8,True,open_meteo_historical_weather_api,2026-06-11T10:40:28Z
2,Jakarta,2024-04-12,63,26.2,30.9,24.0,32.0,22.9,22.9,20.0,11.0,True,open_meteo_historical_weather_api,2026-06-11T10:40:28Z
2,Jakarta,2024-04-13,63,27.6,31.9,24.3,33.8,6.5,6.5,12.0,9.8,True,open_meteo_historical_weather_api,2026-06-11T10:40:28Z
2,Jakarta,2024-04-14,51,27.0,31.8,24.0,32.9,3.1,3.1,14.0,11.3,True,open_meteo_historical_weather_api,2026-06-11T10:40:28Z
2,Jakarta,2024-04-15,63,27.5,31.6,24.4,33.6,6.7,6.7,10.0,11.4,True,open_meteo_historical_weather_api,2026-06-11T10:40:28Z
2,Jakarta,2024-04-16,63,27.9,32.2,24.9,34.0,5.3,5.3,12.0,14.4,True,open_meteo_historical_weather_api,2026-06-11T10:40:28Z
2,Jakarta,2024-04-17,63,26.8,31.9,24.1,32.7,8.5,8.5,9.0,14.3,True,open_meteo_historical_weather_api,2026-06-11T10:40:28Z
2,Jakarta,2024-04-18,63,27.0,31.8,23.8,33.1,8.0,8.0,11.0,8.7,True,open_meteo_historical_weather_api,2026-06-11T10:40:28Z
2,Jakarta,2024-04-19,63,27.2,31.9,24.1,33.3,4.8,4.8,9.0,10.3,True,open_meteo_historical_weather_api,2026-06-11T10:40:28Z
2,Jakarta,2024-04-20,65,27.4,32.5,24.8,33.5,14.1,14.1,8.0,13.6,True,open_meteo_historical_weather_api,2026-06-11T10:40:28Z
2,Jakarta,2024-04-21,63,26.7,31.4,24.2,32.9,28.5,28.5,13.0,8.6,True,open_meteo_historical_weather_api,2026-06-11T10:40:28Z
2,Jakarta,2024-04-22,61,27.8,32.5,23.8,34.0,2.9,2.9,7.0,8.9,True,open_meteo_historical_weather_api,2026-06-11T10:40:28Z
2,Jakarta,2024-04-23,63,27.5,31.4,25.0,33.8,12.3,12.3,12.0,9.5,True,open_meteo_historical_weather_api,2026-06-11T10:40:28Z
2,Jakarta,2024-04-24,65,27.5,32.5,24.2,33.8,16.3,16.3,12.0,8.7,True,open_meteo_historical_weather_api,2026-06-11T10:40:28Z
2,Jakarta,2024-04-25,63,27.1,30.9,24.4,33.2,20.1,20.1,19.0,8.9,True,open_meteo_historical_weather_api,2026-06-11T10:40:28Z
2,Jakarta,2024-04-26,63,27.3,32.9,24.4,33.5,11.5,11.5,14.0,11.0,True,open_meteo_historical_weather_api,2026-06-11T10:40:28Z
2,Jakarta,2024-04-27,63,27.0,32.4,24.7,33.0,26.4,26.4,11.0,14.3,True,open_meteo_historical_weather_api,2026-06-11T10:40:28Z
2,Jakarta,2024-04-28,51,28.0,33.0,24.0,33.9,0.3,0.3,2.0,11.5,True,open_meteo_historical_weather_api,2026-06-11T10:40:28Z
2,Jakarta,2024-04-29,63,28.6,33.3,24.4,34.2,3.6,3.6,4.0,13.7,True,open_meteo_historical_weather_api,2026-06-11T10:40:28Z
2,Jakarta,2024-04-30,63,28.0,32.4,24.9,34.0,8.6,8.6,14.0,8.3,True,open_meteo_historical_weather_api,2026-06-11T10:40:28Z
2,Jakarta,2024-05-01,65,27.2,30.8,24.0,33.5,13.9,13.9,19.0,8.1,True,open_meteo_historical_weather_api,2026-06-11T10:40:28Z
2,Jakarta,2024-05-02,63,27.7,32.7,24.5,33.6,12.0,12.0,14.0,9.5,True,open_meteo_historical_weather_api,2026-06-11T10:40:28Z
2,Jakarta,2024-05-03,63,27.7,32.9,24.6,33.8,9.3,9.3,10.0,12.8,True,open_meteo_historical_weather_api,2026-06-11T10:40:28Z
2,Jakarta,2024-05-04,53,28.1,33.5,24.2,33.9,1.7,1.7,3.0,8.2,True,open_meteo_historical_weather_api,2026-06-11T10:40:28Z
2,Jakarta,2024-05-05,55,28.0,32.4,23.8,34.0,2.3,2.3,7.0,9.1,True,open_meteo_historical_weather_api,2026-06-11T10:40:28Z
2,Jakarta,2024-05-06,63,27.7,32.0,24.6,33.3,12.4,12.4,9.0,11.7,True,open_meteo_historical_weather_api,2026-06-11T10:40:28Z
2,Jakarta,2024-05-07,51,28.7,33.0,24.2,34.2,0.3,0.3,3.0,5.9,True,open_meteo_historical_weather_api,2026-06-11T10:40:28Z
2,Jakarta,2024-05-08,51,28.3,32.2,24.9,33.9,0.9,0.9,4.0,9.2,True,open_meteo_historical_weather_api,2026-06-11T10:40:28Z
2,Jakarta,2024-05-09,61,27.8,32.3,24.0,33.5,5.9,5.9,9.0,10.6,True,open_meteo_historical_weather_api,2026-06-11T10:40:28Z
2,Jakarta,2024-05-10,63,28.3,32.8,24.5,33.9,7.6,7.6,10.0,13.1,True,open_meteo_historical_weather_api,2026-06-11T10:40:28Z
2,Jakarta,2024-05-11,61,27.6,33.7,24.2,33.5,4.3,4.3,6.0,13.8,True,open_meteo_historical_weather_api,2026-06-11T10:40:28Z
2,Jakarta,2024-05-12,51,28.4,34.3,24.0,34.0,0.9,0.9,6.0,11.7,True,open_meteo_historical_weather_api,2026-06-11T10:40:28Z
2,Jakarta,2024-05-13,65,27.2,31.6,24.6,33.4,33.1,33.1,13.0,9.5,True,open_meteo_historical_weather_api,2026-06-11T10:40:28Z
2,Jakarta,2024-05-14,53,27.0,31.1,24.1,33.2,1.2,1.2,4.0,10.1,True,open_meteo_historical_weather_api,2026-06-11T10:40:28Z
2,Jakarta,2024-05-15,53,28.7,33.2,24.8,34.5,1.0,1.0,3.0,11.5,True,open_meteo_historical_weather_api,2026-06-11T10:40:28Z
2,Jakarta,2024-05-16,61,27.9,32.7,24.2,33.9,4.3,4.3,9.0,8.7,True,open_meteo_historical_weather_api,2026-06-11T10:40:28Z
2,Jakarta,2024-05-17,51,28.1,33.1,24.4,33.9,0.3,0.3,2.0,10.8,True,open_meteo_historical_weather_api,2026-06-11T10:40:28Z
2,Jakarta,2024-05-18,63,28.0,33.2,24.6,33.7,5.0,5.0,4.0,11.3,True,open_meteo_historical_weather_api,2026-06-11T10:40:28Z
2,Jakarta,2024-05-19,61,28.1,33.5,23.9,33.8,3.3,3.3,8.0,14.0,True,open_meteo_historical_weather_api,2026-06-11T10:40:28Z
2,Jakarta,2024-05-20,51,28.6,34.2,24.5,34.1,0.1,0.1,1.0,10.9,True,open_meteo_historical_weather_api,2026-06-11T10:40:28Z
2,Jakarta,2024-05-21,63,28.4,32.8,24.4,34.1,8.2,8.2,8.0,11.1,True,open_meteo_historical_weather_api,2026-06-11T10:40:28Z
2,Jakarta,2024-05-22,63,27.3,32.4,24.9,33.2,10.0,10.0,11.0,10.7,True,open_meteo_historical_weather_api,2026-06-11T10:40:28Z
2,Jakarta,2024-05-23,63,26.7,30.6,23.9,32.4,11.7,11.7,12.0,11.6,True,open_meteo_historical_weather_api,2026-06-11T10:40:28Z
2,Jakarta,2024-05-24,63,26.6,31.6,24.4,32.5,15.8,15.8,15.0,8.6,True,open_meteo_historical_weather_api,2026-06-11T10:40:28Z
2,Jakarta,2024-05-25,65,25.2,26.0,24.5,30.8,41.0,41.0,19.0,7.3,True,open_meteo_historical_weather_api,2026-06-11T10:40:28Z
2,Jakarta,2024-05-26,3,28.2,32.6,24.6,34.0,0.0,0.0,0.0,10.3,False,open_meteo_historical_weather_api,2026-06-11T10:40:28Z
2,Jakarta,2024-05-27,53,28.6,33.5,24.5,34.7,0.8,0.8,3.0,9.2,True,open_meteo_historical_weather_api,2026-06-11T10:40:28Z
2,Jakarta,2024-05-28,63,28.0,33.0,24.5,34.0,5.0,5.0,5.0,14.0,True,open_meteo_historical_weather_api,2026-06-11T10:40:28Z
2,Jakarta,2024-05-29,61,27.7,32.2,24.2,33.4,3.0,3.0,7.0,11.8,True,open_meteo_historical_weather_api,2026-06-11T10:40:28Z
2,Jakarta,2024-05-30,53,27.8,32.7,23.8,33.6,1.0,1.0,4.0,9.8,True,open_meteo_historical_weather_api,2026-06-11T10:40:28Z
2,Jakarta,2024-05-31,55,28.3,33.3,24.7,34.2,1.2,1.2,2.0,12.6,True,open_meteo_historical_weather_api,2026-06-11T10:40:28Z
2,Jakarta,2024-06-01,61,27.4,32.2,24.9,33.6,3.1,3.1,7.0,11.3,True,open_meteo_historical_weather_api,2026-06-11T10:40:28Z
2,Jakarta,2024-06-02,63,27.4,32.0,24.4,33.6,7.3,7.3,6.0,9.4,True,open_meteo_historical_weather_api,2026-06-11T10:40:28Z
2,Jakarta,2024-06-03,63,26.4,32.0,23.3,32.1,7.6,7.6,7.0,10.8,True,open_meteo_historical_weather_api,2026-06-11T10:40:28Z
2,Jakarta,2024-06-04,51,28.0,32.8,25.0,34.0,0.7,0.7,3.0,8.9,True,open_meteo_historical_weather_api,2026-06-11T10:40:28Z
2,Jakarta,2024-06-05,53,27.6,32.5,23.6,33.6,1.0,1.0,2.0,6.7,True,open_meteo_historical_weather_api,2026-06-11T10:40:28Z
2,Jakarta,2024-06-06,53,28.0,32.9,23.5,33.0,0.8,0.8,2.0,11.5,True,open_meteo_historical_weather_api,2026-06-11T10:40:28Z
2,Jakarta,2024-06-07,51,27.5,32.0,23.8,32.8,1.0,1.0,5.0,10.9,True,open_meteo_historical_weather_api,2026-06-11T10:40:28Z
2,Jakarta,2024-06-08,53,27.7,32.3,23.3,32.8,1.1,1.1,6.0,11.0,True,open_meteo_historical_weather_api,2026-06-11T10:40:28Z
2,Jakarta,2024-06-09,63,26.8,31.2,23.8,32.5,13.7,13.7,14.0,9.2,True,open_meteo_historical_weather_api,2026-06-11T10:40:28Z
2,Jakarta,2024-06-10,63,27.7,32.7,24.1,33.6,6.7,6.7,8.0,10.7,True,open_meteo_historical_weather_api,2026-06-11T10:40:28Z
2,Jakarta,2024-06-11,63,26.1,30.2,23.8,31.7,15.3,15.3,13.0,16.8,True,open_meteo_historical_weather_api,2026-06-11T10:40:28Z
2,Jakarta,2024-06-12,63,26.1,30.9,23.5,31.5,9.2,9.2,10.0,12.0,True,open_meteo_historical_weather_api,2026-06-11T10:40:28Z
2,Jakarta,2024-06-13,65,26.4,30.9,22.9,31.9,10.6,10.6,8.0,11.8,True,open_meteo_historical_weather_api,2026-06-11T10:40:28Z
2,Jakarta,2024-06-14,63,27.3,31.5,24.1,33.0,10.8,10.8,12.0,9.0,True,open_meteo_historical_weather_api,2026-06-11T10:40:28Z
2,Jakarta,2024-06-15,63,26.9,32.0,23.8,32.6,6.9,6.9,12.0,10.5,True,open_meteo_historical_weather_api,2026-06-11T10:40:28Z
2,Jakarta,2024-06-16,63,26.4,30.5,23.5,32.1,9.7,9.7,12.0,7.6,True,open_meteo_historical_weather_api,2026-06-11T10:40:28Z
2,Jakarta,2024-06-17,51,27.4,31.6,23.4,32.9,0.8,0.8,6.0,8.7,True,open_meteo_historical_weather_api,2026-06-11T10:40:28Z
2,Jakarta,2024-06-18,63,26.4,30.0,23.5,31.8,9.3,9.3,9.0,11.4,True,open_meteo_historical_weather_api,2026-06-11T10:40:28Z
2,Jakarta,2024-06-19,3,27.5,32.3,23.2,32.6,0.0,0.0,0.0,10.8,False,open_meteo_historical_weather_api,2026-06-11T10:40:28Z
2,Jakarta,2024-06-20,3,27.4,32.3,21.9,32.0,0.0,0.0,0.0,10.5,False,open_meteo_historical_weather_api,2026-06-11T10:40:28Z
2,Jakarta,2024-06-21,51,27.2,32.7,22.1,31.6,0.3,0.3,1.0,11.5,True,open_meteo_historical_weather_api,2026-06-11T10:40:28Z
2,Jakarta,2024-06-22,3,26.9,31.6,22.6,31.8,0.0,0.0,0.0,9.5,False,open_meteo_historical_weather_api,2026-06-11T10:40:28Z
2,Jakarta,2024-06-23,3,27.2,32.8,22.1,31.0,0.0,0.0,0.0,14.2,False,open_meteo_historical_weather_api,2026-06-11T10:40:28Z
2,Jakarta,2024-06-24,53,27.4,31.7,23.5,32.2,0.8,0.8,4.0,11.6,True,open_meteo_historical_weather_api,2026-06-11T10:40:28Z
2,Jakarta,2024-06-25,63,27.2,32.3,24.3,32.6,6.0,6.0,10.0,10.2,True,open_meteo_historical_weather_api,2026-06-11T10:40:28Z
2,Jakarta,2024-06-26,51,27.7,32.2,24.1,32.4,0.4,0.4,4.0,11.9,True,open_meteo_historical_weather_api,2026-06-11T10:40:28Z
2,Jakarta,2024-06-27,61,27.4,32.5,24.6,32.7,4.6,4.6,5.0,12.2,True,open_meteo_historical_weather_api,2026-06-11T10:40:28Z
2,Jakarta,2024-06-28,63,26.9,31.4,24.1,32.6,9.2,9.2,14.0,11.5,True,open_meteo_historical_weather_api,2026-06-11T10:40:28Z
2,Jakarta,2024-06-29,63,26.3,30.5,23.8,31.9,6.3,6.3,6.0,11.7,True,open_meteo_historical_weather_api,2026-06-11T10:40:28Z
2,Jakarta,2024-06-30,51,27.1,31.8,23.0,32.5,0.5,0.5,3.0,13.0,True,open_meteo_historical_weather_api,2026-06-11T10:40:28Z
2,Jakarta,2024-07-01,61,26.8,31.4,24.0,32.3,7.4,7.4,14.0,9.9,True,open_meteo_historical_weather_api,2026-06-11T10:40:28Z
2,Jakarta,2024-07-02,63,26.4,30.8,23.2,31.7,4.9,4.9,6.0,10.5,True,open_meteo_historical_weather_api,2026-06-11T10:40:28Z
2,Jakarta,2024-07-03,55,27.3,32.9,23.5,32.7,1.6,1.6,4.0,10.0,True,open_meteo_historical_weather_api,2026-06-11T10:40:28Z
2,Jakarta,2024-07-04,63,26.1,31.3,23.2,31.3,11.2,11.2,8.0,9.5,True,open_meteo_historical_weather_api,2026-06-11T10:40:28Z
2,Jakarta,2024-07-05,61,26.6,30.6,23.5,31.5,6.4,6.4,16.0,17.4,True,open_meteo_historical_weather_api,2026-06-11T10:40:28Z
2,Jakarta,2024-07-06,63,25.1,28.5,23.4,29.5,18.0,18.0,18.0,15.7,True,open_meteo_historical_weather_api,2026-06-11T10:40:28Z
2,Jakarta,2024-07-07,63,26.0,30.4,23.0,30.7,5.7,5.7,3.0,8.8,True,open_meteo_historical_weather_api,2026-06-11T10:40:28Z
2,Jakarta,2024-07-08,65,26.7,31.9,23.6,31.9,26.4,26.4,10.0,10.3,True,open_meteo_historical_weather_api,2026-06-11T10:40:28Z
2,Jakarta,2024-07-09,63,26.2,30.5,23.1,31.2,10.9,10.9,13.0,9.4,True,open_meteo_historical_weather_api,2026-06-11T10:40:28Z
2,Jakarta,2024-07-10,3,27.3,32.0,23.0,32.1,0.0,0.0,0.0,10.4,False,open_meteo_historical_weather_api,2026-06-11T10:40:28Z
2,Jakarta,2024-07-11,51,26.9,32.2,22.1,31.7,0.2,0.2,2.0,12.0,True,open_meteo_historical_weather_api,2026-06-11T10:40:28Z
2,Jakarta,2024-07-12,3,27.0,31.9,23.0,30.8,0.0,0.0,0.0,10.2,False,open_meteo_historical_weather_api,2026-06-11T10:40:28Z
2,Jakarta,2024-07-13,3,26.0,32.2,20.1,29.6,0.0,0.0,0.0,11.7,False,open_meteo_historical_weather_api,2026-06-11T10:40:28Z
2,Jakarta,2024-07-14,3,26.2,31.4,21.6,29.5,0.0,0.0,0.0,10.4,False,open_meteo_historical_weather_api,2026-06-11T10:40:28Z
2,Jakarta,2024-07-15,3,26.2,32.0,20.5,29.6,0.0,0.0,0.0,8.0,False,open_meteo_historical_weather_api,2026-06-11T10:40:28Z
2,Jakarta,2024-07-16,3,26.5,32.0,21.4,29.8,0.0,0.0,0.0,13.2,False,open_meteo_historical_weather_api,2026-06-11T10:40:28Z
2,Jakarta,2024-07-17,51,26.8,32.0,22.6,30.8,0.2,0.2,2.0,11.3,True,open_meteo_historical_weather_api,2026-06-11T10:40:28Z
2,Jakarta,2024-07-18,51,27.3,32.0,22.8,32.1,0.3,0.3,3.0,8.4,True,open_meteo_historical_weather_api,2026-06-11T10:40:28Z
2,Jakarta,2024-07-19,51,27.6,32.7,23.4,31.8,0.4,0.4,2.0,10.8,True,open_meteo_historical_weather_api,2026-06-11T10:40:28Z
2,Jakarta,2024-07-20,3,27.4,32.7,22.5,31.5,0.0,0.0,0.0,14.4,False,open_meteo_historical_weather_api,2026-06-11T10:40:28Z
2,Jakarta,2024-07-21,3,27.7,33.3,23.1,31.8,0.0,0.0,0.0,17.9,False,open_meteo_historical_weather_api,2026-06-11T10:40:28Z
2,Jakarta,2024-07-22,3,27.7,33.8,23.9,32.1,0.0,0.0,0.0,19.1,False,open_meteo_historical_weather_api,2026-06-11T10:40:28Z
2,Jakarta,2024-07-23,3,27.9,32.6,23.5,32.0,0.0,0.0,0.0,17.0,False,open_meteo_historical_weather_api,2026-06-11T10:40:28Z
2,Jakarta,2024-07-24,53,27.4,31.1,24.6,31.9,1.3,1.3,7.0,12.4,True,open_meteo_historical_weather_api,2026-06-11T10:40:28Z
2,Jakarta,2024-07-25,51,26.8,30.1,22.9,31.6,1.1,1.1,7.0,11.8,True,open_meteo_historical_weather_api,2026-06-11T10:40:28Z
2,Jakarta,2024-07-26,51,27.5,33.3,23.5,32.0,0.4,0.4,4.0,18.9,True,open_meteo_historical_weather_api,2026-06-11T10:40:28Z
2,Jakarta,2024-07-27,3,28.0,34.1,22.9,32.1,0.0,0.0,0.0,16.4,False,open_meteo_historical_weather_api,2026-06-11T10:40:28Z
2,Jakarta,2024-07-28,51,27.9,32.7,23.4,32.2,0.5,0.5,3.0,10.8,True,open_meteo_historical_weather_api,2026-06-11T10:40:28Z
2,Jakarta,2024-07-29,51,28.2,33.4,23.9,32.1,0.1,0.1,1.0,14.0,True,open_meteo_historical_weather_api,2026-06-11T10:40:28Z
2,Jakarta,2024-07-30,3,28.0,33.3,23.6,31.8,0.0,0.0,0.0,11.3,False,open_meteo_historical_weather_api,2026-06-11T10:40:28Z
2,Jakarta,2024-07-31,3,27.9,34.2,23.5,32.1,0.0,0.0,0.0,19.1,False,open_meteo_historical_weather_api,2026-06-11T10:40:28Z
2,Jakarta,2024-08-01,53,27.5,33.2,23.9,32.2,1.7,1.7,4.0,12.6,True,open_meteo_historical_weather_api,2026-06-11T10:40:28Z
2,Jakarta,2024-08-02,63,26.3,32.0,23.0,31.3,13.7,13.7,10.0,11.7,True,open_meteo_historical_weather_api,2026-06-11T10:40:28Z
2,Jakarta,2024-08-03,63,26.7,33.3,22.8,31.8,8.4,8.4,3.0,12.7,True,open_meteo_historical_weather_api,2026-06-11T10:40:28Z
2,Jakarta,2024-08-04,51,27.5,33.1,23.4,32.4,0.3,0.3,2.0,12.6,True,open_meteo_historical_weather_api,2026-06-11T10:40:28Z
2,Jakarta,2024-08-05,61,26.5,32.0,24.0,31.5,4.0,4.0,7.0,14.5,True,open_meteo_historical_weather_api,2026-06-11T10:40:28Z
2,Jakarta,2024-08-06,3,27.4,33.7,22.5,31.5,0.0,0.0,0.0,17.7,False,open_meteo_historical_weather_api,2026-06-11T10:40:28Z
2,Jakarta,2024-08-07,3,27.6,33.5,23.0,31.7,0.0,0.0,0.0,19.9,False,open_meteo_historical_weather_api,2026-06-11T10:40:28Z
2,Jakarta,2024-08-08,53,27.8,33.2,23.5,32.3,2.4,2.4,7.0,10.9,True,open_meteo_historical_weather_api,2026-06-11T10:40:28Z
2,Jakarta,2024-08-09,53,28.2,33.9,24.0,32.6,1.0,1.0,3.0,17.1,True,open_meteo_historical_weather_api,2026-06-11T10:40:28Z
2,Jakarta,2024-08-10,51,27.7,33.2,23.2,32.3,0.4,0.4,2.0,15.9,True,open_meteo_historical_weather_api,2026-06-11T10:40:28Z
2,Jakarta,2024-08-11,53,27.3,32.0,23.5,32.2,2.2,2.2,10.0,12.4,True,open_meteo_historical_weather_api,2026-06-11T10:40:28Z
2,Jakarta,2024-08-12,3,27.3,32.3,23.2,30.7,0.0,0.0,0.0,16.6,False,open_meteo_historical_weather_api,2026-06-11T10:40:28Z
2,Jakarta,2024-08-13,3,26.9,33.6,21.2,30.2,0.0,0.0,0.0,17.9,False,open_meteo_historical_weather_api,2026-06-11T10:40:28Z
2,Jakarta,2024-08-14,3,27.4,33.8,22.4,31.1,0.0,0.0,0.0,18.8,False,open_meteo_historical_weather_api,2026-06-11T10:40:28Z
2,Jakarta,2024-08-15,3,28.0,34.8,23.4,32.0,0.0,0.0,0.0,19.2,False,open_meteo_historical_weather_api,2026-06-11T10:40:28Z
2,Jakarta,2024-08-16,51,27.9,34.0,22.9,32.2,0.3,0.3,1.0,16.6,True,open_meteo_historical_weather_api,2026-06-11T10:40:28Z
2,Jakarta,2024-08-17,51,28.1,33.8,24.0,32.5,0.1,0.1,1.0,20.6,True,open_meteo_historical_weather_api,2026-06-11T10:40:28Z
2,Jakarta,2024-08-18,53,28.1,33.5,23.6,32.9,0.5,0.5,1.0,14.1,True,open_meteo_historical_weather_api,2026-06-11T10:40:28Z
2,Jakarta,2024-08-19,3,27.9,34.0,23.5,32.5,0.0,0.0,0.0,16.2,False,open_meteo_historical_weather_api,2026-06-11T10:40:28Z
2,Jakarta,2024-08-20,3,27.7,34.0,22.9,32.2,0.0,0.0,0.0,16.9,False,open_meteo_historical_weather_api,2026-06-11T10:40:28Z
2,Jakarta,2024-08-21,53,28.0,33.6,22.8,32.4,0.7,0.7,2.0,16.0,True,open_meteo_historical_weather_api,2026-06-11T10:40:28Z
2,Jakarta,2024-08-22,51,28.4,34.4,24.4,32.9,0.3,0.3,2.0,17.0,True,open_meteo_historical_weather_api,2026-06-11T10:40:28Z
2,Jakarta,2024-08-23,3,28.3,33.2,24.4,32.6,0.0,0.0,0.0,16.2,False,open_meteo_historical_weather_api,2026-06-11T10:40:28Z
2,Jakarta,2024-08-24,53,27.8,33.5,23.4,32.0,1.3,1.3,5.0,16.6,True,open_meteo_historical_weather_api,2026-06-11T10:40:28Z
2,Jakarta,2024-08-25,51,27.5,33.6,22.4,31.3,0.1,0.1,1.0,20.1,True,open_meteo_historical_weather_api,2026-06-11T10:40:28Z
2,Jakarta,2024-08-26,3,28.3,35.0,23.6,32.2,0.0,0.0,0.0,19.6,False,open_meteo_historical_weather_api,2026-06-11T10:40:28Z
2,Jakarta,2024-08-27,3,28.6,35.5,23.5,32.7,0.0,0.0,0.0,19.2,False,open_meteo_historical_weather_api,2026-06-11T10:40:28Z
2,Jakarta,2024-08-28,3,29.0,36.2,24.0,32.4,0.0,0.0,0.0,23.1,False,open_meteo_historical_weather_api,2026-06-11T10:40:28Z
2,Jakarta,2024-08-29,51,28.8,35.3,25.1,32.6,0.3,0.3,3.0,20.2,True,open_meteo_historical_weather_api,2026-06-11T10:40:28Z
2,Jakarta,2024-08-30,3,27.9,33.8,23.1,31.6,0.0,0.0,0.0,17.1,False,open_meteo_historical_weather_api,2026-06-11T10:40:28Z
2,Jakarta,2024-08-31,3,28.2,33.8,23.5,31.9,0.0,0.0,0.0,18.4,False,open_meteo_historical_weather_api,2026-06-11T10:40:28Z
2,Jakarta,2024-09-01,51,28.7,34.6,24.1,33.1,0.1,0.1,1.0,17.3,True,open_meteo_historical_weather_api,2026-06-11T10:40:28Z
2,Jakarta,2024-09-02,61,28.4,34.5,24.7,33.8,4.5,4.5,7.0,15.2,True,open_meteo_historical_weather_api,2026-06-11T10:40:28Z
2,Jakarta,2024-09-03,61,27.6,33.2,23.6,32.7,3.8,3.8,9.0,15.4,True,open_meteo_historical_weather_api,2026-06-11T10:40:28Z
2,Jakarta,2024-09-04,51,27.9,34.3,23.1,32.0,0.3,0.3,3.0,18.7,True,open_meteo_historical_weather_api,2026-06-11T10:40:28Z
2,Jakarta,2024-09-05,65,27.9,33.8,24.4,32.2,15.2,15.2,9.0,17.3,True,open_meteo_historical_weather_api,2026-06-11T10:40:28Z
2,Jakarta,2024-09-06,53,28.4,34.0,23.5,33.0,1.3,1.3,6.0,14.3,True,open_meteo_historical_weather_api,2026-06-11T10:40:28Z
2,Jakarta,2024-09-07,3,29.9,37.5,24.0,33.5,0.0,0.0,0.0,18.9,False,open_meteo_historical_weather_api,2026-06-11T10:40:28Z
2,Jakarta,2024-09-08,53,29.4,35.8,25.1,33.0,0.5,0.5,1.0,20.4,True,open_meteo_historical_weather_api,2026-06-11T10:40:28Z
2,Jakarta,2024-09-09,63,27.4,33.5,24.5,32.5,11.1,11.1,10.0,13.7,True,open_meteo_historical_weather_api,2026-06-11T10:40:28Z
2,Jakarta,2024-09-10,65,26.5,30.8,24.0,31.5,19.3,19.3,11.0,12.2,True,open_meteo_historical_weather_api,2026-06-11T10:40:28Z
2,Jakarta,2024-09-11,53,27.0,32.0,23.8,31.3,2.2,2.2,5.0,13.7,True,open_meteo_historical_weather_api,2026-06-11T10:40:28Z
2,Jakarta,2024-09-12,63,26.9,32.0,23.6,32.0,12.0,12.0,9.0,14.4,True,open_meteo_historical_weather_api,2026-06-11T10:40:28Z
2,Jakarta,2024-09-13,51,26.9,32.5,23.0,32.1,0.4,0.4,4.0,12.2,True,open_meteo_historical_weather_api,2026-06-11T10:40:28Z
2,Jakarta,2024-09-14,3,27.6,33.5,22.4,31.4,0.0,0.0,0.0,10.9,False,open_meteo_historical_weather_api,2026-06-11T10:40:28Z
2,Jakarta,2024-09-15,3,27.4,33.5,22.0,31.2,0.0,0.0,0.0,15.1,False,open_meteo_historical_weather_api,2026-06-11T10:40:28Z
2,Jakarta,2024-09-16,3,28.0,33.5,23.0,32.1,0.0,0.0,0.0,12.3,False,open_meteo_historical_weather_api,2026-06-11T10:40:28Z
2,Jakarta,2024-09-17,3,27.7,33.8,22.6,31.3,0.0,0.0,0.0,14.1,False,open_meteo_historical_weather_api,2026-06-11T10:40:28Z
2,Jakarta,2024-09-18,3,27.3,33.5,21.9,30.8,0.0,0.0,0.0,18.0,False,open_meteo_historical_weather_api,2026-06-11T10:40:28Z
2,Jakarta,2024-09-19,3,27.6,33.2,22.1,31.3,0.0,0.0,0.0,13.4,False,open_meteo_historical_weather_api,2026-06-11T10:40:28Z
2,Jakarta,2024-09-20,3,27.8,33.5,23.1,32.1,0.0,0.0,0.0,16.0,False,open_meteo_historical_weather_api,2026-06-11T10:40:28Z
2,Jakarta,2024-09-21,3,28.1,33.8,23.5,33.0,0.0,0.0,0.0,14.8,False,open_meteo_historical_weather_api,2026-06-11T10:40:28Z
2,Jakarta,2024-09-22,53,28.7,33.1,24.9,34.0,1.7,1.7,5.0,14.2,True,open_meteo_historical_weather_api,2026-06-11T10:40:28Z
2,Jakarta,2024-09-23,51,28.5,33.2,25.5,33.7,1.2,1.2,5.0,11.7,True,open_meteo_historical_weather_api,2026-06-11T10:40:28Z
2,Jakarta,2024-09-24,63,27.0,31.4,24.5,32.5,11.5,11.5,7.0,15.0,True,open_meteo_historical_weather_api,2026-06-11T10:40:28Z
2,Jakarta,2024-09-25,63,27.5,33.0,23.9,32.7,5.0,5.0,6.0,11.2,True,open_meteo_historical_weather_api,2026-06-11T10:40:28Z
2,Jakarta,2024-09-26,63,26.9,33.0,23.7,32.2,18.1,18.1,11.0,11.5,True,open_meteo_historical_weather_api,2026-06-11T10:40:28Z
2,Jakarta,2024-09-27,51,27.8,33.0,23.7,33.6,0.7,0.7,5.0,10.4,True,open_meteo_historical_weather_api,2026-06-11T10:40:28Z
2,Jakarta,2024-09-28,63,27.3,31.9,24.4,33.4,13.1,13.1,10.0,11.2,True,open_meteo_historical_weather_api,2026-06-11T10:40:28Z
2,Jakarta,2024-09-29,63,27.9,33.2,23.9,33.5,3.6,3.6,7.0,11.2,True,open_meteo_historical_weather_api,2026-06-11T10:40:28Z
2,Jakarta,2024-09-30,51,28.0,33.3,23.6,33.3,0.4,0.4,2.0,13.3,True,open_meteo_historical_weather_api,2026-06-11T10:40:28Z
2,Jakarta,2024-10-01,61,28.3,33.7,23.4,33.4,1.8,1.8,3.0,11.5,True,open_meteo_historical_weather_api,2026-06-11T10:40:28Z
2,Jakarta,2024-10-02,51,28.2,33.3,24.2,33.8,0.8,0.8,6.0,11.2,True,open_meteo_historical_weather_api,2026-06-11T10:40:28Z
2,Jakarta,2024-10-03,63,27.5,33.2,23.9,33.3,7.5,7.5,8.0,14.3,True,open_meteo_historical_weather_api,2026-06-11T10:40:28Z
2,Jakarta,2024-10-04,65,27.1,33.8,24.0,32.6,21.9,21.9,7.0,13.9,True,open_meteo_historical_weather_api,2026-06-11T10:40:28Z
2,Jakarta,2024-10-05,61,27.1,32.7,23.6,32.7,3.0,3.0,6.0,12.9,True,open_meteo_historical_weather_api,2026-06-11T10:40:28Z
2,Jakarta,2024-10-06,63,27.2,32.8,23.4,32.8,6.0,6.0,7.0,12.3,True,open_meteo_historical_weather_api,2026-06-11T10:40:28Z
2,Jakarta,2024-10-07,3,27.8,34.5,22.8,32.2,0.0,0.0,0.0,20.7,False,open_meteo_historical_weather_api,2026-06-11T10:40:28Z
2,Jakarta,2024-10-08,3,28.2,33.9,23.2,32.5,0.0,0.0,0.0,17.3,False,open_meteo_historical_weather_api,2026-06-11T10:40:28Z
2,Jakarta,2024-10-09,55,28.4,33.8,24.5,33.2,2.0,2.0,5.0,15.1,True,open_meteo_historical_weather_api,2026-06-11T10:40:28Z
2,Jakarta,2024-10-10,63,28.1,34.0,24.2,33.2,4.8,4.8,4.0,16.2,True,open_meteo_historical_weather_api,2026-06-11T10:40:28Z
2,Jakarta,2024-10-11,53,28.6,34.0,24.2,33.8,1.7,1.7,6.0,14.2,True,open_meteo_historical_weather_api,2026-06-11T10:40:28Z
2,Jakarta,2024-10-12,65,27.7,32.7,24.9,33.2,14.2,14.2,12.0,17.4,True,open_meteo_historical_weather_api,2026-06-11T10:40:28Z
2,Jakarta,2024-10-13,65,27.2,31.0,24.4,32.9,13.6,13.6,10.0,14.6,True,open_meteo_historical_weather_api,2026-06-11T10:40:28Z
2,Jakarta,2024-10-14,63,27.6,33.3,23.9,33.2,7.3,7.3,5.0,13.8,True,open_meteo_historical_weather_api,2026-06-11T10:40:28Z
2,Jakarta,2024-10-15,55,28.4,34.5,24.4,33.7,1.5,1.5,4.0,10.1,True,open_meteo_historical_weather_api,2026-06-11T10:40:28Z
2,Jakarta,2024-10-16,51,28.7,35.1,24.2,33.7,0.3,0.3,2.0,17.3,True,open_meteo_historical_weather_api,2026-06-11T10:40:28Z
2,Jakarta,2024-10-17,3,28.5,35.0,23.5,31.9,0.0,0.0,0.0,12.5,False,open_meteo_historical_weather_api,2026-06-11T10:40:28Z
2,Jakarta,2024-10-18,3,28.2,33.3,23.3,31.8,0.0,0.0,0.0,14.7,False,open_meteo_historical_weather_api,2026-06-11T10:40:28Z
2,Jakarta,2024-10-19,51,28.7,33.6,24.0,33.1,0.7,0.7,3.0,14.6,True,open_meteo_historical_weather_api,2026-06-11T10:40:28Z
2,Jakarta,2024-10-20,3,29.2,35.4,23.8,31.9,0.0,0.0,0.0,17.4,False,open_meteo_historical_weather_api,2026-06-11T10:40:28Z
2,Jakarta,2024-10-21,51,29.0,34.3,25.3,33.1,0.1,0.1,1.0,15.4,True,open_meteo_historical_weather_api,2026-06-11T10:40:28Z
2,Jakarta,2024-10-22,3,29.5,35.3,25.0,33.9,0.0,0.0,0.0,16.1,False,open_meteo_historical_weather_api,2026-06-11T10:40:28Z
2,Jakarta,2024-10-23,61,29.3,34.3,24.9,34.1,2.1,2.1,6.0,15.2,True,open_meteo_historical_weather_api,2026-06-11T10:40:28Z
2,Jakarta,2024-10-24,63,28.2,33.9,24.9,33.4,9.1,9.1,14.0,12.3,True,open_meteo_historical_weather_api,2026-06-11T10:40:28Z
2,Jakarta,2024-10-25,51,28.0,34.2,24.0,33.3,0.4,0.4,3.0,15.9,True,open_meteo_historical_weather_api,2026-06-11T10:40:28Z
2,Jakarta,2024-10-26,3,29.0,35.7,23.2,32.8,0.0,0.0,0.0,19.8,False,open_meteo_historical_weather_api,2026-06-11T10:40:28Z
2,Jakarta,2024-10-27,3,29.3,34.3,24.6,33.7,0.0,0.0,0.0,14.3,False,open_meteo_historical_weather_api,2026-06-11T10:40:28Z
2,Jakarta,2024-10-28,53,29.6,35.0,25.0,34.5,0.9,0.9,2.0,11.6,True,open_meteo_historical_weather_api,2026-06-11T10:40:28Z
2,Jakarta,2024-10-29,51,29.5,35.2,24.6,34.8,0.1,0.1,1.0,14.5,True,open_meteo_historical_weather_api,2026-06-11T10:40:28Z
2,Jakarta,2024-10-30,61,29.2,34.8,25.8,34.3,3.3,3.3,7.0,13.1,True,open_meteo_historical_weather_api,2026-06-11T10:40:28Z
2,Jakarta,2024-10-31,61,28.7,34.7,24.9,34.0,2.8,2.8,4.0,14.2,True,open_meteo_historical_weather_api,2026-06-11T10:40:28Z
2,Jakarta,2024-11-01,63,27.9,34.5,24.8,33.2,10.5,10.5,7.0,15.2,True,open_meteo_historical_weather_api,2026-06-11T10:40:28Z
2,Jakarta,2024-11-02,63,27.4,33.7,24.4,32.9,10.7,10.7,9.0,16.6,True,open_meteo_historical_weather_api,2026-06-11T10:40:28Z
2,Jakarta,2024-11-03,63,26.0,31.7,23.4,31.6,12.7,12.7,11.0,15.1,True,open_meteo_historical_weather_api,2026-06-11T10:40:28Z
2,Jakarta,2024-11-04,65,26.8,31.2,23.8,32.3,16.7,16.7,11.0,8.8,True,open_meteo_historical_weather_api,2026-06-11T10:40:28Z
2,Jakarta,2024-11-05,63,26.2,31.9,24.0,31.8,13.1,13.1,15.0,13.2,True,open_meteo_historical_weather_api,2026-06-11T10:40:28Z
2,Jakarta,2024-11-06,65,26.2,31.8,23.0,31.6,13.3,13.3,9.0,15.3,True,open_meteo_historical_weather_api,2026-06-11T10:40:28Z
2,Jakarta,2024-11-07,63,26.8,32.8,23.6,32.3,8.1,8.1,7.0,11.7,True,open_meteo_historical_weather_api,2026-06-11T10:40:28Z
2,Jakarta,2024-11-08,51,28.2,33.0,23.3,33.5,0.3,0.3,3.0,10.9,True,open_meteo_historical_weather_api,2026-06-11T10:40:28Z
2,Jakarta,2024-11-09,63,27.7,33.5,25.0,33.2,8.2,8.2,4.0,12.0,True,open_meteo_historical_weather_api,2026-06-11T10:40:28Z
2,Jakarta,2024-11-10,63,27.3,33.0,24.4,32.9,10.0,10.0,8.0,14.1,True,open_meteo_historical_weather_api,2026-06-11T10:40:28Z
2,Jakarta,2024-11-11,65,26.6,32.7,23.4,32.1,24.5,24.5,11.0,12.4,True,open_meteo_historical_weather_api,2026-06-11T10:40:28Z
2,Jakarta,2024-11-12,63,26.5,31.5,23.4,31.9,11.1,11.1,9.0,11.4,True,open_meteo_historical_weather_api,2026-06-11T10:40:28Z
2,Jakarta,2024-11-13,63,27.3,31.6,24.8,33.5,10.8,10.8,14.0,10.0,True,open_meteo_historical_weather_api,2026-06-11T10:40:28Z
2,Jakarta,2024-11-14,61,28.1,32.2,24.2,34.3,2.4,2.4,4.0,7.5,True,open_meteo_historical_weather_api,2026-06-11T10:40:28Z
2,Jakarta,2024-11-15,63,28.1,31.6,25.5,34.1,10.2,10.2,12.0,8.6,True,open_meteo_historical_weather_api,2026-06-11T10:40:28Z
2,Jakarta,2024-11-16,63,27.4,32.6,24.5,33.5,8.7,8.7,14.0,9.7,True,open_meteo_historical_weather_api,2026-06-11T10:40:28Z
2,Jakarta,2024-11-17,61,27.0,30.3,24.9,32.7,6.7,6.7,13.0,8.7,True,open_meteo_historical_weather_api,2026-06-11T10:40:28Z
2,Jakarta,2024-11-18,63,26.9,29.8,24.0,32.6,10.6,10.6,16.0,8.5,True,open_meteo_historical_weather_api,2026-06-11T10:40:28Z
2,Jakarta,2024-11-19,65,27.9,32.6,25.0,34.1,8.9,8.9,4.0,5.6,True,open_meteo_historical_weather_api,2026-06-11T10:40:28Z
2,Jakarta,2024-11-20,53,27.8,32.8,24.7,33.5,3.3,3.3,11.0,9.7,True,open_meteo_historical_weather_api,2026-06-11T10:40:28Z
2,Jakarta,2024-11-21,63,27.7,32.6,25.1,33.5,5.3,5.3,6.0,7.1,True,open_meteo_historical_weather_api,2026-06-11T10:40:28Z
2,Jakarta,2024-11-22,63,27.4,32.6,24.0,33.2,6.5,6.5,8.0,10.4,True,open_meteo_historical_weather_api,2026-06-11T10:40:28Z
2,Jakarta,2024-11-23,65,27.8,32.4,25.2,34.0,13.0,13.0,6.0,6.2,True,open_meteo_historical_weather_api,2026-06-11T10:40:28Z
2,Jakarta,2024-11-24,65,27.6,32.8,25.0,33.6,11.9,11.9,6.0,10.5,True,open_meteo_historical_weather_api,2026-06-11T10:40:28Z
2,Jakarta,2024-11-25,65,28.2,33.2,25.3,34.5,15.7,15.7,7.0,9.9,True,open_meteo_historical_weather_api,2026-06-11T10:40:28Z
2,Jakarta,2024-11-26,61,28.7,33.0,26.0,34.9,2.3,2.3,2.0,10.4,True,open_meteo_historical_weather_api,2026-06-11T10:40:28Z
2,Jakarta,2024-11-27,63,27.6,31.8,25.4,33.4,6.9,6.9,5.0,8.3,True,open_meteo_historical_weather_api,2026-06-11T10:40:28Z
2,Jakarta,2024-11-28,51,27.8,32.4,24.8,33.0,0.7,0.7,3.0,11.1,True,open_meteo_historical_weather_api,2026-06-11T10:40:28Z
2,Jakarta,2024-11-29,51,28.2,33.0,25.4,32.9,0.5,0.5,2.0,14.3,True,open_meteo_historical_weather_api,2026-06-11T10:40:28Z
2,Jakarta,2024-11-30,63,29.2,33.8,25.3,33.9,3.9,3.9,4.0,13.0,True,open_meteo_historical_weather_api,2026-06-11T10:40:28Z
2,Jakarta,2024-12-01,63,28.9,34.8,25.5,34.0,16.3,16.3,7.0,12.7,True,open_meteo_historical_weather_api,2026-06-11T10:40:28Z
2,Jakarta,2024-12-02,61,27.6,32.8,25.4,31.7,7.1,7.1,13.0,18.7,True,open_meteo_historical_weather_api,2026-06-11T10:40:28Z
2,Jakarta,2024-12-03,61,26.2,29.0,25.0,30.0,13.3,13.3,18.0,15.3,True,open_meteo_historical_weather_api,2026-06-11T10:40:28Z
2,Jakarta,2024-12-04,63,25.8,27.1,24.6,29.9,15.9,15.9,18.0,12.9,True,open_meteo_historical_weather_api,2026-06-11T10:40:28Z
2,Jakarta,2024-12-05,65,26.3,29.1,24.3,30.8,12.6,12.6,18.0,13.2,True,open_meteo_historical_weather_api,2026-06-11T10:40:28Z
2,Jakarta,2024-12-06,61,26.0,27.1,24.2,31.3,11.0,11.0,19.0,10.1,True,open_meteo_historical_weather_api,2026-06-11T10:40:28Z
2,Jakarta,2024-12-07,63,27.1,29.8,24.6,33.0,14.6,14.6,12.0,6.5,True,open_meteo_historical_weather_api,2026-06-11T10:40:28Z
2,Jakarta,2024-12-08,63,27.0,30.2,24.0,32.8,19.6,19.6,15.0,9.7,True,open_meteo_historical_weather_api,2026-06-11T10:40:28Z
2,Jakarta,2024-12-09,63,27.0,30.3,24.4,32.5,18.0,18.0,14.0,9.3,True,open_meteo_historical_weather_api,2026-06-11T10:40:28Z
2,Jakarta,2024-12-10,63,27.0,30.8,25.4,31.7,6.8,6.8,7.0,15.5,True,open_meteo_historical_weather_api,2026-06-11T10:40:28Z
2,Jakarta,2024-12-11,63,27.5,31.4,25.2,32.0,8.7,8.7,7.0,14.2,True,open_meteo_historical_weather_api,2026-06-11T10:40:28Z
2,Jakarta,2024-12-12,55,28.2,32.4,24.5,32.0,1.9,1.9,3.0,17.0,True,open_meteo_historical_weather_api,2026-06-11T10:40:28Z
2,Jakarta,2024-12-13,55,28.1,32.3,25.2,32.5,3.2,3.2,9.0,16.8,True,open_meteo_historical_weather_api,2026-06-11T10:40:28Z
2,Jakarta,2024-12-14,63,27.3,31.3,24.8,31.6,9.5,9.5,7.0,14.0,True,open_meteo_historical_weather_api,2026-06-11T10:40:28Z
2,Jakarta,2024-12-15,65,26.1,28.0,25.1,30.9,21.6,21.6,22.0,11.0,True,open_meteo_historical_weather_api,2026-06-11T10:40:28Z
2,Jakarta,2024-12-16,63,26.5,30.2,24.3,31.7,12.6,12.6,16.0,11.8,True,open_meteo_historical_weather_api,2026-06-11T10:40:28Z
2,Jakarta,2024-12-17,65,27.1,30.2,23.7,31.9,12.3,12.3,10.0,10.4,True,open_meteo_historical_weather_api,2026-06-11T10:40:28Z
2,Jakarta,2024-12-18,61,27.8,31.6,25.8,32.3,3.7,3.7,6.0,18.6,True,open_meteo_historical_weather_api,2026-06-11T10:40:28Z
2,Jakarta,2024-12-19,63,26.6,30.0,24.9,31.4,22.7,22.7,13.0,12.8,True,open_meteo_historical_weather_api,2026-06-11T10:40:28Z
2,Jakarta,2024-12-20,65,26.6,30.4,23.8,31.6,12.9,12.9,14.0,11.1,True,open_meteo_historical_weather_api,2026-06-11T10:40:28Z
2,Jakarta,2024-12-21,65,26.7,29.8,23.5,31.8,19.1,19.1,20.0,13.0,True,open_meteo_historical_weather_api,2026-06-11T10:40:28Z
2,Jakarta,2024-12-22,61,27.1,30.0,24.1,32.8,4.3,4.3,16.0,9.8,True,open_meteo_historical_weather_api,2026-06-11T10:40:28Z
2,Jakarta,2024-12-23,63,26.6,30.0,24.2,32.3,12.1,12.1,15.0,10.5,True,open_meteo_historical_weather_api,2026-06-11T10:40:28Z
2,Jakarta,2024-12-24,65,26.0,28.4,24.0,31.2,25.4,25.4,16.0,8.3,True,open_meteo_historical_weather_api,2026-06-11T10:40:28Z
2,Jakarta,2024-12-25,63,26.6,29.6,24.5,31.9,14.5,14.5,15.0,9.6,True,open_meteo_historical_weather_api,2026-06-11T10:40:28Z
2,Jakarta,2024-12-26,53,27.5,30.1,24.9,32.6,1.6,1.6,6.0,13.3,True,open_meteo_historical_weather_api,2026-06-11T10:40:28Z
2,Jakarta,2024-12-27,53,28.5,32.1,25.3,33.9,1.3,1.3,4.0,9.7,True,open_meteo_historical_weather_api,2026-06-11T10:40:28Z
2,Jakarta,2024-12-28,51,29.0,33.2,25.8,33.1,0.2,0.2,2.0,12.8,True,open_meteo_historical_weather_api,2026-06-11T10:40:28Z
2,Jakarta,2024-12-29,61,28.0,32.0,25.2,33.1,1.9,1.9,4.0,10.1,True,open_meteo_historical_weather_api,2026-06-11T10:40:28Z
2,Jakarta,2024-12-30,61,27.1,30.2,25.1,30.8,4.2,4.2,8.0,14.6,True,open_meteo_historical_weather_api,2026-06-11T10:40:28Z
2,Jakarta,2024-12-31,53,27.8,31.4,24.8,32.0,1.2,1.2,5.0,14.9,True,open_meteo_historical_weather_api,2026-06-11T10:40:28Z
3,Manila,2024-01-01,61,26.6,30.2,23.9,32.3,2.3,2.3,8.0,7.4,True,open_meteo_historical_weather_api,2026-06-11T10:40:28Z
3,Manila,2024-01-02,53,26.6,30.1,24.4,32.1,1.5,1.5,7.0,7.6,True,open_meteo_historical_weather_api,2026-06-11T10:40:28Z
3,Manila,2024-01-03,51,27.1,30.6,24.2,32.6,0.3,0.3,3.0,8.2,True,open_meteo_historical_weather_api,2026-06-11T10:40:28Z
3,Manila,2024-01-04,3,27.7,31.6,25.1,31.9,0.0,0.0,0.0,11.0,False,open_meteo_historical_weather_api,2026-06-11T10:40:28Z
3,Manila,2024-01-05,51,27.4,31.2,24.7,31.7,0.7,0.7,3.0,10.4,True,open_meteo_historical_weather_api,2026-06-11T10:40:28Z
3,Manila,2024-01-06,3,27.2,31.6,23.8,31.0,0.0,0.0,0.0,10.3,False,open_meteo_historical_weather_api,2026-06-11T10:40:28Z
3,Manila,2024-01-07,3,27.1,31.0,24.6,30.3,0.0,0.0,0.0,15.5,False,open_meteo_historical_weather_api,2026-06-11T10:40:28Z
3,Manila,2024-01-08,51,27.3,31.4,24.7,31.0,0.8,0.8,4.0,19.7,True,open_meteo_historical_weather_api,2026-06-11T10:40:28Z
3,Manila,2024-01-09,63,26.8,31.1,23.5,31.5,5.9,5.9,7.0,12.3,True,open_meteo_historical_weather_api,2026-06-11T10:40:28Z
3,Manila,2024-01-10,53,27.1,30.9,24.5,32.0,2.0,2.0,9.0,11.5,True,open_meteo_historical_weather_api,2026-06-11T10:40:28Z
3,Manila,2024-01-11,51,26.8,30.8,24.2,30.8,0.1,0.1,1.0,13.0,True,open_meteo_historical_weather_api,2026-06-11T10:40:28Z
3,Manila,2024-01-12,3,26.3,30.2,23.8,29.2,0.0,0.0,0.0,14.3,False,open_meteo_historical_weather_api,2026-06-11T10:40:28Z
3,Manila,2024-01-13,3,26.7,30.4,23.9,29.1,0.0,0.0,0.0,19.1,False,open_meteo_historical_weather_api,2026-06-11T10:40:28Z
3,Manila,2024-01-14,3,26.8,31.0,24.0,29.3,0.0,0.0,0.0,13.4,False,open_meteo_historical_weather_api,2026-06-11T10:40:28Z
3,Manila,2024-01-15,51,26.7,30.9,23.6,29.4,1.2,1.2,7.0,12.9,True,open_meteo_historical_weather_api,2026-06-11T10:40:28Z
3,Manila,2024-01-16,3,26.2,30.6,23.0,28.0,0.0,0.0,0.0,20.9,False,open_meteo_historical_weather_api,2026-06-11T10:40:28Z
3,Manila,2024-01-17,51,26.0,30.9,23.0,27.6,0.1,0.1,1.0,19.1,True,open_meteo_historical_weather_api,2026-06-11T10:40:28Z
3,Manila,2024-01-18,53,26.0,31.4,21.8,28.3,1.0,1.0,4.0,12.4,True,open_meteo_historical_weather_api,2026-06-11T10:40:28Z
3,Manila,2024-01-19,51,26.8,31.9,23.2,29.9,0.8,0.8,4.0,14.9,True,open_meteo_historical_weather_api,2026-06-11T10:40:28Z
3,Manila,2024-01-20,53,26.4,29.8,23.0,30.1,2.5,2.5,8.0,12.6,True,open_meteo_historical_weather_api,2026-06-11T10:40:28Z
3,Manila,2024-01-21,51,27.2,31.1,24.0,31.3,0.6,0.6,6.0,11.5,True,open_meteo_historical_weather_api,2026-06-11T10:40:28Z
3,Manila,2024-01-22,53,26.9,31.0,24.1,31.0,2.9,2.9,8.0,15.0,True,open_meteo_historical_weather_api,2026-06-11T10:40:28Z
3,Manila,2024-01-23,53,26.3,29.2,24.0,31.0,2.5,2.5,7.0,12.4,True,open_meteo_historical_weather_api,2026-06-11T10:40:28Z
3,Manila,2024-01-24,3,26.4,30.0,24.2,28.7,0.0,0.0,0.0,20.1,False,open_meteo_historical_weather_api,2026-06-11T10:40:28Z
3,Manila,2024-01-25,3,25.9,30.0,23.5,28.0,0.0,0.0,0.0,13.7,False,open_meteo_historical_weather_api,2026-06-11T10:40:28Z
3,Manila,2024-01-26,51,25.2,28.9,22.5,27.0,0.2,0.2,2.0,13.4,True,open_meteo_historical_weather_api,2026-06-11T10:40:28Z
3,Manila,2024-01-27,3,24.7,29.1,21.1,25.9,0.0,0.0,0.0,21.3,False,open_meteo_historical_weather_api,2026-06-11T10:40:28Z
3,Manila,2024-01-28,3,24.9,29.6,21.2,26.1,0.0,0.0,0.0,24.3,False,open_meteo_historical_weather_api,2026-06-11T10:40:28Z
3,Manila,2024-01-29,51,25.5,30.2,22.6,26.8,0.2,0.2,1.0,24.2,True,open_meteo_historical_weather_api,2026-06-11T10:40:28Z
3,Manila,2024-01-30,3,25.8,31.4,20.8,27.4,0.0,0.0,0.0,19.5,False,open_meteo_historical_weather_api,2026-06-11T10:40:28Z
3,Manila,2024-01-31,51,26.3,30.9,22.4,28.7,0.2,0.2,2.0,17.7,True,open_meteo_historical_weather_api,2026-06-11T10:40:28Z
3,Manila,2024-02-01,51,27.1,32.8,23.0,30.0,0.1,0.1,1.0,19.1,True,open_meteo_historical_weather_api,2026-06-11T10:40:28Z
3,Manila,2024-02-02,3,27.5,32.6,23.8,30.3,0.0,0.0,0.0,17.7,False,open_meteo_historical_weather_api,2026-06-11T10:40:28Z
3,Manila,2024-02-03,3,27.6,33.6,23.3,30.4,0.0,0.0,0.0,21.5,False,open_meteo_historical_weather_api,2026-06-11T10:40:28Z
3,Manila,2024-02-04,2,28.3,34.2,24.1,30.8,0.0,0.0,0.0,22.4,False,open_meteo_historical_weather_api,2026-06-11T10:40:28Z
3,Manila,2024-02-05,51,27.9,33.3,23.9,31.0,0.2,0.2,2.0,19.4,True,open_meteo_historical_weather_api,2026-06-11T10:40:28Z
3,Manila,2024-02-06,3,27.5,32.8,23.5,30.7,0.0,0.0,0.0,15.5,False,open_meteo_historical_weather_api,2026-06-11T10:40:28Z
3,Manila,2024-02-07,3,27.5,32.7,23.0,30.1,0.0,0.0,0.0,23.2,False,open_meteo_historical_weather_api,2026-06-11T10:40:28Z
3,Manila,2024-02-08,1,27.4,31.8,22.6,30.6,0.0,0.0,0.0,17.5,False,open_meteo_historical_weather_api,2026-06-11T10:40:28Z
3,Manila,2024-02-09,53,27.4,31.4,23.9,30.9,2.7,2.7,8.0,14.7,True,open_meteo_historical_weather_api,2026-06-11T10:40:28Z
3,Manila,2024-02-10,53,27.5,32.0,24.2,30.3,1.4,1.4,4.0,17.4,True,open_meteo_historical_weather_api,2026-06-11T10:40:28Z
3,Manila,2024-02-11,3,27.2,32.2,23.9,29.2,0.0,0.0,0.0,17.7,False,open_meteo_historical_weather_api,2026-06-11T10:40:28Z
3,Manila,2024-02-12,3,26.4,31.3,23.5,27.9,0.0,0.0,0.0,20.7,False,open_meteo_historical_weather_api,2026-06-11T10:40:28Z
3,Manila,2024-02-13,3,27.1,32.0,23.8,28.6,0.0,0.0,0.0,22.4,False,open_meteo_historical_weather_api,2026-06-11T10:40:28Z
3,Manila,2024-02-14,3,27.9,33.8,24.1,30.4,0.0,0.0,0.0,22.1,False,open_meteo_historical_weather_api,2026-06-11T10:40:28Z
3,Manila,2024-02-15,51,27.9,32.8,23.6,31.0,0.2,0.2,2.0,16.0,True,open_meteo_historical_weather_api,2026-06-11T10:40:28Z
3,Manila,2024-02-16,51,27.0,30.5,23.8,30.4,1.0,1.0,6.0,16.6,True,open_meteo_historical_weather_api,2026-06-11T10:40:28Z
3,Manila,2024-02-17,3,27.8,33.5,23.7,29.5,0.0,0.0,0.0,21.7,False,open_meteo_historical_weather_api,2026-06-11T10:40:28Z
3,Manila,2024-02-18,3,28.1,34.0,23.9,30.7,0.0,0.0,0.0,19.4,False,open_meteo_historical_weather_api,2026-06-11T10:40:28Z
3,Manila,2024-02-19,3,28.3,33.5,25.0,29.9,0.0,0.0,0.0,23.3,False,open_meteo_historical_weather_api,2026-06-11T10:40:28Z
3,Manila,2024-02-20,3,28.2,33.9,24.2,30.2,0.0,0.0,0.0,22.2,False,open_meteo_historical_weather_api,2026-06-11T10:40:28Z
3,Manila,2024-02-21,3,28.2,33.2,24.8,29.7,0.0,0.0,0.0,24.4,False,open_meteo_historical_weather_api,2026-06-11T10:40:28Z
3,Manila,2024-02-22,3,28.5,34.3,23.0,31.1,0.0,0.0,0.0,17.7,False,open_meteo_historical_weather_api,2026-06-11T10:40:28Z
3,Manila,2024-02-23,3,28.2,34.2,23.5,30.9,0.0,0.0,0.0,21.6,False,open_meteo_historical_weather_api,2026-06-11T10:40:28Z
3,Manila,2024-02-24,51,28.8,35.0,24.2,31.6,0.1,0.1,1.0,21.0,True,open_meteo_historical_weather_api,2026-06-11T10:40:28Z
3,Manila,2024-02-25,53,28.4,32.8,26.1,31.4,1.4,1.4,5.0,19.1,True,open_meteo_historical_weather_api,2026-06-11T10:40:28Z
3,Manila,2024-02-26,2,27.8,32.5,24.8,29.1,0.0,0.0,0.0,20.8,False,open_meteo_historical_weather_api,2026-06-11T10:40:28Z
3,Manila,2024-02-27,3,27.2,32.8,22.9,28.6,0.0,0.0,0.0,22.5,False,open_meteo_historical_weather_api,2026-06-11T10:40:28Z
3,Manila,2024-02-28,3,27.1,32.7,22.0,28.1,0.0,0.0,0.0,23.4,False,open_meteo_historical_weather_api,2026-06-11T10:40:28Z
3,Manila,2024-02-29,51,27.8,34.3,23.4,29.6,0.1,0.1,1.0,21.8,True,open_meteo_historical_weather_api,2026-06-11T10:40:28Z
3,Manila,2024-03-01,3,27.7,32.4,23.2,30.2,0.0,0.0,0.0,17.3,False,open_meteo_historical_weather_api,2026-06-11T10:40:28Z
3,Manila,2024-03-02,3,27.6,32.0,23.5,29.8,0.0,0.0,0.0,17.0,False,open_meteo_historical_weather_api,2026-06-11T10:40:28Z
3,Manila,2024-03-03,3,27.5,33.3,23.2,29.2,0.0,0.0,0.0,21.3,False,open_meteo_historical_weather_api,2026-06-11T10:40:28Z
3,Manila,2024-03-04,53,27.9,32.7,23.9,30.8,3.6,3.6,7.0,18.1,True,open_meteo_historical_weather_api,2026-06-11T10:40:28Z
3,Manila,2024-03-05,3,28.8,33.8,25.2,30.5,0.0,0.0,0.0,21.5,False,open_meteo_historical_weather_api,2026-06-11T10:40:28Z
3,Manila,2024-03-06,3,28.2,34.0,23.1,31.3,0.0,0.0,0.0,14.1,False,open_meteo_historical_weather_api,2026-06-11T10:40:28Z
3,Manila,2024-03-07,51,28.1,33.0,24.0,31.4,0.2,0.2,2.0,19.3,True,open_meteo_historical_weather_api,2026-06-11T10:40:28Z
3,Manila,2024-03-08,51,27.8,32.2,24.6,30.8,0.8,0.8,7.0,18.6,True,open_meteo_historical_weather_api,2026-06-11T10:40:28Z
3,Manila,2024-03-09,55,27.8,32.3,25.0,30.7,3.5,3.5,4.0,20.6,True,open_meteo_historical_weather_api,2026-06-11T10:40:28Z
3,Manila,2024-03-10,53,27.8,33.0,24.4,30.4,1.2,1.2,5.0,16.4,True,open_meteo_historical_weather_api,2026-06-11T10:40:28Z
3,Manila,2024-03-11,51,27.9,32.3,24.7,30.5,0.3,0.3,2.0,17.9,True,open_meteo_historical_weather_api,2026-06-11T10:40:28Z
3,Manila,2024-03-12,63,27.3,31.8,24.3,31.9,12.1,12.1,6.0,13.4,True,open_meteo_historical_weather_api,2026-06-11T10:40:28Z
3,Manila,2024-03-13,51,27.6,31.8,24.8,31.2,0.4,0.4,4.0,19.8,True,open_meteo_historical_weather_api,2026-06-11T10:40:28Z
3,Manila,2024-03-14,61,27.5,31.9,24.2,30.7,5.8,5.8,9.0,13.9,True,open_meteo_historical_weather_api,2026-06-11T10:40:28Z
3,Manila,2024-03-15,61,27.2,31.1,24.4,30.9,3.1,3.1,7.0,15.9,True,open_meteo_historical_weather_api,2026-06-11T10:40:28Z
3,Manila,2024-03-16,53,27.9,32.8,24.4,31.2,1.7,1.7,7.0,19.0,True,open_meteo_historical_weather_api,2026-06-11T10:40:28Z
3,Manila,2024-03-17,51,27.6,31.5,24.3,31.3,0.8,0.8,2.0,12.1,True,open_meteo_historical_weather_api,2026-06-11T10:40:28Z
3,Manila,2024-03-18,51,27.7,32.6,23.8,30.6,0.5,0.5,4.0,17.6,True,open_meteo_historical_weather_api,2026-06-11T10:40:28Z
3,Manila,2024-03-19,55,27.6,32.0,23.6,31.2,2.9,2.9,9.0,11.9,True,open_meteo_historical_weather_api,2026-06-11T10:40:28Z
3,Manila,2024-03-20,51,27.5,32.2,24.2,30.8,0.2,0.2,2.0,20.0,True,open_meteo_historical_weather_api,2026-06-11T10:40:28Z
3,Manila,2024-03-21,51,26.5,30.7,24.0,29.3,0.5,0.5,3.0,19.8,True,open_meteo_historical_weather_api,2026-06-11T10:40:28Z
3,Manila,2024-03-22,51,26.7,31.0,23.8,28.9,0.2,0.2,1.0,22.4,True,open_meteo_historical_weather_api,2026-06-11T10:40:28Z
3,Manila,2024-03-23,51,27.6,31.9,24.6,30.3,1.7,1.7,9.0,25.0,True,open_meteo_historical_weather_api,2026-06-11T10:40:28Z
3,Manila,2024-03-24,2,28.7,34.2,24.9,31.0,0.0,0.0,0.0,22.4,False,open_meteo_historical_weather_api,2026-06-11T10:40:28Z
3,Manila,2024-03-25,3,28.9,34.7,24.8,31.6,0.0,0.0,0.0,22.2,False,open_meteo_historical_weather_api,2026-06-11T10:40:28Z
3,Manila,2024-03-26,61,29.1,34.2,24.9,33.4,2.4,2.4,4.0,10.7,True,open_meteo_historical_weather_api,2026-06-11T10:40:28Z
3,Manila,2024-03-27,63,28.6,33.6,25.0,33.3,8.3,8.3,10.0,15.1,True,open_meteo_historical_weather_api,2026-06-11T10:40:28Z
3,Manila,2024-03-28,63,29.6,35.5,25.2,33.8,4.2,4.2,3.0,20.9,True,open_meteo_historical_weather_api,2026-06-11T10:40:28Z
3,Manila,2024-03-29,61,28.9,33.8,25.5,33.4,2.8,2.8,6.0,22.2,True,open_meteo_historical_weather_api,2026-06-11T10:40:28Z
3,Manila,2024-03-30,3,29.3,35.1,25.5,32.3,0.0,0.0,0.0,27.2,False,open_meteo_historical_weather_api,2026-06-11T10:40:28Z
3,Manila,2024-03-31,3,29.1,35.3,23.6,31.7,0.0,0.0,0.0,18.2,False,open_meteo_historical_weather_api,2026-06-11T10:40:28Z
3,Manila,2024-04-01,3,30.0,35.5,25.5,32.4,0.0,0.0,0.0,23.6,False,open_meteo_historical_weather_api,2026-06-11T10:40:28Z
3,Manila,2024-04-02,3,30.0,35.8,25.7,31.8,0.0,0.0,0.0,19.2,False,open_meteo_historical_weather_api,2026-06-11T10:40:28Z
3,Manila,2024-04-03,3,29.7,35.8,25.5,32.0,0.0,0.0,0.0,22.5,False,open_meteo_historical_weather_api,2026-06-11T10:40:28Z
3,Manila,2024-04-04,53,29.6,34.9,24.7,33.1,1.9,1.9,6.0,20.4,True,open_meteo_historical_weather_api,2026-06-11T10:40:28Z
3,Manila,2024-04-05,3,30.1,36.0,25.4,32.7,0.0,0.0,0.0,24.4,False,open_meteo_historical_weather_api,2026-06-11T10:40:28Z
3,Manila,2024-04-06,53,29.8,35.0,26.0,32.9,1.5,1.5,6.0,23.1,True,open_meteo_historical_weather_api,2026-06-11T10:40:28Z
3,Manila,2024-04-07,55,29.7,34.5,25.4,32.7,2.1,2.1,5.0,23.5,True,open_meteo_historical_weather_api,2026-06-11T10:40:28Z
3,Manila,2024-04-08,3,29.6,35.0,25.1,32.6,0.0,0.0,0.0,24.6,False,open_meteo_historical_weather_api,2026-06-11T10:40:28Z
3,Manila,2024-04-09,3,29.0,35.2,23.2,32.4,0.0,0.0,0.0,22.0,False,open_meteo_historical_weather_api,2026-06-11T10:40:28Z
3,Manila,2024-04-10,51,29.9,35.2,25.6,33.4,0.5,0.5,4.0,16.5,True,open_meteo_historical_weather_api,2026-06-11T10:40:28Z
3,Manila,2024-04-11,51,30.2,36.2,26.1,33.0,0.1,0.1,1.0,19.8,True,open_meteo_historical_weather_api,2026-06-11T10:40:28Z
3,Manila,2024-04-12,3,30.1,35.8,25.6,32.9,0.0,0.0,0.0,21.3,False,open_meteo_historical_weather_api,2026-06-11T10:40:28Z
3,Manila,2024-04-13,2,29.8,35.8,24.6,32.9,0.0,0.0,0.0,25.2,False,open_meteo_historical_weather_api,2026-06-11T10:40:28Z
3,Manila,2024-04-14,53,30.1,35.2,25.1,33.7,1.7,1.7,5.0,20.2,True,open_meteo_historical_weather_api,2026-06-11T10:40:28Z
3,Manila,2024-04-15,51,30.2,34.7,26.5,33.9,0.1,0.1,1.0,23.8,True,open_meteo_historical_weather_api,2026-06-11T10:40:28Z
3,Manila,2024-04-16,2,30.2,35.7,25.2,33.2,0.0,0.0,0.0,24.7,False,open_meteo_historical_weather_api,2026-06-11T10:40:28Z
3,Manila,2024-04-17,2,29.9,35.5,24.4,32.9,0.0,0.0,0.0,24.0,False,open_meteo_historical_weather_api,2026-06-11T10:40:28Z
3,Manila,2024-04-18,3,30.4,36.2,25.8,34.1,0.0,0.0,0.0,20.2,False,open_meteo_historical_weather_api,2026-06-11T10:40:28Z
3,Manila,2024-04-19,3,31.1,36.1,26.4,33.6,0.0,0.0,0.0,27.0,False,open_meteo_historical_weather_api,2026-06-11T10:40:28Z
3,Manila,2024-04-20,3,30.9,37.0,25.7,33.2,0.0,0.0,0.0,20.5,False,open_meteo_historical_weather_api,2026-06-11T10:40:28Z
3,Manila,2024-04-21,3,31.0,36.3,27.0,33.2,0.0,0.0,0.0,24.3,False,open_meteo_historical_weather_api,2026-06-11T10:40:28Z
3,Manila,2024-04-22,51,30.9,36.5,26.1,34.0,0.3,0.3,2.0,22.6,True,open_meteo_historical_weather_api,2026-06-11T10:40:28Z
3,Manila,2024-04-23,51,31.4,36.4,27.2,35.7,1.1,1.1,3.0,21.5,True,open_meteo_historical_weather_api,2026-06-11T10:40:28Z
3,Manila,2024-04-24,53,31.2,36.8,27.5,36.5,1.3,1.3,2.0,13.5,True,open_meteo_historical_weather_api,2026-06-11T10:40:28Z
3,Manila,2024-04-25,53,31.4,36.7,27.6,36.1,1.1,1.1,3.0,16.3,True,open_meteo_historical_weather_api,2026-06-11T10:40:28Z
3,Manila,2024-04-26,51,31.9,37.3,27.8,35.5,0.2,0.2,2.0,24.6,True,open_meteo_historical_weather_api,2026-06-11T10:40:28Z
3,Manila,2024-04-27,51,31.8,37.4,27.0,35.8,0.1,0.1,1.0,20.6,True,open_meteo_historical_weather_api,2026-06-11T10:40:28Z
3,Manila,2024-04-28,51,32.5,37.2,28.8,36.5,0.6,0.6,3.0,21.7,True,open_meteo_historical_weather_api,2026-06-11T10:40:28Z
3,Manila,2024-04-29,3,32.6,37.6,29.0,36.1,0.0,0.0,0.0,18.2,False,open_meteo_historical_weather_api,2026-06-11T10:40:28Z
3,Manila,2024-04-30,3,32.0,38.2,27.2,34.8,0.0,0.0,0.0,20.4,False,open_meteo_historical_weather_api,2026-06-11T10:40:28Z
3,Manila,2024-05-01,53,31.5,36.7,27.3,36.2,2.1,2.1,8.0,12.6,True,open_meteo_historical_weather_api,2026-06-11T10:40:28Z
3,Manila,2024-05-02,3,31.6,37.3,27.5,35.1,0.0,0.0,0.0,22.9,False,open_meteo_historical_weather_api,2026-06-11T10:40:28Z
3,Manila,2024-05-03,51,31.3,37.1,26.6,34.2,0.4,0.4,3.0,21.3,True,open_meteo_historical_weather_api,2026-06-11T10:40:28Z
3,Manila,2024-05-04,51,31.4,37.2,27.2,34.6,0.2,0.2,2.0,21.4,True,open_meteo_historical_weather_api,2026-06-11T10:40:28Z
3,Manila,2024-05-05,51,31.5,36.5,27.0,35.7,0.2,0.2,2.0,16.2,True,open_meteo_historical_weather_api,2026-06-11T10:40:28Z
3,Manila,2024-05-06,51,31.7,36.4,28.4,35.8,0.3,0.3,3.0,20.9,True,open_meteo_historical_weather_api,2026-06-11T10:40:28Z
3,Manila,2024-05-07,1,31.8,37.5,27.6,34.8,0.0,0.0,0.0,20.1,False,open_meteo_historical_weather_api,2026-06-11T10:40:28Z
3,Manila,2024-05-08,51,31.4,35.8,27.8,35.7,1.1,1.1,5.0,19.7,True,open_meteo_historical_weather_api,2026-06-11T10:40:28Z
3,Manila,2024-05-09,53,31.7,36.8,27.8,35.7,1.1,1.1,4.0,20.9,True,open_meteo_historical_weather_api,2026-06-11T10:40:28Z
3,Manila,2024-05-10,61,31.0,35.8,27.6,35.7,3.4,3.4,8.0,13.8,True,open_meteo_historical_weather_api,2026-06-11T10:40:28Z
3,Manila,2024-05-11,51,30.5,35.0,27.8,35.5,1.2,1.2,9.0,18.3,True,open_meteo_historical_weather_api,2026-06-11T10:40:28Z
3,Manila,2024-05-12,51,31.7,35.6,27.9,36.5,0.1,0.1,1.0,21.1,True,open_meteo_historical_weather_api,2026-06-11T10:40:28Z
3,Manila,2024-05-13,63,30.7,35.3,26.2,36.3,13.4,13.4,12.0,17.5,True,open_meteo_historical_weather_api,2026-06-11T10:40:28Z
3,Manila,2024-05-14,61,29.9,34.8,25.5,35.7,2.9,2.9,7.0,12.1,True,open_meteo_historical_weather_api,2026-06-11T10:40:28Z
3,Manila,2024-05-15,53,29.9,34.7,26.9,35.5,2.0,2.0,8.0,14.3,True,open_meteo_historical_weather_api,2026-06-11T10:40:28Z
3,Manila,2024-05-16,63,29.4,35.1,25.9,35.0,4.8,4.8,8.0,16.8,True,open_meteo_historical_weather_api,2026-06-11T10:40:28Z
3,Manila,2024-05-17,63,29.6,34.8,26.8,34.8,10.1,10.1,10.0,15.2,True,open_meteo_historical_weather_api,2026-06-11T10:40:28Z
3,Manila,2024-05-18,61,29.8,34.5,25.9,35.6,3.3,3.3,10.0,10.5,True,open_meteo_historical_weather_api,2026-06-11T10:40:28Z
3,Manila,2024-05-19,63,29.3,33.4,27.2,35.2,10.6,10.6,5.0,14.8,True,open_meteo_historical_weather_api,2026-06-11T10:40:28Z
3,Manila,2024-05-20,53,29.9,34.3,26.8,35.3,2.9,2.9,13.0,18.4,True,open_meteo_historical_weather_api,2026-06-11T10:40:28Z
3,Manila,2024-05-21,51,30.5,35.7,27.0,36.0,1.4,1.4,9.0,14.6,True,open_meteo_historical_weather_api,2026-06-11T10:40:28Z
3,Manila,2024-05-22,51,30.7,34.8,27.4,36.0,1.4,1.4,7.0,12.9,True,open_meteo_historical_weather_api,2026-06-11T10:40:28Z
3,Manila,2024-05-23,51,31.4,35.7,27.8,35.3,0.4,0.4,4.0,17.7,True,open_meteo_historical_weather_api,2026-06-11T10:40:28Z
3,Manila,2024-05-24,53,30.8,35.5,28.0,36.4,1.3,1.3,2.0,14.8,True,open_meteo_historical_weather_api,2026-06-11T10:40:28Z
3,Manila,2024-05-25,63,29.4,33.5,25.6,34.9,20.3,20.3,13.0,21.7,True,open_meteo_historical_weather_api,2026-06-11T10:40:28Z
3,Manila,2024-05-26,65,26.2,27.0,25.5,29.8,93.5,93.5,24.0,29.8,True,open_meteo_historical_weather_api,2026-06-11T10:40:28Z
3,Manila,2024-05-27,63,27.9,29.5,26.1,32.2,10.8,10.8,15.0,26.4,True,open_meteo_historical_weather_api,2026-06-11T10:40:28Z
3,Manila,2024-05-28,61,28.4,30.3,27.5,33.1,6.1,6.1,11.0,28.6,True,open_meteo_historical_weather_api,2026-06-11T10:40:28Z
3,Manila,2024-05-29,63,28.3,31.2,26.8,34.1,12.5,12.5,14.0,20.6,True,open_meteo_historical_weather_api,2026-06-11T10:40:28Z
3,Manila,2024-05-30,51,29.4,33.2,26.0,35.6,0.2,0.2,2.0,11.4,True,open_meteo_historical_weather_api,2026-06-11T10:40:28Z
3,Manila,2024-05-31,51,30.5,34.1,27.5,36.1,0.2,0.2,2.0,15.5,True,open_meteo_historical_weather_api,2026-06-11T10:40:28Z
3,Manila,2024-06-01,51,30.3,34.3,27.2,37.1,0.4,0.4,3.0,14.6,True,open_meteo_historical_weather_api,2026-06-11T10:40:28Z
3,Manila,2024-06-02,61,29.4,33.9,26.9,35.8,3.9,3.9,8.0,14.9,True,open_meteo_historical_weather_api,2026-06-11T10:40:28Z
3,Manila,2024-06-03,63,29.2,32.2,27.0,35.9,6.2,6.2,4.0,16.6,True,open_meteo_historical_weather_api,2026-06-11T10:40:28Z
3,Manila,2024-06-04,53,29.5,32.7,27.2,35.2,0.9,0.9,2.0,13.8,True,open_meteo_historical_weather_api,2026-06-11T10:40:28Z
3,Manila,2024-06-05,63,28.2,31.5,26.5,34.2,10.9,10.9,10.0,11.5,True,open_meteo_historical_weather_api,2026-06-11T10:40:28Z
3,Manila,2024-06-06,55,27.6,31.5,25.5,33.6,3.5,3.5,11.0,11.8,True,open_meteo_historical_weather_api,2026-06-11T10:40:28Z
3,Manila,2024-06-07,63,27.3,30.8,25.0,33.4,21.7,21.7,15.0,11.0,True,open_meteo_historical_weather_api,2026-06-11T10:40:28Z
3,Manila,2024-06-08,63,27.7,30.5,25.1,33.9,10.2,10.2,8.0,12.2,True,open_meteo_historical_weather_api,2026-06-11T10:40:28Z
3,Manila,2024-06-09,63,28.6,32.3,26.9,34.4,5.5,5.5,7.0,14.0,True,open_meteo_historical_weather_api,2026-06-11T10:40:28Z
3,Manila,2024-06-10,51,28.5,32.7,25.9,34.5,0.6,0.6,5.0,13.3,True,open_meteo_historical_weather_api,2026-06-11T10:40:28Z
3,Manila,2024-06-11,51,29.0,32.2,25.6,35.5,0.2,0.2,2.0,9.4,True,open_meteo_historical_weather_api,2026-06-11T10:40:28Z
3,Manila,2024-06-12,53,29.3,32.2,27.3,36.1,1.8,1.8,7.0,11.1,True,open_meteo_historical_weather_api,2026-06-11T10:40:28Z
3,Manila,2024-06-13,61,29.2,32.4,26.5,35.8,2.9,2.9,7.0,12.2,True,open_meteo_historical_weather_api,2026-06-11T10:40:28Z
3,Manila,2024-06-14,63,29.1,32.8,26.5,35.6,14.9,14.9,13.0,11.4,True,open_meteo_historical_weather_api,2026-06-11T10:40:28Z
3,Manila,2024-06-15,63,28.0,32.0,24.9,33.9,13.8,13.8,18.0,11.4,True,open_meteo_historical_weather_api,2026-06-11T10:40:28Z
3,Manila,2024-06-16,65,27.9,32.0,25.1,33.8,15.5,15.5,15.0,12.1,True,open_meteo_historical_weather_api,2026-06-11T10:40:28Z
3,Manila,2024-06-17,63,27.6,30.9,25.4,33.6,4.7,4.7,10.0,10.9,True,open_meteo_historical_weather_api,2026-06-11T10:40:28Z
3,Manila,2024-06-18,63,27.8,31.0,25.5,34.0,10.4,10.4,16.0,11.3,True,open_meteo_historical_weather_api,2026-06-11T10:40:28Z
3,Manila,2024-06-19,63,28.1,32.0,26.1,34.2,13.8,13.8,12.0,11.1,True,open_meteo_historical_weather_api,2026-06-11T10:40:28Z
3,Manila,2024-06-20,63,27.9,31.3,24.6,33.5,9.1,9.1,15.0,16.3,True,open_meteo_historical_weather_api,2026-06-11T10:40:28Z
3,Manila,2024-06-21,65,27.4,31.5,25.2,33.2,16.1,16.1,14.0,18.1,True,open_meteo_historical_weather_api,2026-06-11T10:40:28Z
3,Manila,2024-06-22,61,28.0,32.2,25.3,34.2,6.9,6.9,5.0,13.5,True,open_meteo_historical_weather_api,2026-06-11T10:40:28Z
3,Manila,2024-06-23,63,27.2,30.4,25.1,32.9,13.6,13.6,13.0,13.9,True,open_meteo_historical_weather_api,2026-06-11T10:40:28Z
3,Manila,2024-06-24,63,27.6,31.2,24.8,33.4,9.6,9.6,8.0,14.0,True,open_meteo_historical_weather_api,2026-06-11T10:40:28Z
3,Manila,2024-06-25,63,28.2,31.5,25.1,33.3,5.2,5.2,6.0,22.6,True,open_meteo_historical_weather_api,2026-06-11T10:40:28Z
3,Manila,2024-06-26,55,28.3,31.8,26.0,33.4,2.9,2.9,9.0,15.9,True,open_meteo_historical_weather_api,2026-06-11T10:40:28Z
3,Manila,2024-06-27,61,28.1,31.0,26.0,33.1,3.7,3.7,14.0,23.5,True,open_meteo_historical_weather_api,2026-06-11T10:40:28Z
3,Manila,2024-06-28,51,28.8,31.8,26.5,34.2,0.7,0.7,5.0,14.3,True,open_meteo_historical_weather_api,2026-06-11T10:40:28Z
3,Manila,2024-06-29,65,28.8,32.8,25.9,34.9,14.3,14.3,6.0,11.7,True,open_meteo_historical_weather_api,2026-06-11T10:40:28Z
3,Manila,2024-06-30,65,27.9,31.9,25.6,34.2,12.6,12.6,11.0,13.7,True,open_meteo_historical_weather_api,2026-06-11T10:40:28Z
3,Manila,2024-07-01,63,27.6,30.9,25.3,33.9,5.3,5.3,8.0,8.7,True,open_meteo_historical_weather_api,2026-06-11T10:40:28Z
3,Manila,2024-07-02,63,27.7,31.3,25.6,33.5,7.7,7.7,9.0,17.5,True,open_meteo_historical_weather_api,2026-06-11T10:40:28Z
3,Manila,2024-07-03,63,28.6,33.1,25.8,33.9,6.0,6.0,9.0,18.7,True,open_meteo_historical_weather_api,2026-06-11T10:40:28Z
3,Manila,2024-07-04,65,27.9,30.8,25.9,34.0,8.7,8.7,8.0,11.2,True,open_meteo_historical_weather_api,2026-06-11T10:40:28Z
3,Manila,2024-07-05,65,26.6,29.1,24.4,32.4,22.8,22.8,12.0,8.9,True,open_meteo_historical_weather_api,2026-06-11T10:40:28Z
3,Manila,2024-07-06,65,27.8,32.2,24.5,33.2,9.4,9.4,4.0,18.2,True,open_meteo_historical_weather_api,2026-06-11T10:40:28Z
3,Manila,2024-07-07,63,27.9,32.1,25.3,33.1,11.0,11.0,9.0,15.9,True,open_meteo_historical_weather_api,2026-06-11T10:40:28Z
3,Manila,2024-07-08,63,27.3,30.7,25.2,33.3,11.6,11.6,15.0,9.7,True,open_meteo_historical_weather_api,2026-06-11T10:40:28Z
3,Manila,2024-07-09,63,27.4,31.2,25.0,33.6,16.3,16.3,9.0,12.5,True,open_meteo_historical_weather_api,2026-06-11T10:40:28Z
3,Manila,2024-07-10,53,27.6,30.4,25.0,33.4,1.7,1.7,9.0,8.2,True,open_meteo_historical_weather_api,2026-06-11T10:40:28Z
3,Manila,2024-07-11,63,27.0,31.2,24.9,32.6,31.4,31.4,18.0,10.8,True,open_meteo_historical_weather_api,2026-06-11T10:40:28Z
3,Manila,2024-07-12,63,27.2,31.8,24.5,33.1,17.4,17.4,17.0,13.0,True,open_meteo_historical_weather_api,2026-06-11T10:40:28Z
3,Manila,2024-07-13,61,27.7,30.6,24.7,32.7,5.0,5.0,11.0,18.7,True,open_meteo_historical_weather_api,2026-06-11T10:40:28Z
3,Manila,2024-07-14,63,27.9,31.2,24.9,32.3,8.4,8.4,14.0,19.3,True,open_meteo_historical_weather_api,2026-06-11T10:40:28Z
3,Manila,2024-07-15,63,27.0,30.5,25.0,32.1,8.9,8.9,16.0,15.5,True,open_meteo_historical_weather_api,2026-06-11T10:40:28Z
3,Manila,2024-07-16,51,28.0,31.4,25.1,32.6,0.7,0.7,4.0,22.4,True,open_meteo_historical_weather_api,2026-06-11T10:40:28Z
3,Manila,2024-07-17,63,27.3,30.5,25.7,33.2,10.6,10.6,11.0,12.3,True,open_meteo_historical_weather_api,2026-06-11T10:40:28Z
3,Manila,2024-07-18,63,27.1,30.9,25.6,33.2,9.6,9.6,20.0,12.6,True,open_meteo_historical_weather_api,2026-06-11T10:40:28Z
3,Manila,2024-07-19,63,27.2,30.6,25.0,32.4,10.0,10.0,17.0,19.7,True,open_meteo_historical_weather_api,2026-06-11T10:40:28Z
3,Manila,2024-07-20,65,28.0,30.5,25.2,33.7,9.8,9.8,11.0,16.4,True,open_meteo_historical_weather_api,2026-06-11T10:40:28Z
3,Manila,2024-07-21,63,27.7,29.8,26.2,32.4,16.9,16.9,15.0,25.1,True,open_meteo_historical_weather_api,2026-06-11T10:40:28Z
3,Manila,2024-07-22,65,26.6,27.5,26.0,30.1,59.9,59.9,24.0,28.3,True,open_meteo_historical_weather_api,2026-06-11T10:40:28Z
3,Manila,2024-07-23,63,26.2,26.5,25.8,28.3,79.8,79.8,24.0,36.3,True,open_meteo_historical_weather_api,2026-06-11T10:40:28Z
3,Manila,2024-07-24,65,26.3,27.5,25.4,28.2,62.4,62.4,24.0,36.8,True,open_meteo_historical_weather_api,2026-06-11T10:40:28Z
3,Manila,2024-07-25,63,26.8,28.2,25.2,29.0,16.2,16.2,24.0,35.9,True,open_meteo_historical_weather_api,2026-06-11T10:40:28Z
3,Manila,2024-07-26,61,28.2,30.9,26.1,32.8,6.1,6.1,14.0,24.6,True,open_meteo_historical_weather_api,2026-06-11T10:40:28Z
3,Manila,2024-07-27,51,28.2,31.1,25.5,34.1,0.4,0.4,1.0,13.7,True,open_meteo_historical_weather_api,2026-06-11T10:40:28Z
3,Manila,2024-07-28,61,26.5,28.2,25.1,32.1,10.8,10.8,17.0,15.3,True,open_meteo_historical_weather_api,2026-06-11T10:40:28Z
3,Manila,2024-07-29,51,26.9,29.1,24.6,32.3,1.7,1.7,7.0,16.1,True,open_meteo_historical_weather_api,2026-06-11T10:40:28Z
3,Manila,2024-07-30,53,27.9,30.6,25.3,33.8,1.5,1.5,7.0,14.2,True,open_meteo_historical_weather_api,2026-06-11T10:40:28Z
3,Manila,2024-07-31,51,27.8,30.6,25.1,33.9,0.6,0.6,4.0,11.6,True,open_meteo_historical_weather_api,2026-06-11T10:40:28Z
3,Manila,2024-08-01,63,27.0,30.1,25.1,33.0,13.1,13.1,18.0,9.0,True,open_meteo_historical_weather_api,2026-06-11T10:40:28Z
3,Manila,2024-08-02,63,26.7,30.2,24.1,32.4,13.1,13.1,8.0,10.5,True,open_meteo_historical_weather_api,2026-06-11T10:40:28Z
3,Manila,2024-08-03,61,26.7,30.2,24.0,32.4,2.9,2.9,7.0,10.1,True,open_meteo_historical_weather_api,2026-06-11T10:40:28Z
3,Manila,2024-08-04,63,27.0,30.0,24.6,32.7,5.9,5.9,7.0,15.1,True,open_meteo_historical_weather_api,2026-06-11T10:40:28Z
3,Manila,2024-08-05,63,26.9,29.1,25.4,31.9,22.7,22.7,24.0,15.8,True,open_meteo_historical_weather_api,2026-06-11T10:40:28Z
3,Manila,2024-08-06,53,27.1,29.2,25.4,31.7,6.2,6.2,20.0,20.4,True,open_meteo_historical_weather_api,2026-06-11T10:40:28Z
3,Manila,2024-08-07,51,28.2,30.3,26.5,32.9,2.5,2.5,12.0,23.2,True,open_meteo_historical_weather_api,2026-06-11T10:40:28Z
3,Manila,2024-08-08,63,27.8,29.9,26.7,32.4,15.8,15.8,21.0,23.2,True,open_meteo_historical_weather_api,2026-06-11T10:40:28Z
3,Manila,2024-08-09,51,28.3,30.5,26.2,32.9,1.8,1.8,9.0,25.1,True,open_meteo_historical_weather_api,2026-06-11T10:40:28Z
3,Manila,2024-08-10,61,27.2,28.6,26.1,32.1,8.3,8.3,17.0,20.6,True,open_meteo_historical_weather_api,2026-06-11T10:40:28Z
3,Manila,2024-08-11,51,27.8,30.2,25.0,33.3,0.9,0.9,6.0,22.7,True,open_meteo_historical_weather_api,2026-06-11T10:40:28Z
3,Manila,2024-08-12,51,28.3,31.0,25.4,33.8,0.4,0.4,3.0,19.3,True,open_meteo_historical_weather_api,2026-06-11T10:40:28Z
3,Manila,2024-08-13,51,28.9,31.4,26.0,34.6,1.0,1.0,8.0,14.6,True,open_meteo_historical_weather_api,2026-06-11T10:40:28Z
3,Manila,2024-08-14,61,28.5,31.4,26.6,34.9,4.3,4.3,11.0,18.0,True,open_meteo_historical_weather_api,2026-06-11T10:40:28Z
3,Manila,2024-08-15,61,28.3,31.2,26.1,34.8,4.5,4.5,9.0,16.6,True,open_meteo_historical_weather_api,2026-06-11T10:40:28Z
3,Manila,2024-08-16,3,28.4,31.4,25.9,34.7,0.0,0.0,0.0,13.8,False,open_meteo_historical_weather_api,2026-06-11T10:40:28Z
3,Manila,2024-08-17,51,28.6,32.7,25.5,34.5,0.1,0.1,1.0,12.6,True,open_meteo_historical_weather_api,2026-06-11T10:40:28Z
3,Manila,2024-08-18,51,28.9,32.2,25.7,35.3,0.1,0.1,1.0,8.0,True,open_meteo_historical_weather_api,2026-06-11T10:40:28Z
3,Manila,2024-08-19,51,28.6,32.7,26.0,34.6,0.7,0.7,5.0,11.0,True,open_meteo_historical_weather_api,2026-06-11T10:40:28Z
3,Manila,2024-08-20,61,28.5,32.4,26.4,34.8,2.7,2.7,8.0,8.1,True,open_meteo_historical_weather_api,2026-06-11T10:40:28Z
3,Manila,2024-08-21,63,28.0,32.3,25.6,34.7,8.1,8.1,9.0,8.4,True,open_meteo_historical_weather_api,2026-06-11T10:40:28Z
3,Manila,2024-08-22,51,28.3,31.8,24.6,34.6,0.6,0.6,5.0,8.9,True,open_meteo_historical_weather_api,2026-06-11T10:40:28Z
3,Manila,2024-08-23,63,27.6,31.1,25.8,34.1,11.6,11.6,12.0,8.6,True,open_meteo_historical_weather_api,2026-06-11T10:40:28Z
3,Manila,2024-08-24,63,26.5,28.8,24.7,32.4,24.2,24.2,18.0,11.6,True,open_meteo_historical_weather_api,2026-06-11T10:40:28Z
3,Manila,2024-08-25,61,27.3,30.5,25.0,33.5,6.3,6.3,14.0,11.3,True,open_meteo_historical_weather_api,2026-06-11T10:40:28Z
3,Manila,2024-08-26,63,27.2,30.1,25.5,32.8,17.1,17.1,24.0,16.4,True,open_meteo_historical_weather_api,2026-06-11T10:40:28Z
3,Manila,2024-08-27,63,26.9,29.7,25.0,31.8,33.1,33.1,24.0,21.1,True,open_meteo_historical_weather_api,2026-06-11T10:40:28Z
3,Manila,2024-08-28,63,26.4,27.9,25.1,30.9,21.4,21.4,23.0,20.4,True,open_meteo_historical_weather_api,2026-06-11T10:40:28Z
3,Manila,2024-08-29,63,27.3,30.0,25.8,33.3,16.8,16.8,20.0,14.3,True,open_meteo_historical_weather_api,2026-06-11T10:40:28Z
3,Manila,2024-08-30,63,27.6,31.0,26.2,33.4,12.9,12.9,16.0,15.4,True,open_meteo_historical_weather_api,2026-06-11T10:40:28Z
3,Manila,2024-08-31,51,28.3,31.5,25.4,34.7,1.3,1.3,7.0,8.6,True,open_meteo_historical_weather_api,2026-06-11T10:40:28Z
3,Manila,2024-09-01,63,26.9,30.5,24.1,33.0,32.0,32.0,17.0,12.3,True,open_meteo_historical_weather_api,2026-06-11T10:40:28Z
3,Manila,2024-09-02,65,25.7,26.5,24.5,29.4,109.4,109.4,24.0,29.5,True,open_meteo_historical_weather_api,2026-06-11T10:40:28Z
3,Manila,2024-09-03,63,26.8,28.8,25.4,29.5,16.8,16.8,24.0,31.7,True,open_meteo_historical_weather_api,2026-06-11T10:40:28Z
3,Manila,2024-09-04,63,26.3,27.0,25.7,28.8,35.3,35.3,24.0,32.3,True,open_meteo_historical_weather_api,2026-06-11T10:40:28Z
3,Manila,2024-09-05,63,26.8,28.0,25.9,30.5,25.4,25.4,22.0,25.6,True,open_meteo_historical_weather_api,2026-06-11T10:40:28Z
3,Manila,2024-09-06,61,27.5,29.5,25.4,33.3,3.6,3.6,10.0,12.7,True,open_meteo_historical_weather_api,2026-06-11T10:40:28Z
3,Manila,2024-09-07,3,28.5,31.8,24.9,34.3,0.0,0.0,0.0,10.0,False,open_meteo_historical_weather_api,2026-06-11T10:40:28Z
3,Manila,2024-09-08,3,28.5,31.5,25.4,34.0,0.0,0.0,0.0,13.4,False,open_meteo_historical_weather_api,2026-06-11T10:40:28Z
3,Manila,2024-09-09,51,27.4,29.2,25.9,33.0,1.9,1.9,12.0,12.2,True,open_meteo_historical_weather_api,2026-06-11T10:40:28Z
3,Manila,2024-09-10,51,27.8,30.0,25.5,33.4,2.3,2.3,14.0,22.3,True,open_meteo_historical_weather_api,2026-06-11T10:40:28Z
3,Manila,2024-09-11,65,27.0,30.1,25.0,32.9,32.2,32.2,21.0,12.6,True,open_meteo_historical_weather_api,2026-06-11T10:40:28Z
3,Manila,2024-09-12,65,27.1,30.0,25.2,32.9,16.9,16.9,17.0,22.1,True,open_meteo_historical_weather_api,2026-06-11T10:40:28Z
3,Manila,2024-09-13,63,26.6,28.9,24.9,32.3,20.7,20.7,24.0,20.1,True,open_meteo_historical_weather_api,2026-06-11T10:40:28Z
3,Manila,2024-09-14,63,26.9,29.6,25.3,32.7,16.2,16.2,18.0,14.8,True,open_meteo_historical_weather_api,2026-06-11T10:40:28Z
3,Manila,2024-09-15,63,26.9,29.1,24.5,31.9,18.3,18.3,18.0,22.1,True,open_meteo_historical_weather_api,2026-06-11T10:40:28Z
3,Manila,2024-09-16,61,27.3,29.5,25.1,32.5,7.1,7.1,17.0,19.4,True,open_meteo_historical_weather_api,2026-06-11T10:40:28Z
3,Manila,2024-09-17,61,26.9,29.0,25.5,31.3,7.7,7.7,17.0,21.5,True,open_meteo_historical_weather_api,2026-06-11T10:40:28Z
3,Manila,2024-09-18,63,26.7,29.2,25.0,31.7,25.9,25.9,22.0,23.7,True,open_meteo_historical_weather_api,2026-06-11T10:40:28Z
3,Manila,2024-09-19,63,27.3,30.5,25.0,32.3,9.3,9.3,16.0,22.2,True,open_meteo_historical_weather_api,2026-06-11T10:40:28Z
3,Manila,2024-09-20,61,27.4,29.4,25.8,32.2,4.9,4.9,14.0,20.0,True,open_meteo_historical_weather_api,2026-06-11T10:40:28Z
3,Manila,2024-09-21,61,26.3,29.2,24.8,31.8,10.6,10.6,21.0,11.1,True,open_meteo_historical_weather_api,2026-06-11T10:40:28Z
3,Manila,2024-09-22,63,26.9,30.2,25.3,32.3,7.6,7.6,17.0,11.0,True,open_meteo_historical_weather_api,2026-06-11T10:40:28Z
3,Manila,2024-09-23,55,28.2,32.5,24.6,34.3,2.4,2.4,11.0,17.8,True,open_meteo_historical_weather_api,2026-06-11T10:40:28Z
3,Manila,2024-09-24,63,27.1,31.0,24.5,33.4,9.7,9.7,8.0,15.7,True,open_meteo_historical_weather_api,2026-06-11T10:40:28Z
3,Manila,2024-09-25,53,28.2,31.5,24.6,34.8,1.4,1.4,6.0,16.6,True,open_meteo_historical_weather_api,2026-06-11T10:40:28Z
3,Manila,2024-09-26,63,28.2,31.5,25.9,34.3,3.5,3.5,7.0,15.8,True,open_meteo_historical_weather_api,2026-06-11T10:40:28Z
3,Manila,2024-09-27,51,28.4,30.5,26.7,34.7,0.4,0.4,3.0,12.0,True,open_meteo_historical_weather_api,2026-06-11T10:40:28Z
3,Manila,2024-09-28,51,28.6,31.5,25.2,33.5,0.3,0.3,3.0,22.1,True,open_meteo_historical_weather_api,2026-06-11T10:40:28Z
3,Manila,2024-09-29,61,27.9,29.2,26.9,31.7,8.5,8.5,8.0,26.0,True,open_meteo_historical_weather_api,2026-06-11T10:40:28Z
3,Manila,2024-09-30,55,27.5,29.1,26.4,30.6,4.7,4.7,16.0,30.4,True,open_meteo_historical_weather_api,2026-06-11T10:40:28Z
3,Manila,2024-10-01,53,28.0,30.1,26.2,32.1,2.2,2.2,7.0,23.1,True,open_meteo_historical_weather_api,2026-06-11T10:40:28Z
3,Manila,2024-10-02,51,28.1,30.6,25.1,33.8,0.1,0.1,1.0,15.4,True,open_meteo_historical_weather_api,2026-06-11T10:40:28Z
3,Manila,2024-10-03,55,28.4,31.5,25.5,34.6,1.6,1.6,4.0,7.0,True,open_meteo_historical_weather_api,2026-06-11T10:40:28Z
3,Manila,2024-10-04,55,27.6,30.5,25.8,33.8,3.2,3.2,10.0,11.7,True,open_meteo_historical_weather_api,2026-06-11T10:40:28Z
3,Manila,2024-10-05,63,26.7,29.8,24.5,32.7,7.5,7.5,13.0,10.1,True,open_meteo_historical_weather_api,2026-06-11T10:40:28Z
3,Manila,2024-10-06,63,26.2,28.5,24.4,31.9,9.6,9.6,13.0,7.2,True,open_meteo_historical_weather_api,2026-06-11T10:40:28Z
3,Manila,2024-10-07,63,26.1,28.2,24.4,32.1,13.2,13.2,13.0,6.5,True,open_meteo_historical_weather_api,2026-06-11T10:40:28Z
3,Manila,2024-10-08,53,27.3,30.0,25.1,33.3,2.6,2.6,11.0,6.5,True,open_meteo_historical_weather_api,2026-06-11T10:40:28Z
3,Manila,2024-10-09,63,27.1,30.6,24.6,33.4,4.9,4.9,10.0,11.9,True,open_meteo_historical_weather_api,2026-06-11T10:40:28Z
3,Manila,2024-10-10,63,26.8,30.6,24.9,32.9,18.4,18.4,11.0,12.0,True,open_meteo_historical_weather_api,2026-06-11T10:40:28Z
3,Manila,2024-10-11,63,26.8,30.9,24.2,33.0,3.5,3.5,10.0,8.8,True,open_meteo_historical_weather_api,2026-06-11T10:40:28Z
3,Manila,2024-10-12,63,26.7,30.4,24.4,32.6,6.4,6.4,8.0,12.8,True,open_meteo_historical_weather_api,2026-06-11T10:40:28Z
3,Manila,2024-10-13,61,27.4,29.7,25.1,33.4,3.7,3.7,6.0,11.6,True,open_meteo_historical_weather_api,2026-06-11T10:40:28Z
3,Manila,2024-10-14,61,27.6,30.0,25.1,34.1,4.8,4.8,10.0,6.9,True,open_meteo_historical_weather_api,2026-06-11T10:40:28Z
3,Manila,2024-10-15,55,27.0,29.9,25.1,33.1,2.8,2.8,8.0,8.0,True,open_meteo_historical_weather_api,2026-06-11T10:40:28Z
3,Manila,2024-10-16,51,27.5,30.7,24.0,33.5,1.4,1.4,8.0,9.9,True,open_meteo_historical_weather_api,2026-06-11T10:40:28Z
3,Manila,2024-10-17,51,27.7,30.6,24.7,33.5,1.1,1.1,6.0,8.3,True,open_meteo_historical_weather_api,2026-06-11T10:40:28Z
3,Manila,2024-10-18,53,27.5,30.4,24.9,33.6,2.8,2.8,13.0,7.3,True,open_meteo_historical_weather_api,2026-06-11T10:40:28Z
3,Manila,2024-10-19,51,27.9,30.0,25.4,34.2,1.5,1.5,8.0,7.8,True,open_meteo_historical_weather_api,2026-06-11T10:40:28Z
3,Manila,2024-10-20,63,27.9,32.2,25.0,33.2,13.2,13.2,11.0,14.7,True,open_meteo_historical_weather_api,2026-06-11T10:40:28Z
3,Manila,2024-10-21,61,27.5,31.6,24.7,33.0,5.9,5.9,10.0,10.1,True,open_meteo_historical_weather_api,2026-06-11T10:40:28Z
3,Manila,2024-10-22,63,27.6,29.6,25.1,32.7,9.1,9.1,7.0,18.7,True,open_meteo_historical_weather_api,2026-06-11T10:40:28Z
3,Manila,2024-10-23,65,26.4,27.4,24.4,30.7,80.6,80.6,23.0,24.7,True,open_meteo_historical_weather_api,2026-06-11T10:40:28Z
3,Manila,2024-10-24,65,27.3,28.8,26.4,30.6,54.0,54.0,18.0,45.1,True,open_meteo_historical_weather_api,2026-06-11T10:40:28Z
3,Manila,2024-10-25,63,27.6,30.5,25.5,29.9,14.7,14.7,17.0,40.9,True,open_meteo_historical_weather_api,2026-06-11T10:40:28Z
3,Manila,2024-10-26,51,27.1,29.8,24.5,32.4,1.2,1.2,8.0,15.5,True,open_meteo_historical_weather_api,2026-06-11T10:40:28Z
3,Manila,2024-10-27,55,26.7,29.0,24.7,31.6,4.6,4.6,13.0,20.6,True,open_meteo_historical_weather_api,2026-06-11T10:40:28Z
3,Manila,2024-10-28,3,27.3,29.7,24.5,31.7,0.0,0.0,0.0,20.0,False,open_meteo_historical_weather_api,2026-06-11T10:40:28Z
3,Manila,2024-10-29,3,27.9,30.0,25.8,31.3,0.0,0.0,0.0,22.5,False,open_meteo_historical_weather_api,2026-06-11T10:40:28Z
3,Manila,2024-10-30,53,27.4,29.0,26.1,30.3,2.3,2.3,9.0,26.6,True,open_meteo_historical_weather_api,2026-06-11T10:40:28Z
3,Manila,2024-10-31,65,26.8,28.3,26.0,29.9,23.6,23.6,14.0,28.4,True,open_meteo_historical_weather_api,2026-06-11T10:40:28Z
3,Manila,2024-11-01,61,27.2,30.9,25.0,32.9,4.1,4.1,8.0,11.1,True,open_meteo_historical_weather_api,2026-06-11T10:40:28Z
3,Manila,2024-11-02,51,27.2,30.6,23.5,33.5,1.1,1.1,8.0,6.4,True,open_meteo_historical_weather_api,2026-06-11T10:40:28Z
3,Manila,2024-11-03,53,27.6,31.6,24.1,33.0,2.0,2.0,5.0,11.4,True,open_meteo_historical_weather_api,2026-06-11T10:40:28Z
3,Manila,2024-11-04,53,27.4,31.9,24.1,32.8,2.2,2.2,7.0,11.0,True,open_meteo_historical_weather_api,2026-06-11T10:40:28Z
3,Manila,2024-11-05,63,26.8,31.5,24.0,32.2,10.4,10.4,13.0,11.5,True,open_meteo_historical_weather_api,2026-06-11T10:40:28Z
3,Manila,2024-11-06,53,26.8,29.6,24.3,32.2,1.6,1.6,10.0,9.4,True,open_meteo_historical_weather_api,2026-06-11T10:40:28Z
3,Manila,2024-11-07,53,27.1,29.9,24.8,32.8,1.2,1.2,7.0,15.3,True,open_meteo_historical_weather_api,2026-06-11T10:40:28Z
3,Manila,2024-11-08,63,27.0,30.1,23.8,32.5,9.6,9.6,15.0,11.9,True,open_meteo_historical_weather_api,2026-06-11T10:40:28Z
3,Manila,2024-11-09,55,26.7,30.0,23.8,32.7,1.8,1.8,7.0,7.1,True,open_meteo_historical_weather_api,2026-06-11T10:40:28Z
3,Manila,2024-11-10,51,27.4,30.4,24.6,32.9,1.2,1.2,5.0,11.6,True,open_meteo_historical_weather_api,2026-06-11T10:40:28Z
3,Manila,2024-11-11,51,27.4,29.4,25.5,31.7,0.6,0.6,3.0,30.6,True,open_meteo_historical_weather_api,2026-06-11T10:40:28Z
3,Manila,2024-11-12,51,28.0,31.0,25.4,33.6,1.1,1.1,7.0,13.7,True,open_meteo_historical_weather_api,2026-06-11T10:40:28Z
3,Manila,2024-11-13,53,28.6,31.0,26.6,34.0,0.7,0.7,2.0,10.4,True,open_meteo_historical_weather_api,2026-06-11T10:40:28Z
3,Manila,2024-11-14,53,28.7,31.2,26.2,33.6,1.4,1.4,4.0,16.8,True,open_meteo_historical_weather_api,2026-06-11T10:40:28Z
3,Manila,2024-11-15,3,29.6,33.2,26.0,34.7,0.0,0.0,0.0,7.7,False,open_meteo_historical_weather_api,2026-06-11T10:40:28Z
3,Manila,2024-11-16,51,29.8,33.3,26.0,34.0,1.2,1.2,6.0,11.1,True,open_meteo_historical_weather_api,2026-06-11T10:40:28Z
3,Manila,2024-11-17,61,27.7,29.7,25.9,31.7,10.0,10.0,15.0,31.6,True,open_meteo_historical_weather_api,2026-06-11T10:40:28Z
3,Manila,2024-11-18,3,28.3,31.7,25.8,33.1,0.0,0.0,0.0,14.6,False,open_meteo_historical_weather_api,2026-06-11T10:40:28Z
3,Manila,2024-11-19,51,28.2,32.3,24.8,33.1,0.2,0.2,2.0,11.3,True,open_meteo_historical_weather_api,2026-06-11T10:40:28Z
3,Manila,2024-11-20,3,28.4,33.2,24.5,33.1,0.0,0.0,0.0,10.6,False,open_meteo_historical_weather_api,2026-06-11T10:40:28Z
3,Manila,2024-11-21,2,28.9,33.5,25.5,32.8,0.0,0.0,0.0,12.6,False,open_meteo_historical_weather_api,2026-06-11T10:40:28Z
3,Manila,2024-11-22,1,29.4,34.2,25.5,32.9,0.0,0.0,0.0,12.5,False,open_meteo_historical_weather_api,2026-06-11T10:40:28Z
3,Manila,2024-11-23,3,29.3,33.7,25.5,33.1,0.0,0.0,0.0,13.9,False,open_meteo_historical_weather_api,2026-06-11T10:40:28Z
3,Manila,2024-11-24,51,29.2,33.5,26.0,33.0,0.2,0.2,2.0,17.4,True,open_meteo_historical_weather_api,2026-06-11T10:40:28Z
3,Manila,2024-11-25,51,29.2,32.7,26.5,33.0,0.4,0.4,3.0,13.7,True,open_meteo_historical_weather_api,2026-06-11T10:40:28Z
3,Manila,2024-11-26,3,29.7,34.2,26.5,33.4,0.0,0.0,0.0,11.5,False,open_meteo_historical_weather_api,2026-06-11T10:40:28Z
3,Manila,2024-11-27,3,29.6,34.5,26.0,33.1,0.0,0.0,0.0,12.7,False,open_meteo_historical_weather_api,2026-06-11T10:40:28Z
3,Manila,2024-11-28,51,29.5,33.5,26.5,33.2,1.2,1.2,4.0,14.5,True,open_meteo_historical_weather_api,2026-06-11T10:40:28Z
3,Manila,2024-11-29,63,28.5,30.9,26.9,31.8,3.9,3.9,3.0,17.6,True,open_meteo_historical_weather_api,2026-06-11T10:40:28Z
3,Manila,2024-11-30,61,27.8,30.9,25.0,30.7,8.1,8.1,12.0,17.2,True,open_meteo_historical_weather_api,2026-06-11T10:40:28Z
3,Manila,2024-12-01,63,24.7,25.9,23.8,29.3,54.1,54.1,24.0,16.3,True,open_meteo_historical_weather_api,2026-06-11T10:40:28Z
3,Manila,2024-12-02,63,25.4,26.9,24.0,29.9,25.4,25.4,23.0,15.6,True,open_meteo_historical_weather_api,2026-06-11T10:40:28Z
3,Manila,2024-12-03,65,26.5,29.0,25.0,32.4,19.1,19.1,6.0,6.5,True,open_meteo_historical_weather_api,2026-06-11T10:40:28Z
3,Manila,2024-12-04,63,26.9,29.8,25.5,32.9,6.1,6.1,9.0,9.4,True,open_meteo_historical_weather_api,2026-06-11T10:40:28Z
3,Manila,2024-12-05,3,27.3,29.8,25.0,33.3,0.0,0.0,0.0,7.7,False,open_meteo_historical_weather_api,2026-06-11T10:40:28Z
3,Manila,2024-12-06,51,27.8,31.5,25.2,33.5,0.6,0.6,3.0,8.3,True,open_meteo_historical_weather_api,2026-06-11T10:40:28Z
3,Manila,2024-12-07,61,28.0,31.0,25.9,34.0,2.3,2.3,9.0,8.6,True,open_meteo_historical_weather_api,2026-06-11T10:40:28Z
3,Manila,2024-12-08,51,28.7,31.9,26.2,33.3,0.3,0.3,3.0,11.8,True,open_meteo_historical_weather_api,2026-06-11T10:40:28Z
3,Manila,2024-12-09,53,27.8,30.5,26.1,31.7,1.3,1.3,6.0,14.2,True,open_meteo_historical_weather_api,2026-06-11T10:40:28Z
3,Manila,2024-12-10,51,27.0,29.1,25.3,31.5,2.4,2.4,14.0,7.5,True,open_meteo_historical_weather_api,2026-06-11T10:40:28Z
3,Manila,2024-12-11,65,26.8,30.2,23.6,31.6,18.8,18.8,12.0,10.4,True,open_meteo_historical_weather_api,2026-06-11T10:40:28Z
3,Manila,2024-12-12,51,27.5,30.7,25.0,32.3,0.3,0.3,3.0,13.5,True,open_meteo_historical_weather_api,2026-06-11T10:40:28Z
3,Manila,2024-12-13,51,28.2,32.1,25.1,32.7,1.4,1.4,7.0,10.8,True,open_meteo_historical_weather_api,2026-06-11T10:40:28Z
3,Manila,2024-12-14,3,28.5,33.0,25.0,32.6,0.0,0.0,0.0,11.0,False,open_meteo_historical_weather_api,2026-06-11T10:40:28Z
3,Manila,2024-12-15,51,28.2,31.1,25.9,31.7,0.1,0.1,1.0,18.3,True,open_meteo_historical_weather_api,2026-06-11T10:40:28Z
3,Manila,2024-12-16,3,27.6,30.0,25.5,30.4,0.0,0.0,0.0,15.9,False,open_meteo_historical_weather_api,2026-06-11T10:40:28Z
3,Manila,2024-12-17,53,26.8,29.5,25.0,30.2,1.7,1.7,3.0,18.4,True,open_meteo_historical_weather_api,2026-06-11T10:40:28Z
3,Manila,2024-12-18,53,27.0,30.3,24.4,30.0,2.0,2.0,6.0,20.0,True,open_meteo_historical_weather_api,2026-06-11T10:40:28Z
3,Manila,2024-12-19,3,28.1,31.2,26.0,30.2,0.0,0.0,0.0,17.8,False,open_meteo_historical_weather_api,2026-06-11T10:40:28Z
3,Manila,2024-12-20,51,28.0,31.9,25.2,30.8,0.5,0.5,3.0,16.4,True,open_meteo_historical_weather_api,2026-06-11T10:40:28Z
3,Manila,2024-12-21,65,26.7,28.8,24.6,30.8,16.8,16.8,13.0,11.0,True,open_meteo_historical_weather_api,2026-06-11T10:40:28Z
3,Manila,2024-12-22,3,26.9,29.5,25.2,30.7,0.0,0.0,0.0,14.4,False,open_meteo_historical_weather_api,2026-06-11T10:40:28Z
3,Manila,2024-12-23,51,26.9,29.5,25.0,30.6,0.1,0.1,1.0,15.0,True,open_meteo_historical_weather_api,2026-06-11T10:40:28Z
3,Manila,2024-12-24,65,26.1,29.9,24.5,31.2,35.6,35.6,16.0,8.8,True,open_meteo_historical_weather_api,2026-06-11T10:40:28Z
3,Manila,2024-12-25,63,24.5,25.5,23.8,29.7,19.4,19.4,21.0,8.0,True,open_meteo_historical_weather_api,2026-06-11T10:40:28Z
3,Manila,2024-12-26,53,26.6,30.0,23.9,32.2,1.6,1.6,6.0,5.8,True,open_meteo_historical_weather_api,2026-06-11T10:40:28Z
3,Manila,2024-12-27,51,27.0,30.6,24.6,32.2,1.9,1.9,9.0,10.2,True,open_meteo_historical_weather_api,2026-06-11T10:40:28Z
3,Manila,2024-12-28,61,26.0,28.9,24.6,30.8,8.6,8.6,16.0,10.6,True,open_meteo_historical_weather_api,2026-06-11T10:40:28Z
3,Manila,2024-12-29,51,25.6,27.5,24.1,29.1,0.7,0.7,6.0,15.0,True,open_meteo_historical_weather_api,2026-06-11T10:40:28Z
3,Manila,2024-12-30,61,25.9,29.1,23.9,31.2,10.5,10.5,16.0,8.5,True,open_meteo_historical_weather_api,2026-06-11T10:40:28Z
3,Manila,2024-12-31,51,27.0,30.1,24.5,32.8,1.0,1.0,9.0,10.2,True,open_meteo_historical_weather_api,2026-06-11T10:40:28Z
4,Bangkok,2024-01-01,3,28.9,33.3,24.8,31.8,0.0,0.0,0.0,11.2,False,open_meteo_historical_weather_api,2026-06-11T10:40:28Z
4,Bangkok,2024-01-02,3,28.5,33.0,23.6,31.9,0.0,0.0,0.0,10.9,False,open_meteo_historical_weather_api,2026-06-11T10:40:28Z
4,Bangkok,2024-01-03,3,28.5,33.3,23.6,30.9,0.0,0.0,0.0,12.3,False,open_meteo_historical_weather_api,2026-06-11T10:40:28Z
4,Bangkok,2024-01-04,3,27.5,32.5,22.7,29.4,0.0,0.0,0.0,16.9,False,open_meteo_historical_weather_api,2026-06-11T10:40:28Z
4,Bangkok,2024-01-05,3,27.9,33.3,23.5,30.2,0.0,0.0,0.0,14.5,False,open_meteo_historical_weather_api,2026-06-11T10:40:28Z
4,Bangkok,2024-01-06,3,27.7,32.8,22.7,29.8,0.0,0.0,0.0,12.6,False,open_meteo_historical_weather_api,2026-06-11T10:40:28Z
4,Bangkok,2024-01-07,3,27.7,32.8,23.0,30.2,0.0,0.0,0.0,13.4,False,open_meteo_historical_weather_api,2026-06-11T10:40:28Z
4,Bangkok,2024-01-08,2,27.8,32.7,23.1,30.8,0.0,0.0,0.0,10.0,False,open_meteo_historical_weather_api,2026-06-11T10:40:28Z
4,Bangkok,2024-01-09,2,28.4,34.2,23.2,32.8,0.0,0.0,0.0,7.1,False,open_meteo_historical_weather_api,2026-06-11T10:40:28Z
4,Bangkok,2024-01-10,3,28.5,33.7,23.5,33.1,0.0,0.0,0.0,10.7,False,open_meteo_historical_weather_api,2026-06-11T10:40:28Z
4,Bangkok,2024-01-11,3,28.8,33.2,25.1,33.6,0.0,0.0,0.0,10.5,False,open_meteo_historical_weather_api,2026-06-11T10:40:28Z
4,Bangkok,2024-01-12,53,28.4,32.2,25.2,33.1,1.1,1.1,4.0,14.2,True,open_meteo_historical_weather_api,2026-06-11T10:40:28Z
4,Bangkok,2024-01-13,51,28.5,32.7,25.6,33.4,0.8,0.8,3.0,10.6,True,open_meteo_historical_weather_api,2026-06-11T10:40:28Z
4,Bangkok,2024-01-14,51,28.0,32.8,23.5,31.5,0.7,0.7,4.0,12.5,True,open_meteo_historical_weather_api,2026-06-11T10:40:28Z
4,Bangkok,2024-01-15,3,27.8,32.5,23.4,30.6,0.0,0.0,0.0,13.7,False,open_meteo_historical_weather_api,2026-06-11T10:40:28Z
4,Bangkok,2024-01-16,2,27.5,32.3,22.5,30.1,0.0,0.0,0.0,11.9,False,open_meteo_historical_weather_api,2026-06-11T10:40:28Z
4,Bangkok,2024-01-17,3,27.4,32.7,22.4,29.4,0.0,0.0,0.0,16.4,False,open_meteo_historical_weather_api,2026-06-11T10:40:28Z
4,Bangkok,2024-01-18,3,27.5,32.7,22.2,30.5,0.0,0.0,0.0,9.9,False,open_meteo_historical_weather_api,2026-06-11T10:40:28Z
4,Bangkok,2024-01-19,3,28.2,33.2,23.0,32.1,0.0,0.0,0.0,10.1,False,open_meteo_historical_weather_api,2026-06-11T10:40:28Z
4,Bangkok,2024-01-20,3,27.9,32.3,23.6,32.0,0.0,0.0,0.0,11.3,False,open_meteo_historical_weather_api,2026-06-11T10:40:28Z
4,Bangkok,2024-01-21,3,28.0,33.8,23.6,32.2,0.0,0.0,0.0,11.9,False,open_meteo_historical_weather_api,2026-06-11T10:40:28Z
4,Bangkok,2024-01-22,3,28.0,33.5,23.2,31.8,0.0,0.0,0.0,10.1,False,open_meteo_historical_weather_api,2026-06-11T10:40:28Z
4,Bangkok,2024-01-23,63,27.5,32.5,23.2,31.4,9.7,9.7,7.0,19.0,True,open_meteo_historical_weather_api,2026-06-11T10:40:28Z
4,Bangkok,2024-01-24,51,26.0,30.7,23.0,27.8,0.9,0.9,4.0,16.9,True,open_meteo_historical_weather_api,2026-06-11T10:40:28Z
4,Bangkok,2024-01-25,51,25.5,31.1,22.4,26.6,0.1,0.1,1.0,21.4,True,open_meteo_historical_weather_api,2026-06-11T10:40:28Z
4,Bangkok,2024-01-26,51,25.8,31.0,20.9,27.0,0.3,0.3,1.0,13.8,True,open_meteo_historical_weather_api,2026-06-11T10:40:28Z
4,Bangkok,2024-01-27,3,27.4,32.8,22.4,29.2,0.0,0.0,0.0,13.3,False,open_meteo_historical_weather_api,2026-06-11T10:40:28Z
4,Bangkok,2024-01-28,3,28.3,33.4,23.8,30.4,0.0,0.0,0.0,18.6,False,open_meteo_historical_weather_api,2026-06-11T10:40:28Z
4,Bangkok,2024-01-29,3,28.1,33.1,24.5,30.5,0.0,0.0,0.0,15.7,False,open_meteo_historical_weather_api,2026-06-11T10:40:28Z
4,Bangkok,2024-01-30,3,27.6,32.0,24.0,31.1,0.0,0.0,0.0,7.4,False,open_meteo_historical_weather_api,2026-06-11T10:40:28Z
4,Bangkok,2024-01-31,3,27.7,33.0,22.9,31.3,0.0,0.0,0.0,10.4,False,open_meteo_historical_weather_api,2026-06-11T10:40:28Z
4,Bangkok,2024-02-01,51,28.2,31.9,25.2,32.8,0.8,0.8,2.0,12.6,True,open_meteo_historical_weather_api,2026-06-11T10:40:28Z
4,Bangkok,2024-02-02,51,28.4,32.7,25.1,33.3,0.6,0.6,3.0,13.9,True,open_meteo_historical_weather_api,2026-06-11T10:40:28Z
4,Bangkok,2024-02-03,51,28.8,32.8,25.9,33.8,0.3,0.3,2.0,14.4,True,open_meteo_historical_weather_api,2026-06-11T10:40:28Z
4,Bangkok,2024-02-04,2,29.4,34.8,26.4,34.2,0.0,0.0,0.0,16.3,False,open_meteo_historical_weather_api,2026-06-11T10:40:28Z
4,Bangkok,2024-02-05,3,29.3,33.8,25.6,34.4,0.0,0.0,0.0,13.3,False,open_meteo_historical_weather_api,2026-06-11T10:40:28Z
4,Bangkok,2024-02-06,51,29.5,34.3,25.5,34.7,0.1,0.1,1.0,12.9,True,open_meteo_historical_weather_api,2026-06-11T10:40:28Z
4,Bangkok,2024-02-07,1,29.1,33.9,25.5,34.3,0.0,0.0,0.0,15.8,False,open_meteo_historical_weather_api,2026-06-11T10:40:28Z
4,Bangkok,2024-02-08,3,29.2,33.8,25.9,33.9,0.0,0.0,0.0,13.8,False,open_meteo_historical_weather_api,2026-06-11T10:40:28Z
4,Bangkok,2024-02-09,3,29.1,33.5,25.1,33.5,0.0,0.0,0.0,17.4,False,open_meteo_historical_weather_api,2026-06-11T10:40:28Z
4,Bangkok,2024-02-10,53,29.0,33.6,25.6,33.3,1.4,1.4,5.0,14.0,True,open_meteo_historical_weather_api,2026-06-11T10:40:28Z
4,Bangkok,2024-02-11,3,27.9,33.0,23.6,30.3,0.0,0.0,0.0,17.2,False,open_meteo_historical_weather_api,2026-06-11T10:40:28Z
4,Bangkok,2024-02-12,3,27.0,32.4,21.8,28.1,0.0,0.0,0.0,17.7,False,open_meteo_historical_weather_api,2026-06-11T10:40:28Z
4,Bangkok,2024-02-13,1,27.5,33.2,21.4,28.9,0.0,0.0,0.0,13.4,False,open_meteo_historical_weather_api,2026-06-11T10:40:28Z
4,Bangkok,2024-02-14,3,28.5,34.6,22.0,31.2,0.0,0.0,0.0,11.4,False,open_meteo_historical_weather_api,2026-06-11T10:40:28Z
4,Bangkok,2024-02-15,3,29.4,34.5,24.4,34.4,0.0,0.0,0.0,12.0,False,open_meteo_historical_weather_api,2026-06-11T10:40:28Z
4,Bangkok,2024-02-16,51,29.4,34.1,26.4,34.9,0.4,0.4,4.0,13.6,True,open_meteo_historical_weather_api,2026-06-11T10:40:28Z
4,Bangkok,2024-02-17,61,28.5,32.3,24.4,33.2,2.5,2.5,2.0,17.3,True,open_meteo_historical_weather_api,2026-06-11T10:40:28Z
4,Bangkok,2024-02-18,51,28.6,32.5,25.2,32.3,0.1,0.1,1.0,19.1,True,open_meteo_historical_weather_api,2026-06-11T10:40:28Z
4,Bangkok,2024-02-19,3,28.7,32.7,25.2,32.6,0.0,0.0,0.0,20.2,False,open_meteo_historical_weather_api,2026-06-11T10:40:28Z
4,Bangkok,2024-02-20,3,29.7,34.0,26.8,33.4,0.0,0.0,0.0,19.1,False,open_meteo_historical_weather_api,2026-06-11T10:40:28Z
4,Bangkok,2024-02-21,51,29.5,33.0,27.0,33.4,0.1,0.1,1.0,22.3,True,open_meteo_historical_weather_api,2026-06-11T10:40:28Z
4,Bangkok,2024-02-22,51,29.4,33.0,27.2,33.6,0.3,0.3,3.0,20.2,True,open_meteo_historical_weather_api,2026-06-11T10:40:28Z
4,Bangkok,2024-02-23,51,29.4,33.2,26.5,33.8,0.2,0.2,2.0,16.3,True,open_meteo_historical_weather_api,2026-06-11T10:40:28Z
4,Bangkok,2024-02-24,51,29.4,33.2,26.6,34.0,0.4,0.4,3.0,15.6,True,open_meteo_historical_weather_api,2026-06-11T10:40:28Z
4,Bangkok,2024-02-25,63,29.3,33.3,25.4,33.8,6.3,6.3,4.0,14.6,True,open_meteo_historical_weather_api,2026-06-11T10:40:28Z
4,Bangkok,2024-02-26,51,30.0,35.0,26.5,34.8,0.6,0.6,4.0,15.1,True,open_meteo_historical_weather_api,2026-06-11T10:40:28Z
4,Bangkok,2024-02-27,55,29.4,33.7,26.1,34.3,2.4,2.4,6.0,14.5,True,open_meteo_historical_weather_api,2026-06-11T10:40:28Z
4,Bangkok,2024-02-28,51,29.1,32.2,26.5,33.9,1.1,1.1,6.0,14.5,True,open_meteo_historical_weather_api,2026-06-11T10:40:28Z
4,Bangkok,2024-02-29,61,29.1,33.0,26.4,33.7,2.3,2.3,3.0,19.4,True,open_meteo_historical_weather_api,2026-06-11T10:40:28Z
4,Bangkok,2024-03-01,51,30.0,34.2,27.1,34.4,0.4,0.4,3.0,16.2,True,open_meteo_historical_weather_api,2026-06-11T10:40:28Z
4,Bangkok,2024-03-02,61,28.5,32.7,25.0,33.5,2.6,2.6,7.0,19.5,True,open_meteo_historical_weather_api,2026-06-11T10:40:28Z
4,Bangkok,2024-03-03,53,29.2,33.5,26.0,34.4,0.7,0.7,2.0,14.4,True,open_meteo_historical_weather_api,2026-06-11T10:40:28Z
4,Bangkok,2024-03-04,55,29.5,32.8,27.1,34.5,3.1,3.1,6.0,18.0,True,open_meteo_historical_weather_api,2026-06-11T10:40:28Z
4,Bangkok,2024-03-05,3,30.4,35.7,26.8,35.3,0.0,0.0,0.0,20.5,False,open_meteo_historical_weather_api,2026-06-11T10:40:28Z
4,Bangkok,2024-03-06,3,29.9,34.5,26.1,35.1,0.0,0.0,0.0,18.4,False,open_meteo_historical_weather_api,2026-06-11T10:40:28Z
4,Bangkok,2024-03-07,3,30.4,35.5,26.6,35.5,0.0,0.0,0.0,16.9,False,open_meteo_historical_weather_api,2026-06-11T10:40:28Z
4,Bangkok,2024-03-08,3,30.4,34.9,27.1,34.5,0.0,0.0,0.0,21.6,False,open_meteo_historical_weather_api,2026-06-11T10:40:28Z
4,Bangkok,2024-03-09,53,29.9,33.1,28.1,34.2,1.7,1.7,6.0,19.1,True,open_meteo_historical_weather_api,2026-06-11T10:40:28Z
4,Bangkok,2024-03-10,51,29.8,33.3,27.4,34.5,0.2,0.2,2.0,16.2,True,open_meteo_historical_weather_api,2026-06-11T10:40:28Z
4,Bangkok,2024-03-11,61,29.8,33.6,26.5,34.6,3.0,3.0,4.0,17.3,True,open_meteo_historical_weather_api,2026-06-11T10:40:28Z
4,Bangkok,2024-03-12,61,28.9,32.2,26.2,33.8,4.6,4.6,10.0,18.4,True,open_meteo_historical_weather_api,2026-06-11T10:40:28Z
4,Bangkok,2024-03-13,61,29.3,32.9,26.8,34.1,2.4,2.4,3.0,17.5,True,open_meteo_historical_weather_api,2026-06-11T10:40:28Z
4,Bangkok,2024-03-14,51,29.9,34.2,27.3,34.3,0.2,0.2,1.0,18.7,True,open_meteo_historical_weather_api,2026-06-11T10:40:28Z
4,Bangkok,2024-03-15,2,30.0,33.1,27.5,34.8,0.0,0.0,0.0,19.0,False,open_meteo_historical_weather_api,2026-06-11T10:40:28Z
4,Bangkok,2024-03-16,61,29.8,33.0,27.9,34.1,2.9,2.9,4.0,20.9,True,open_meteo_historical_weather_api,2026-06-11T10:40:28Z
4,Bangkok,2024-03-17,3,30.2,34.2,27.4,34.2,0.0,0.0,0.0,17.5,False,open_meteo_historical_weather_api,2026-06-11T10:40:28Z
4,Bangkok,2024-03-18,3,29.8,34.1,26.0,34.4,0.0,0.0,0.0,17.8,False,open_meteo_historical_weather_api,2026-06-11T10:40:28Z
4,Bangkok,2024-03-19,51,29.6,32.0,27.6,34.0,0.7,0.7,4.0,20.5,True,open_meteo_historical_weather_api,2026-06-11T10:40:28Z
4,Bangkok,2024-03-20,65,26.1,29.1,23.6,30.9,31.9,31.9,15.0,13.7,True,open_meteo_historical_weather_api,2026-06-11T10:40:28Z
4,Bangkok,2024-03-21,51,27.5,31.5,24.0,32.5,0.1,0.1,1.0,7.9,True,open_meteo_historical_weather_api,2026-06-11T10:40:28Z
4,Bangkok,2024-03-22,51,28.4,32.3,24.8,33.3,0.3,0.3,2.0,17.6,True,open_meteo_historical_weather_api,2026-06-11T10:40:28Z
4,Bangkok,2024-03-23,53,29.2,32.2,27.0,34.0,2.1,2.1,3.0,21.6,True,open_meteo_historical_weather_api,2026-06-11T10:40:28Z
4,Bangkok,2024-03-24,55,29.4,32.9,27.1,34.8,2.5,2.5,4.0,16.6,True,open_meteo_historical_weather_api,2026-06-11T10:40:28Z
4,Bangkok,2024-03-25,3,29.7,32.8,27.4,35.2,0.0,0.0,0.0,15.5,False,open_meteo_historical_weather_api,2026-06-11T10:40:28Z
4,Bangkok,2024-03-26,61,29.7,33.0,27.7,35.1,2.4,2.4,4.0,16.6,True,open_meteo_historical_weather_api,2026-06-11T10:40:28Z
4,Bangkok,2024-03-27,61,28.8,32.7,24.5,34.2,4.5,4.5,3.0,15.0,True,open_meteo_historical_weather_api,2026-06-11T10:40:28Z
4,Bangkok,2024-03-28,3,29.9,33.3,26.5,35.4,0.0,0.0,0.0,14.8,False,open_meteo_historical_weather_api,2026-06-11T10:40:28Z
4,Bangkok,2024-03-29,3,30.3,34.2,27.3,35.5,0.0,0.0,0.0,19.9,False,open_meteo_historical_weather_api,2026-06-11T10:40:28Z
4,Bangkok,2024-03-30,51,30.7,34.7,27.2,35.5,0.1,0.1,1.0,19.7,True,open_meteo_historical_weather_api,2026-06-11T10:40:28Z
4,Bangkok,2024-03-31,51,31.0,34.7,27.7,35.9,0.1,0.1,1.0,20.0,True,open_meteo_historical_weather_api,2026-06-11T10:40:28Z
4,Bangkok,2024-04-01,0,31.8,37.8,27.5,36.6,0.0,0.0,0.0,17.3,False,open_meteo_historical_weather_api,2026-06-11T10:40:28Z
4,Bangkok,2024-04-02,0,31.2,35.5,28.1,36.3,0.0,0.0,0.0,19.1,False,open_meteo_historical_weather_api,2026-06-11T10:40:28Z
4,Bangkok,2024-04-03,3,31.1,35.1,28.2,36.3,0.0,0.0,0.0,20.9,False,open_meteo_historical_weather_api,2026-06-11T10:40:28Z
4,Bangkok,2024-04-04,3,31.3,35.8,28.4,36.8,0.0,0.0,0.0,18.4,False,open_meteo_historical_weather_api,2026-06-11T10:40:28Z
4,Bangkok,2024-04-05,51,31.0,34.8,28.4,36.5,0.4,0.4,1.0,21.3,True,open_meteo_historical_weather_api,2026-06-11T10:40:28Z
4,Bangkok,2024-04-06,3,31.1,34.5,28.6,36.4,0.0,0.0,0.0,20.9,False,open_meteo_historical_weather_api,2026-06-11T10:40:28Z
4,Bangkok,2024-04-07,3,31.3,35.3,28.7,36.2,0.0,0.0,0.0,19.9,False,open_meteo_historical_weather_api,2026-06-11T10:40:28Z
4,Bangkok,2024-04-08,3,31.8,36.4,28.5,36.2,0.0,0.0,0.0,17.7,False,open_meteo_historical_weather_api,2026-06-11T10:40:28Z
4,Bangkok,2024-04-09,3,31.8,36.5,28.6,37.3,0.0,0.0,0.0,20.5,False,open_meteo_historical_weather_api,2026-06-11T10:40:28Z
4,Bangkok,2024-04-10,51,31.5,36.5,28.4,37.3,0.5,0.5,3.0,16.6,True,open_meteo_historical_weather_api,2026-06-11T10:40:28Z
4,Bangkok,2024-04-11,53,30.9,37.0,27.2,36.8,0.9,0.9,2.0,18.1,True,open_meteo_historical_weather_api,2026-06-11T10:40:28Z
4,Bangkok,2024-04-12,51,31.2,34.7,28.0,36.8,0.6,0.6,3.0,16.7,True,open_meteo_historical_weather_api,2026-06-11T10:40:28Z
4,Bangkok,2024-04-13,55,31.4,35.8,28.6,36.8,1.2,1.2,2.0,20.5,True,open_meteo_historical_weather_api,2026-06-11T10:40:28Z
4,Bangkok,2024-04-14,51,31.4,35.0,28.8,36.5,0.1,0.1,1.0,19.5,True,open_meteo_historical_weather_api,2026-06-11T10:40:28Z
4,Bangkok,2024-04-15,3,31.4,35.2,29.0,36.3,0.0,0.0,0.0,22.1,False,open_meteo_historical_weather_api,2026-06-11T10:40:28Z
4,Bangkok,2024-04-16,3,31.3,34.8,28.5,36.0,0.0,0.0,0.0,20.2,False,open_meteo_historical_weather_api,2026-06-11T10:40:28Z
4,Bangkok,2024-04-17,3,31.6,35.7,28.4,36.3,0.0,0.0,0.0,20.2,False,open_meteo_historical_weather_api,2026-06-11T10:40:28Z
4,Bangkok,2024-04-18,53,32.0,36.5,29.1,37.0,0.8,0.8,1.0,22.0,True,open_meteo_historical_weather_api,2026-06-11T10:40:28Z
4,Bangkok,2024-04-19,2,32.1,36.8,28.9,37.1,0.0,0.0,0.0,18.9,False,open_meteo_historical_weather_api,2026-06-11T10:40:28Z
4,Bangkok,2024-04-20,3,32.4,37.4,28.4,37.4,0.0,0.0,0.0,19.9,False,open_meteo_historical_weather_api,2026-06-11T10:40:28Z
4,Bangkok,2024-04-21,3,33.0,39.0,29.0,37.6,0.0,0.0,0.0,18.0,False,open_meteo_historical_weather_api,2026-06-11T10:40:28Z
4,Bangkok,2024-04-22,3,32.5,36.9,29.5,37.4,0.0,0.0,0.0,18.8,False,open_meteo_historical_weather_api,2026-06-11T10:40:28Z
4,Bangkok,2024-04-23,3,32.2,36.0,29.6,37.4,0.0,0.0,0.0,22.5,False,open_meteo_historical_weather_api,2026-06-11T10:40:28Z
4,Bangkok,2024-04-24,53,31.8,35.4,29.5,37.0,0.8,0.8,2.0,22.1,True,open_meteo_historical_weather_api,2026-06-11T10:40:28Z
4,Bangkok,2024-04-25,3,32.0,36.2,28.9,37.0,0.0,0.0,0.0,18.7,False,open_meteo_historical_weather_api,2026-06-11T10:40:28Z
4,Bangkok,2024-04-26,3,32.0,35.9,28.8,37.2,0.0,0.0,0.0,21.6,False,open_meteo_historical_weather_api,2026-06-11T10:40:28Z
4,Bangkok,2024-04-27,3,32.6,36.7,29.8,38.3,0.0,0.0,0.0,21.4,False,open_meteo_historical_weather_api,2026-06-11T10:40:28Z
4,Bangkok,2024-04-28,1,32.6,37.2,29.9,38.0,0.0,0.0,0.0,20.9,False,open_meteo_historical_weather_api,2026-06-11T10:40:28Z
4,Bangkok,2024-04-29,3,32.7,36.8,30.0,38.1,0.0,0.0,0.0,19.9,False,open_meteo_historical_weather_api,2026-06-11T10:40:28Z
4,Bangkok,2024-04-30,3,33.0,38.2,29.8,38.2,0.0,0.0,0.0,22.4,False,open_meteo_historical_weather_api,2026-06-11T10:40:28Z
4,Bangkok,2024-05-01,3,33.2,37.5,29.9,38.0,0.0,0.0,0.0,20.7,False,open_meteo_historical_weather_api,2026-06-11T10:40:28Z
4,Bangkok,2024-05-02,3,32.8,37.0,30.1,37.9,0.0,0.0,0.0,24.3,False,open_meteo_historical_weather_api,2026-06-11T10:40:28Z
4,Bangkok,2024-05-03,3,33.1,37.7,30.1,38.3,0.0,0.0,0.0,18.9,False,open_meteo_historical_weather_api,2026-06-11T10:40:28Z
4,Bangkok,2024-05-04,63,32.5,37.7,29.4,38.3,3.7,3.7,5.0,19.6,True,open_meteo_historical_weather_api,2026-06-11T10:40:28Z
4,Bangkok,2024-05-05,51,32.9,37.7,30.2,38.6,0.3,0.3,2.0,17.8,True,open_meteo_historical_weather_api,2026-06-11T10:40:28Z
4,Bangkok,2024-05-06,61,32.3,35.6,30.0,37.9,1.8,1.8,3.0,18.6,True,open_meteo_historical_weather_api,2026-06-11T10:40:28Z
4,Bangkok,2024-05-07,65,28.7,30.8,26.1,34.4,19.4,19.4,8.0,21.8,True,open_meteo_historical_weather_api,2026-06-11T10:40:28Z
4,Bangkok,2024-05-08,53,30.2,35.2,26.0,35.8,0.5,0.5,1.0,12.0,True,open_meteo_historical_weather_api,2026-06-11T10:40:28Z
4,Bangkok,2024-05-09,65,30.3,33.5,27.4,36.6,32.3,32.3,12.0,15.4,True,open_meteo_historical_weather_api,2026-06-11T10:40:28Z
4,Bangkok,2024-05-10,51,30.1,35.1,26.6,36.1,0.4,0.4,3.0,20.3,True,open_meteo_historical_weather_api,2026-06-11T10:40:28Z
4,Bangkok,2024-05-11,63,28.5,32.0,26.0,34.8,8.0,8.0,5.0,12.9,True,open_meteo_historical_weather_api,2026-06-11T10:40:28Z
4,Bangkok,2024-05-12,53,30.9,35.8,26.5,37.5,0.8,0.8,2.0,10.1,True,open_meteo_historical_weather_api,2026-06-11T10:40:28Z
4,Bangkok,2024-05-13,65,29.3,34.0,26.7,35.6,25.3,25.3,6.0,16.6,True,open_meteo_historical_weather_api,2026-06-11T10:40:28Z
4,Bangkok,2024-05-14,3,29.7,33.8,26.0,36.1,0.0,0.0,0.0,9.4,False,open_meteo_historical_weather_api,2026-06-11T10:40:28Z
4,Bangkok,2024-05-15,55,30.7,35.0,27.4,36.9,1.1,1.1,1.0,9.5,True,open_meteo_historical_weather_api,2026-06-11T10:40:28Z
4,Bangkok,2024-05-16,51,30.0,34.4,26.6,36.7,1.5,1.5,6.0,12.2,True,open_meteo_historical_weather_api,2026-06-11T10:40:28Z
4,Bangkok,2024-05-17,55,29.6,33.0,26.5,35.9,4.8,4.8,10.0,17.0,True,open_meteo_historical_weather_api,2026-06-11T10:40:28Z
4,Bangkok,2024-05-18,53,30.3,33.2,28.1,36.7,1.5,1.5,7.0,15.8,True,open_meteo_historical_weather_api,2026-06-11T10:40:28Z
4,Bangkok,2024-05-19,63,29.5,32.5,26.4,35.6,20.0,20.0,14.0,17.1,True,open_meteo_historical_weather_api,2026-06-11T10:40:28Z
4,Bangkok,2024-05-20,61,29.5,33.2,26.2,36.3,4.8,4.8,9.0,15.5,True,open_meteo_historical_weather_api,2026-06-11T10:40:28Z
4,Bangkok,2024-05-21,65,28.8,32.9,26.4,35.3,56.8,56.8,17.0,14.2,True,open_meteo_historical_weather_api,2026-06-11T10:40:28Z
4,Bangkok,2024-05-22,61,28.2,31.2,25.9,34.2,7.8,7.8,18.0,13.4,True,open_meteo_historical_weather_api,2026-06-11T10:40:28Z
4,Bangkok,2024-05-23,63,28.0,30.4,26.0,33.5,9.8,9.8,22.0,19.5,True,open_meteo_historical_weather_api,2026-06-11T10:40:28Z
4,Bangkok,2024-05-24,63,28.2,30.5,26.5,33.5,10.1,10.1,14.0,17.1,True,open_meteo_historical_weather_api,2026-06-11T10:40:28Z
4,Bangkok,2024-05-25,61,29.1,32.2,27.1,35.2,4.2,4.2,9.0,19.7,True,open_meteo_historical_weather_api,2026-06-11T10:40:28Z
4,Bangkok,2024-05-26,53,29.5,32.3,27.0,35.3,2.1,2.1,6.0,19.5,True,open_meteo_historical_weather_api,2026-06-11T10:40:28Z
4,Bangkok,2024-05-27,51,30.5,33.8,28.1,36.6,0.3,0.3,3.0,16.3,True,open_meteo_historical_weather_api,2026-06-11T10:40:28Z
4,Bangkok,2024-05-28,51,30.2,34.2,26.6,36.0,0.2,0.2,1.0,17.2,True,open_meteo_historical_weather_api,2026-06-11T10:40:28Z
4,Bangkok,2024-05-29,63,29.9,34.0,27.1,35.9,11.0,11.0,5.0,14.8,True,open_meteo_historical_weather_api,2026-06-11T10:40:28Z
4,Bangkok,2024-05-30,63,29.2,33.8,26.9,35.3,26.2,26.2,12.0,18.3,True,open_meteo_historical_weather_api,2026-06-11T10:40:28Z
4,Bangkok,2024-05-31,63,28.6,32.3,26.2,34.8,15.0,15.0,17.0,13.5,True,open_meteo_historical_weather_api,2026-06-11T10:40:28Z
4,Bangkok,2024-06-01,63,28.3,30.2,26.4,33.9,10.3,10.3,21.0,19.6,True,open_meteo_historical_weather_api,2026-06-11T10:40:28Z
4,Bangkok,2024-06-02,53,29.5,33.2,26.5,35.2,1.1,1.1,4.0,16.5,True,open_meteo_historical_weather_api,2026-06-11T10:40:28Z
4,Bangkok,2024-06-03,51,29.5,32.7,26.4,34.5,0.2,0.2,1.0,16.1,True,open_meteo_historical_weather_api,2026-06-11T10:40:28Z
4,Bangkok,2024-06-04,55,29.2,33.5,26.1,34.8,4.6,4.6,11.0,15.9,True,open_meteo_historical_weather_api,2026-06-11T10:40:28Z
4,Bangkok,2024-06-05,61,29.7,33.7,27.0,35.5,5.8,5.8,5.0,19.0,True,open_meteo_historical_weather_api,2026-06-11T10:40:28Z
4,Bangkok,2024-06-06,53,29.2,32.5,25.8,34.4,2.1,2.1,6.0,16.4,True,open_meteo_historical_weather_api,2026-06-11T10:40:28Z
4,Bangkok,2024-06-07,63,29.2,32.2,26.6,34.6,11.3,11.3,5.0,17.8,True,open_meteo_historical_weather_api,2026-06-11T10:40:28Z
4,Bangkok,2024-06-08,53,29.3,33.0,26.1,34.3,1.4,1.4,6.0,19.9,True,open_meteo_historical_weather_api,2026-06-11T10:40:28Z
4,Bangkok,2024-06-09,65,28.7,33.2,26.1,33.6,8.8,8.8,6.0,17.1,True,open_meteo_historical_weather_api,2026-06-11T10:40:28Z
4,Bangkok,2024-06-10,53,28.5,31.2,26.5,33.3,3.1,3.1,13.0,19.8,True,open_meteo_historical_weather_api,2026-06-11T10:40:28Z
4,Bangkok,2024-06-11,61,28.6,31.5,26.3,33.2,4.8,4.8,7.0,23.1,True,open_meteo_historical_weather_api,2026-06-11T10:40:28Z
4,Bangkok,2024-06-12,53,28.9,32.2,26.6,34.6,1.8,1.8,6.0,13.0,True,open_meteo_historical_weather_api,2026-06-11T10:40:28Z
4,Bangkok,2024-06-13,51,29.5,33.4,26.0,34.8,1.0,1.0,5.0,14.4,True,open_meteo_historical_weather_api,2026-06-11T10:40:28Z
4,Bangkok,2024-06-14,53,29.9,33.8,26.0,35.8,1.5,1.5,5.0,16.2,True,open_meteo_historical_weather_api,2026-06-11T10:40:28Z
4,Bangkok,2024-06-15,51,29.8,34.2,25.7,35.5,0.2,0.2,1.0,15.5,True,open_meteo_historical_weather_api,2026-06-11T10:40:28Z
4,Bangkok,2024-06-16,61,30.1,35.2,26.1,35.4,3.0,3.0,3.0,17.1,True,open_meteo_historical_weather_api,2026-06-11T10:40:28Z
4,Bangkok,2024-06-17,61,29.1,32.3,26.1,34.8,2.9,2.9,6.0,17.7,True,open_meteo_historical_weather_api,2026-06-11T10:40:28Z
4,Bangkok,2024-06-18,51,29.7,33.5,26.0,35.1,0.2,0.2,2.0,17.7,True,open_meteo_historical_weather_api,2026-06-11T10:40:28Z
4,Bangkok,2024-06-19,63,29.6,33.5,26.1,34.9,4.6,4.6,4.0,15.7,True,open_meteo_historical_weather_api,2026-06-11T10:40:28Z
4,Bangkok,2024-06-20,63,29.5,34.3,26.4,34.4,3.3,3.3,3.0,22.4,True,open_meteo_historical_weather_api,2026-06-11T10:40:28Z
4,Bangkok,2024-06-21,63,28.8,33.5,25.9,34.0,8.0,8.0,6.0,21.8,True,open_meteo_historical_weather_api,2026-06-11T10:40:28Z
4,Bangkok,2024-06-22,65,28.5,32.8,25.9,33.4,16.5,16.5,7.0,18.6,True,open_meteo_historical_weather_api,2026-06-11T10:40:28Z
4,Bangkok,2024-06-23,63,28.2,31.9,26.0,32.7,5.5,5.5,5.0,19.8,True,open_meteo_historical_weather_api,2026-06-11T10:40:28Z
4,Bangkok,2024-06-24,61,28.2,31.0,26.6,33.0,6.6,6.6,12.0,19.9,True,open_meteo_historical_weather_api,2026-06-11T10:40:28Z
4,Bangkok,2024-06-25,63,28.0,31.5,26.0,32.8,25.3,25.3,14.0,20.0,True,open_meteo_historical_weather_api,2026-06-11T10:40:28Z
4,Bangkok,2024-06-26,63,27.6,30.8,26.1,32.6,15.3,15.3,14.0,16.6,True,open_meteo_historical_weather_api,2026-06-11T10:40:28Z
4,Bangkok,2024-06-27,55,28.7,31.0,27.0,33.8,1.6,1.6,4.0,14.4,True,open_meteo_historical_weather_api,2026-06-11T10:40:28Z
4,Bangkok,2024-06-28,63,29.1,32.7,26.5,35.2,5.8,5.8,4.0,16.6,True,open_meteo_historical_weather_api,2026-06-11T10:40:28Z
4,Bangkok,2024-06-29,63,28.4,30.8,26.1,33.8,12.5,12.5,14.0,18.5,True,open_meteo_historical_weather_api,2026-06-11T10:40:28Z
4,Bangkok,2024-06-30,63,28.2,31.5,25.5,34.0,9.7,9.7,12.0,14.7,True,open_meteo_historical_weather_api,2026-06-11T10:40:28Z
4,Bangkok,2024-07-01,53,27.9,30.8,25.6,33.2,1.3,1.3,5.0,12.8,True,open_meteo_historical_weather_api,2026-06-11T10:40:28Z
4,Bangkok,2024-07-02,63,28.5,32.6,25.4,33.9,10.0,10.0,12.0,11.6,True,open_meteo_historical_weather_api,2026-06-11T10:40:28Z
4,Bangkok,2024-07-03,55,28.9,32.1,26.9,34.6,4.0,4.0,8.0,17.7,True,open_meteo_historical_weather_api,2026-06-11T10:40:28Z
4,Bangkok,2024-07-04,63,27.3,29.6,25.6,32.6,7.6,7.6,13.0,18.7,True,open_meteo_historical_weather_api,2026-06-11T10:40:28Z
4,Bangkok,2024-07-05,63,27.4,30.7,25.0,32.9,15.7,15.7,16.0,19.1,True,open_meteo_historical_weather_api,2026-06-11T10:40:28Z
4,Bangkok,2024-07-06,63,28.0,31.9,25.7,33.5,7.1,7.1,7.0,16.5,True,open_meteo_historical_weather_api,2026-06-11T10:40:28Z
4,Bangkok,2024-07-07,53,28.8,32.9,25.3,34.4,1.3,1.3,3.0,15.9,True,open_meteo_historical_weather_api,2026-06-11T10:40:28Z
4,Bangkok,2024-07-08,51,28.6,31.6,26.1,34.6,2.0,2.0,9.0,17.5,True,open_meteo_historical_weather_api,2026-06-11T10:40:28Z
4,Bangkok,2024-07-09,63,28.0,31.8,25.2,33.7,8.7,8.7,4.0,16.7,True,open_meteo_historical_weather_api,2026-06-11T10:40:28Z
4,Bangkok,2024-07-10,65,27.5,30.0,25.5,32.9,34.0,34.0,12.0,14.8,True,open_meteo_historical_weather_api,2026-06-11T10:40:28Z
4,Bangkok,2024-07-11,63,27.2,30.0,25.1,32.7,7.6,7.6,15.0,16.3,True,open_meteo_historical_weather_api,2026-06-11T10:40:28Z
4,Bangkok,2024-07-12,63,27.4,30.6,25.3,32.3,9.4,9.4,13.0,22.7,True,open_meteo_historical_weather_api,2026-06-11T10:40:28Z
4,Bangkok,2024-07-13,63,28.2,31.6,25.6,32.6,8.3,8.3,10.0,19.3,True,open_meteo_historical_weather_api,2026-06-11T10:40:28Z
4,Bangkok,2024-07-14,65,28.1,31.6,25.5,33.1,17.3,17.3,10.0,18.6,True,open_meteo_historical_weather_api,2026-06-11T10:40:28Z
4,Bangkok,2024-07-15,63,27.0,29.5,25.0,32.2,10.9,10.9,14.0,14.1,True,open_meteo_historical_weather_api,2026-06-11T10:40:28Z
4,Bangkok,2024-07-16,65,26.8,30.1,25.0,31.7,23.8,23.8,16.0,17.5,True,open_meteo_historical_weather_api,2026-06-11T10:40:28Z
4,Bangkok,2024-07-17,65,27.6,31.5,25.1,32.5,23.1,23.1,9.0,18.1,True,open_meteo_historical_weather_api,2026-06-11T10:40:28Z
4,Bangkok,2024-07-18,55,27.5,30.9,25.5,32.8,5.9,5.9,16.0,18.2,True,open_meteo_historical_weather_api,2026-06-11T10:40:28Z
4,Bangkok,2024-07-19,55,27.9,30.5,26.4,33.2,4.6,4.6,15.0,17.1,True,open_meteo_historical_weather_api,2026-06-11T10:40:28Z
4,Bangkok,2024-07-20,63,27.6,29.5,26.3,32.9,6.3,6.3,9.0,15.1,True,open_meteo_historical_weather_api,2026-06-11T10:40:28Z
4,Bangkok,2024-07-21,65,27.9,31.0,26.2,33.5,27.6,27.6,10.0,15.8,True,open_meteo_historical_weather_api,2026-06-11T10:40:28Z
4,Bangkok,2024-07-22,63,28.0,31.3,25.5,33.3,5.2,5.2,6.0,13.7,True,open_meteo_historical_weather_api,2026-06-11T10:40:28Z
4,Bangkok,2024-07-23,63,27.8,32.2,26.1,33.0,9.5,9.5,7.0,17.7,True,open_meteo_historical_weather_api,2026-06-11T10:40:28Z
4,Bangkok,2024-07-24,53,27.6,29.6,26.5,32.2,1.8,1.8,8.0,19.1,True,open_meteo_historical_weather_api,2026-06-11T10:40:28Z
4,Bangkok,2024-07-25,53,27.3,29.1,25.7,32.1,5.1,5.1,15.0,18.0,True,open_meteo_historical_weather_api,2026-06-11T10:40:28Z
4,Bangkok,2024-07-26,63,27.3,28.9,26.2,32.6,7.4,7.4,13.0,13.0,True,open_meteo_historical_weather_api,2026-06-11T10:40:28Z
4,Bangkok,2024-07-27,63,27.6,31.3,25.6,33.1,17.7,17.7,12.0,16.6,True,open_meteo_historical_weather_api,2026-06-11T10:40:28Z
4,Bangkok,2024-07-28,65,27.1,29.0,25.2,32.1,18.6,18.6,20.0,16.9,True,open_meteo_historical_weather_api,2026-06-11T10:40:28Z
4,Bangkok,2024-07-29,63,27.1,31.0,24.8,32.4,26.4,26.4,18.0,16.4,True,open_meteo_historical_weather_api,2026-06-11T10:40:28Z
4,Bangkok,2024-07-30,51,27.8,30.4,25.6,32.9,1.8,1.8,12.0,14.3,True,open_meteo_historical_weather_api,2026-06-11T10:40:28Z
4,Bangkok,2024-07-31,53,27.9,29.9,26.4,33.1,1.9,1.9,12.0,16.8,True,open_meteo_historical_weather_api,2026-06-11T10:40:28Z
4,Bangkok,2024-08-01,63,27.8,29.9,26.0,33.1,7.4,7.4,9.0,14.6,True,open_meteo_historical_weather_api,2026-06-11T10:40:28Z
4,Bangkok,2024-08-02,63,27.8,30.4,25.9,33.8,6.8,6.8,14.0,10.8,True,open_meteo_historical_weather_api,2026-06-11T10:40:28Z
4,Bangkok,2024-08-03,61,27.6,31.4,25.2,33.3,6.6,6.6,11.0,14.5,True,open_meteo_historical_weather_api,2026-06-11T10:40:28Z
4,Bangkok,2024-08-04,61,27.5,30.9,25.0,33.1,8.7,8.7,17.0,14.8,True,open_meteo_historical_weather_api,2026-06-11T10:40:28Z
4,Bangkok,2024-08-05,61,27.5,30.9,25.5,33.1,6.8,6.8,12.0,18.7,True,open_meteo_historical_weather_api,2026-06-11T10:40:28Z
4,Bangkok,2024-08-06,63,27.8,31.9,25.0,33.4,8.6,8.6,8.0,19.2,True,open_meteo_historical_weather_api,2026-06-11T10:40:28Z
4,Bangkok,2024-08-07,61,27.4,31.1,24.8,33.4,4.6,4.6,8.0,12.7,True,open_meteo_historical_weather_api,2026-06-11T10:40:28Z
4,Bangkok,2024-08-08,3,28.2,31.5,25.2,34.2,0.0,0.0,0.0,10.8,False,open_meteo_historical_weather_api,2026-06-11T10:40:28Z
4,Bangkok,2024-08-09,51,29.5,33.6,26.5,35.4,0.5,0.5,4.0,13.6,True,open_meteo_historical_weather_api,2026-06-11T10:40:28Z
4,Bangkok,2024-08-10,63,29.3,33.7,26.0,34.9,4.6,4.6,5.0,16.5,True,open_meteo_historical_weather_api,2026-06-11T10:40:28Z
4,Bangkok,2024-08-11,63,29.5,34.4,25.9,34.6,6.2,6.2,4.0,20.4,True,open_meteo_historical_weather_api,2026-06-11T10:40:28Z
4,Bangkok,2024-08-12,63,28.5,32.0,26.0,34.2,16.7,16.7,10.0,14.7,True,open_meteo_historical_weather_api,2026-06-11T10:40:28Z
4,Bangkok,2024-08-13,53,28.6,32.1,25.6,34.6,1.1,1.1,5.0,16.3,True,open_meteo_historical_weather_api,2026-06-11T10:40:28Z
4,Bangkok,2024-08-14,63,28.9,33.2,25.8,35.0,8.0,8.0,5.0,13.4,True,open_meteo_historical_weather_api,2026-06-11T10:40:28Z
4,Bangkok,2024-08-15,53,29.3,33.1,26.1,35.5,1.5,1.5,6.0,14.1,True,open_meteo_historical_weather_api,2026-06-11T10:40:28Z
4,Bangkok,2024-08-16,63,29.3,33.8,26.3,35.4,4.6,4.6,2.0,15.0,True,open_meteo_historical_weather_api,2026-06-11T10:40:28Z
4,Bangkok,2024-08-17,53,28.8,31.6,26.4,34.3,1.1,1.1,4.0,14.1,True,open_meteo_historical_weather_api,2026-06-11T10:40:28Z
4,Bangkok,2024-08-18,51,29.2,32.8,26.5,35.4,0.7,0.7,4.0,15.5,True,open_meteo_historical_weather_api,2026-06-11T10:40:28Z
4,Bangkok,2024-08-19,61,29.1,33.4,25.8,35.1,4.0,4.0,6.0,14.4,True,open_meteo_historical_weather_api,2026-06-11T10:40:28Z
4,Bangkok,2024-08-20,63,28.5,32.7,25.9,34.5,6.3,6.3,5.0,12.8,True,open_meteo_historical_weather_api,2026-06-11T10:40:28Z
4,Bangkok,2024-08-21,63,28.7,32.8,25.8,34.7,3.1,3.1,3.0,9.2,True,open_meteo_historical_weather_api,2026-06-11T10:40:28Z
4,Bangkok,2024-08-22,51,29.5,33.2,26.3,35.0,0.8,0.8,6.0,12.3,True,open_meteo_historical_weather_api,2026-06-11T10:40:28Z
4,Bangkok,2024-08-23,51,29.7,34.1,26.5,35.5,0.2,0.2,1.0,14.0,True,open_meteo_historical_weather_api,2026-06-11T10:40:28Z
4,Bangkok,2024-08-24,61,28.9,33.4,25.7,34.8,5.9,5.9,10.0,13.8,True,open_meteo_historical_weather_api,2026-06-11T10:40:28Z
4,Bangkok,2024-08-25,63,28.0,31.9,25.6,33.6,7.9,7.9,5.0,13.9,True,open_meteo_historical_weather_api,2026-06-11T10:40:28Z
4,Bangkok,2024-08-26,53,28.9,33.6,25.5,34.3,2.4,2.4,9.0,15.0,True,open_meteo_historical_weather_api,2026-06-11T10:40:28Z
4,Bangkok,2024-08-27,51,28.2,32.7,25.0,33.7,0.2,0.2,2.0,17.3,True,open_meteo_historical_weather_api,2026-06-11T10:40:28Z
4,Bangkok,2024-08-28,63,27.4,30.6,24.7,33.0,16.3,16.3,14.0,15.9,True,open_meteo_historical_weather_api,2026-06-11T10:40:28Z
4,Bangkok,2024-08-29,63,27.4,30.2,25.1,32.6,16.3,16.3,15.0,20.5,True,open_meteo_historical_weather_api,2026-06-11T10:40:28Z
4,Bangkok,2024-08-30,63,28.3,31.9,25.4,33.4,4.4,4.4,8.0,18.6,True,open_meteo_historical_weather_api,2026-06-11T10:40:28Z
4,Bangkok,2024-08-31,51,28.2,31.5,25.0,33.1,0.2,0.2,2.0,17.1,True,open_meteo_historical_weather_api,2026-06-11T10:40:28Z
4,Bangkok,2024-09-01,65,27.9,32.3,25.4,32.8,18.1,18.1,10.0,17.0,True,open_meteo_historical_weather_api,2026-06-11T10:40:28Z
4,Bangkok,2024-09-02,63,27.1,31.0,25.0,32.7,23.0,23.0,18.0,12.2,True,open_meteo_historical_weather_api,2026-06-11T10:40:28Z
4,Bangkok,2024-09-03,63,26.7,30.2,24.8,32.3,11.2,11.2,17.0,14.4,True,open_meteo_historical_weather_api,2026-06-11T10:40:28Z
4,Bangkok,2024-09-04,63,27.3,30.5,25.3,32.6,13.5,13.5,19.0,14.4,True,open_meteo_historical_weather_api,2026-06-11T10:40:28Z
4,Bangkok,2024-09-05,65,28.1,32.1,24.4,33.0,8.4,8.4,4.0,18.4,True,open_meteo_historical_weather_api,2026-06-11T10:40:28Z
4,Bangkok,2024-09-06,65,28.0,31.9,25.4,32.8,17.8,17.8,9.0,22.0,True,open_meteo_historical_weather_api,2026-06-11T10:40:28Z
4,Bangkok,2024-09-07,51,28.7,32.0,25.4,33.2,0.8,0.8,4.0,18.0,True,open_meteo_historical_weather_api,2026-06-11T10:40:28Z
4,Bangkok,2024-09-08,53,28.7,32.3,26.0,33.4,1.6,1.6,6.0,17.9,True,open_meteo_historical_weather_api,2026-06-11T10:40:28Z
4,Bangkok,2024-09-09,61,28.1,31.0,26.3,33.0,4.1,4.1,11.0,17.3,True,open_meteo_historical_weather_api,2026-06-11T10:40:28Z
4,Bangkok,2024-09-10,63,28.0,32.0,25.4,33.1,6.4,6.4,5.0,15.6,True,open_meteo_historical_weather_api,2026-06-11T10:40:28Z
4,Bangkok,2024-09-11,63,27.9,30.7,26.0,33.4,6.6,6.6,7.0,13.5,True,open_meteo_historical_weather_api,2026-06-11T10:40:28Z
4,Bangkok,2024-09-12,63,27.8,32.3,25.1,33.6,13.7,13.7,10.0,15.8,True,open_meteo_historical_weather_api,2026-06-11T10:40:28Z
4,Bangkok,2024-09-13,61,27.9,31.4,25.8,33.7,6.1,6.1,13.0,18.0,True,open_meteo_historical_weather_api,2026-06-11T10:40:28Z
4,Bangkok,2024-09-14,65,27.6,31.8,25.1,33.0,18.0,18.0,11.0,16.0,True,open_meteo_historical_weather_api,2026-06-11T10:40:28Z
4,Bangkok,2024-09-15,65,27.4,31.7,25.4,32.3,17.4,17.4,14.0,19.9,True,open_meteo_historical_weather_api,2026-06-11T10:40:28Z
4,Bangkok,2024-09-16,63,28.2,32.9,24.6,33.0,13.2,13.2,4.0,22.0,True,open_meteo_historical_weather_api,2026-06-11T10:40:28Z
4,Bangkok,2024-09-17,63,28.4,32.9,26.1,33.3,3.9,3.9,7.0,18.5,True,open_meteo_historical_weather_api,2026-06-11T10:40:28Z
4,Bangkok,2024-09-18,63,27.1,31.6,25.1,32.3,19.5,19.5,18.0,18.4,True,open_meteo_historical_weather_api,2026-06-11T10:40:28Z
4,Bangkok,2024-09-19,63,27.3,31.5,24.7,32.9,5.4,5.4,5.0,7.6,True,open_meteo_historical_weather_api,2026-06-11T10:40:28Z
4,Bangkok,2024-09-20,63,27.0,31.9,24.9,32.6,15.3,15.3,8.0,13.4,True,open_meteo_historical_weather_api,2026-06-11T10:40:28Z
4,Bangkok,2024-09-21,63,27.2,30.9,24.9,33.0,10.7,10.7,12.0,18.8,True,open_meteo_historical_weather_api,2026-06-11T10:40:28Z
4,Bangkok,2024-09-22,63,27.5,30.1,26.0,32.8,11.4,11.4,15.0,17.6,True,open_meteo_historical_weather_api,2026-06-11T10:40:28Z
4,Bangkok,2024-09-23,53,28.0,31.0,25.8,33.7,3.6,3.6,10.0,13.8,True,open_meteo_historical_weather_api,2026-06-11T10:40:28Z
4,Bangkok,2024-09-24,61,27.3,28.9,26.0,32.8,4.7,4.7,13.0,9.7,True,open_meteo_historical_weather_api,2026-06-11T10:40:28Z
4,Bangkok,2024-09-25,63,27.3,30.6,24.8,33.2,6.7,6.7,15.0,8.5,True,open_meteo_historical_weather_api,2026-06-11T10:40:28Z
4,Bangkok,2024-09-26,65,27.5,31.5,25.1,33.5,9.2,9.2,7.0,14.1,True,open_meteo_historical_weather_api,2026-06-11T10:40:28Z
4,Bangkok,2024-09-27,63,27.5,31.8,24.8,33.7,5.6,5.6,6.0,10.2,True,open_meteo_historical_weather_api,2026-06-11T10:40:28Z
4,Bangkok,2024-09-28,53,28.5,31.5,25.5,34.7,1.6,1.6,5.0,13.2,True,open_meteo_historical_weather_api,2026-06-11T10:40:28Z
4,Bangkok,2024-09-29,55,29.1,31.8,26.6,35.2,2.2,2.2,8.0,13.3,True,open_meteo_historical_weather_api,2026-06-11T10:40:28Z
4,Bangkok,2024-09-30,65,28.8,33.3,25.8,34.6,14.2,14.2,5.0,14.8,True,open_meteo_historical_weather_api,2026-06-11T10:40:28Z
4,Bangkok,2024-10-01,63,27.7,31.3,25.2,33.6,7.8,7.8,14.0,12.3,True,open_meteo_historical_weather_api,2026-06-11T10:40:28Z
4,Bangkok,2024-10-02,53,27.7,31.0,24.9,33.2,3.1,3.1,12.0,17.3,True,open_meteo_historical_weather_api,2026-06-11T10:40:28Z
4,Bangkok,2024-10-03,63,26.5,30.2,24.1,31.6,23.6,23.6,20.0,14.7,True,open_meteo_historical_weather_api,2026-06-11T10:40:28Z
4,Bangkok,2024-10-04,65,26.8,31.0,23.8,31.9,40.6,40.6,19.0,12.5,True,open_meteo_historical_weather_api,2026-06-11T10:40:28Z
4,Bangkok,2024-10-05,51,28.0,31.8,24.6,33.3,0.1,0.1,1.0,10.9,True,open_meteo_historical_weather_api,2026-06-11T10:40:28Z
4,Bangkok,2024-10-06,3,28.2,32.3,24.1,33.1,0.0,0.0,0.0,10.5,False,open_meteo_historical_weather_api,2026-06-11T10:40:28Z
4,Bangkok,2024-10-07,51,28.6,31.9,25.2,33.8,0.5,0.5,3.0,11.7,True,open_meteo_historical_weather_api,2026-06-11T10:40:28Z
4,Bangkok,2024-10-08,53,28.2,32.1,25.0,33.5,1.3,1.3,4.0,12.4,True,open_meteo_historical_weather_api,2026-06-11T10:40:28Z
4,Bangkok,2024-10-09,63,27.3,31.1,24.8,33.0,7.7,7.7,8.0,12.1,True,open_meteo_historical_weather_api,2026-06-11T10:40:28Z
4,Bangkok,2024-10-10,65,27.2,31.7,24.9,32.5,15.9,15.9,8.0,17.2,True,open_meteo_historical_weather_api,2026-06-11T10:40:28Z
4,Bangkok,2024-10-11,3,28.0,32.2,24.5,33.6,0.0,0.0,0.0,10.3,False,open_meteo_historical_weather_api,2026-06-11T10:40:28Z
4,Bangkok,2024-10-12,55,28.0,32.2,25.0,33.4,1.1,1.1,2.0,15.1,True,open_meteo_historical_weather_api,2026-06-11T10:40:28Z
4,Bangkok,2024-10-13,55,27.6,32.0,25.2,33.5,2.5,2.5,5.0,17.7,True,open_meteo_historical_weather_api,2026-06-11T10:40:28Z
4,Bangkok,2024-10-14,63,28.0,32.1,25.0,34.3,3.1,3.1,3.0,8.8,True,open_meteo_historical_weather_api,2026-06-11T10:40:28Z
4,Bangkok,2024-10-15,3,28.7,32.8,25.1,34.7,0.0,0.0,0.0,10.2,False,open_meteo_historical_weather_api,2026-06-11T10:40:28Z
4,Bangkok,2024-10-16,61,28.1,32.2,25.5,34.3,3.1,3.1,7.0,10.1,True,open_meteo_historical_weather_api,2026-06-11T10:40:28Z
4,Bangkok,2024-10-17,51,28.4,32.4,25.0,34.3,0.9,0.9,4.0,10.0,True,open_meteo_historical_weather_api,2026-06-11T10:40:28Z
4,Bangkok,2024-10-18,61,26.7,31.3,24.4,32.3,8.7,8.7,16.0,10.2,True,open_meteo_historical_weather_api,2026-06-11T10:40:28Z
4,Bangkok,2024-10-19,63,26.1,30.0,24.1,31.3,32.2,32.2,15.0,13.5,True,open_meteo_historical_weather_api,2026-06-11T10:40:28Z
4,Bangkok,2024-10-20,63,26.3,29.6,23.9,31.0,16.4,16.4,16.0,15.7,True,open_meteo_historical_weather_api,2026-06-11T10:40:28Z
4,Bangkok,2024-10-21,61,27.5,31.2,24.0,33.6,2.4,2.4,6.0,8.3,True,open_meteo_historical_weather_api,2026-06-11T10:40:28Z
4,Bangkok,2024-10-22,63,27.5,31.8,24.4,33.0,7.3,7.3,8.0,11.9,True,open_meteo_historical_weather_api,2026-06-11T10:40:28Z
4,Bangkok,2024-10-23,63,26.6,31.0,23.9,32.0,5.1,5.1,8.0,11.1,True,open_meteo_historical_weather_api,2026-06-11T10:40:28Z
4,Bangkok,2024-10-24,3,27.9,32.3,24.2,33.0,0.0,0.0,0.0,11.7,False,open_meteo_historical_weather_api,2026-06-11T10:40:28Z
4,Bangkok,2024-10-25,51,28.1,31.7,24.2,33.4,0.6,0.6,4.0,9.8,True,open_meteo_historical_weather_api,2026-06-11T10:40:28Z
4,Bangkok,2024-10-26,51,29.1,33.2,25.0,34.4,0.1,0.1,1.0,11.6,True,open_meteo_historical_weather_api,2026-06-11T10:40:28Z
4,Bangkok,2024-10-27,65,28.8,33.4,26.4,34.2,9.3,9.3,8.0,16.1,True,open_meteo_historical_weather_api,2026-06-11T10:40:28Z
4,Bangkok,2024-10-28,63,27.1,30.5,24.2,32.5,14.3,14.3,12.0,15.7,True,open_meteo_historical_weather_api,2026-06-11T10:40:28Z
4,Bangkok,2024-10-29,63,27.3,31.9,24.0,32.8,5.7,5.7,5.0,12.7,True,open_meteo_historical_weather_api,2026-06-11T10:40:28Z
4,Bangkok,2024-10-30,61,26.7,31.1,24.0,32.3,3.9,3.9,12.0,10.6,True,open_meteo_historical_weather_api,2026-06-11T10:40:28Z
4,Bangkok,2024-10-31,53,27.7,31.9,24.0,33.3,1.7,1.7,6.0,11.2,True,open_meteo_historical_weather_api,2026-06-11T10:40:28Z
4,Bangkok,2024-11-01,65,27.7,32.2,25.0,33.5,12.5,12.5,7.0,10.5,True,open_meteo_historical_weather_api,2026-06-11T10:40:28Z
4,Bangkok,2024-11-02,53,27.9,32.0,24.9,31.9,0.8,0.8,1.0,18.5,True,open_meteo_historical_weather_api,2026-06-11T10:40:28Z
4,Bangkok,2024-11-03,3,27.2,31.5,23.9,30.9,0.0,0.0,0.0,11.0,False,open_meteo_historical_weather_api,2026-06-11T10:40:28Z
4,Bangkok,2024-11-04,51,27.4,31.4,24.4,31.5,0.3,0.3,3.0,15.3,True,open_meteo_historical_weather_api,2026-06-11T10:40:28Z
4,Bangkok,2024-11-05,61,26.2,30.1,23.9,30.3,2.6,2.6,5.0,17.4,True,open_meteo_historical_weather_api,2026-06-11T10:40:28Z
4,Bangkok,2024-11-06,51,26.6,29.5,24.1,30.7,1.1,1.1,7.0,16.3,True,open_meteo_historical_weather_api,2026-06-11T10:40:28Z
4,Bangkok,2024-11-07,51,27.4,31.0,24.5,31.7,0.6,0.6,3.0,17.7,True,open_meteo_historical_weather_api,2026-06-11T10:40:28Z
4,Bangkok,2024-11-08,51,27.3,31.7,23.9,31.6,0.6,0.6,5.0,14.9,True,open_meteo_historical_weather_api,2026-06-11T10:40:28Z
4,Bangkok,2024-11-09,3,27.3,31.2,24.0,31.5,0.0,0.0,0.0,11.1,False,open_meteo_historical_weather_api,2026-06-11T10:40:28Z
4,Bangkok,2024-11-10,3,27.3,31.9,23.0,30.8,0.0,0.0,0.0,12.5,False,open_meteo_historical_weather_api,2026-06-11T10:40:28Z
4,Bangkok,2024-11-11,3,27.6,32.5,22.6,31.2,0.0,0.0,0.0,11.2,False,open_meteo_historical_weather_api,2026-06-11T10:40:28Z
4,Bangkok,2024-11-12,3,28.6,32.5,23.6,32.2,0.0,0.0,0.0,10.0,False,open_meteo_historical_weather_api,2026-06-11T10:40:28Z
4,Bangkok,2024-11-13,3,30.8,35.8,25.9,34.5,0.0,0.0,0.0,7.9,False,open_meteo_historical_weather_api,2026-06-11T10:40:28Z
4,Bangkok,2024-11-14,63,30.1,34.8,26.9,35.1,8.5,8.5,9.0,9.6,True,open_meteo_historical_weather_api,2026-06-11T10:40:28Z
4,Bangkok,2024-11-15,63,28.3,32.8,24.6,34.3,10.8,10.8,9.0,5.8,True,open_meteo_historical_weather_api,2026-06-11T10:40:28Z
4,Bangkok,2024-11-16,53,29.8,34.8,26.2,36.1,0.8,0.8,3.0,6.2,True,open_meteo_historical_weather_api,2026-06-11T10:40:28Z
4,Bangkok,2024-11-17,65,28.4,34.3,24.7,33.9,25.6,25.6,11.0,13.8,True,open_meteo_historical_weather_api,2026-06-11T10:40:28Z
4,Bangkok,2024-11-18,51,28.2,32.7,24.5,32.6,0.2,0.2,2.0,10.1,True,open_meteo_historical_weather_api,2026-06-11T10:40:28Z
4,Bangkok,2024-11-19,3,28.8,33.3,24.4,32.7,0.0,0.0,0.0,7.1,False,open_meteo_historical_weather_api,2026-06-11T10:40:28Z
4,Bangkok,2024-11-20,3,29.1,33.5,24.6,32.8,0.0,0.0,0.0,9.2,False,open_meteo_historical_weather_api,2026-06-11T10:40:28Z
4,Bangkok,2024-11-21,51,29.3,34.2,24.8,33.1,0.2,0.2,2.0,9.7,True,open_meteo_historical_weather_api,2026-06-11T10:40:28Z
4,Bangkok,2024-11-22,51,29.3,33.6,25.2,33.0,0.1,0.1,1.0,10.3,True,open_meteo_historical_weather_api,2026-06-11T10:40:28Z
4,Bangkok,2024-11-23,51,29.3,33.7,25.5,33.0,0.1,0.1,1.0,11.8,True,open_meteo_historical_weather_api,2026-06-11T10:40:28Z
4,Bangkok,2024-11-24,51,29.2,33.5,25.1,33.0,0.4,0.4,3.0,11.9,True,open_meteo_historical_weather_api,2026-06-11T10:40:28Z
4,Bangkok,2024-11-25,51,29.5,33.5,25.5,33.6,0.4,0.4,2.0,12.6,True,open_meteo_historical_weather_api,2026-06-11T10:40:28Z
4,Bangkok,2024-11-26,3,29.7,33.5,25.4,33.8,0.0,0.0,0.0,12.7,False,open_meteo_historical_weather_api,2026-06-11T10:40:28Z
4,Bangkok,2024-11-27,51,29.4,33.0,25.5,33.2,0.8,0.8,4.0,12.1,True,open_meteo_historical_weather_api,2026-06-11T10:40:28Z
4,Bangkok,2024-11-28,3,28.6,32.7,24.6,30.9,0.0,0.0,0.0,12.5,False,open_meteo_historical_weather_api,2026-06-11T10:40:28Z
4,Bangkok,2024-11-29,3,27.0,31.5,22.7,28.6,0.0,0.0,0.0,11.8,False,open_meteo_historical_weather_api,2026-06-11T10:40:28Z
4,Bangkok,2024-11-30,3,26.7,31.6,21.9,28.3,0.0,0.0,0.0,9.0,False,open_meteo_historical_weather_api,2026-06-11T10:40:28Z
4,Bangkok,2024-12-01,3,27.6,33.2,22.2,29.2,0.0,0.0,0.0,8.9,False,open_meteo_historical_weather_api,2026-06-11T10:40:28Z
4,Bangkok,2024-12-02,3,28.7,34.7,22.9,31.1,0.0,0.0,0.0,7.3,False,open_meteo_historical_weather_api,2026-06-11T10:40:28Z
4,Bangkok,2024-12-03,3,30.1,35.9,25.0,32.4,0.0,0.0,0.0,8.9,False,open_meteo_historical_weather_api,2026-06-11T10:40:28Z
4,Bangkok,2024-12-04,3,30.5,35.6,25.5,33.0,0.0,0.0,0.0,11.4,False,open_meteo_historical_weather_api,2026-06-11T10:40:28Z
4,Bangkok,2024-12-05,3,30.6,35.3,26.0,33.1,0.0,0.0,0.0,9.1,False,open_meteo_historical_weather_api,2026-06-11T10:40:28Z
4,Bangkok,2024-12-06,3,30.8,35.3,26.2,32.7,0.0,0.0,0.0,7.4,False,open_meteo_historical_weather_api,2026-06-11T10:40:28Z
4,Bangkok,2024-12-07,53,30.5,34.8,26.5,33.7,1.7,1.7,4.0,12.5,True,open_meteo_historical_weather_api,2026-06-11T10:40:28Z
4,Bangkok,2024-12-08,51,30.4,34.0,27.1,33.8,0.9,0.9,5.0,13.3,True,open_meteo_historical_weather_api,2026-06-11T10:40:28Z
4,Bangkok,2024-12-09,3,29.3,33.9,25.1,31.8,0.0,0.0,0.0,12.6,False,open_meteo_historical_weather_api,2026-06-11T10:40:28Z
4,Bangkok,2024-12-10,3,29.6,34.8,24.8,32.2,0.0,0.0,0.0,11.4,False,open_meteo_historical_weather_api,2026-06-11T10:40:28Z
4,Bangkok,2024-12-11,3,30.0,34.7,25.4,32.2,0.0,0.0,0.0,16.2,False,open_meteo_historical_weather_api,2026-06-11T10:40:28Z
4,Bangkok,2024-12-12,51,30.4,34.5,27.1,33.3,0.5,0.5,3.0,11.6,True,open_meteo_historical_weather_api,2026-06-11T10:40:28Z
4,Bangkok,2024-12-13,63,27.9,30.5,26.1,31.8,5.8,5.8,8.0,10.8,True,open_meteo_historical_weather_api,2026-06-11T10:40:28Z
4,Bangkok,2024-12-14,3,27.6,31.6,24.8,30.5,0.0,0.0,0.0,13.9,False,open_meteo_historical_weather_api,2026-06-11T10:40:28Z
4,Bangkok,2024-12-15,3,26.3,29.8,22.8,27.8,0.0,0.0,0.0,12.7,False,open_meteo_historical_weather_api,2026-06-11T10:40:28Z
4,Bangkok,2024-12-16,3,27.1,31.9,22.9,28.4,0.0,0.0,0.0,7.7,False,open_meteo_historical_weather_api,2026-06-11T10:40:28Z
4,Bangkok,2024-12-17,2,27.3,32.0,22.6,28.9,0.0,0.0,0.0,9.3,False,open_meteo_historical_weather_api,2026-06-11T10:40:28Z
4,Bangkok,2024-12-18,3,27.8,32.9,23.0,29.3,0.0,0.0,0.0,14.0,False,open_meteo_historical_weather_api,2026-06-11T10:40:28Z
4,Bangkok,2024-12-19,3,27.6,32.2,23.1,28.8,0.0,0.0,0.0,13.1,False,open_meteo_historical_weather_api,2026-06-11T10:40:28Z
4,Bangkok,2024-12-20,3,26.6,31.4,21.8,27.6,0.0,0.0,0.0,10.5,False,open_meteo_historical_weather_api,2026-06-11T10:40:28Z
4,Bangkok,2024-12-21,3,26.7,32.2,21.5,27.7,0.0,0.0,0.0,9.6,False,open_meteo_historical_weather_api,2026-06-11T10:40:28Z
4,Bangkok,2024-12-22,3,26.1,30.9,21.8,26.4,0.0,0.0,0.0,13.5,False,open_meteo_historical_weather_api,2026-06-11T10:40:28Z
4,Bangkok,2024-12-23,3,25.7,30.5,20.4,26.0,0.0,0.0,0.0,9.4,False,open_meteo_historical_weather_api,2026-06-11T10:40:28Z
4,Bangkok,2024-12-24,3,27.5,34.2,21.9,28.6,0.0,0.0,0.0,10.7,False,open_meteo_historical_weather_api,2026-06-11T10:40:28Z
4,Bangkok,2024-12-25,3,27.9,33.2,22.6,29.0,0.0,0.0,0.0,11.0,False,open_meteo_historical_weather_api,2026-06-11T10:40:28Z
4,Bangkok,2024-12-26,3,28.5,33.0,23.8,29.7,0.0,0.0,0.0,9.5,False,open_meteo_historical_weather_api,2026-06-11T10:40:28Z
4,Bangkok,2024-12-27,51,30.1,34.7,26.0,32.7,0.6,0.6,2.0,13.6,True,open_meteo_historical_weather_api,2026-06-11T10:40:28Z
4,Bangkok,2024-12-28,3,28.9,32.6,25.6,30.9,0.0,0.0,0.0,14.2,False,open_meteo_historical_weather_api,2026-06-11T10:40:28Z
4,Bangkok,2024-12-29,3,27.4,32.2,22.8,29.0,0.0,0.0,0.0,11.1,False,open_meteo_historical_weather_api,2026-06-11T10:40:28Z
4,Bangkok,2024-12-30,3,27.2,32.4,22.5,29.4,0.0,0.0,0.0,7.9,False,open_meteo_historical_weather_api,2026-06-11T10:40:28Z
4,Bangkok,2024-12-31,3,27.0,32.3,21.3,28.6,0.0,0.0,0.0,10.9,False,open_meteo_historical_weather_api,2026-06-11T10:40:28Z
5,Ho Chi Minh City,2024-01-01,3,28.1,33.4,24.0,32.5,0.0,0.0,0.0,14.7,False,open_meteo_historical_weather_api,2026-06-11T10:40:28Z
5,Ho Chi Minh City,2024-01-02,51,28.1,33.3,23.5,32.5,0.1,0.1,1.0,15.6,True,open_meteo_historical_weather_api,2026-06-11T10:40:28Z
5,Ho Chi Minh City,2024-01-03,51,28.3,33.4,24.2,32.5,0.2,0.2,1.0,15.4,True,open_meteo_historical_weather_api,2026-06-11T10:40:28Z
5,Ho Chi Minh City,2024-01-04,3,27.9,33.5,23.4,31.6,0.0,0.0,0.0,15.5,False,open_meteo_historical_weather_api,2026-06-11T10:40:28Z
5,Ho Chi Minh City,2024-01-05,3,27.5,32.8,23.3,31.2,0.0,0.0,0.0,13.6,False,open_meteo_historical_weather_api,2026-06-11T10:40:28Z
5,Ho Chi Minh City,2024-01-06,53,28.0,33.6,23.1,32.4,0.6,0.6,2.0,11.6,True,open_meteo_historical_weather_api,2026-06-11T10:40:28Z
5,Ho Chi Minh City,2024-01-07,3,28.0,33.0,24.2,32.8,0.0,0.0,0.0,15.2,False,open_meteo_historical_weather_api,2026-06-11T10:40:28Z
5,Ho Chi Minh City,2024-01-08,51,27.5,31.2,23.8,31.7,0.6,0.6,4.0,9.5,True,open_meteo_historical_weather_api,2026-06-11T10:40:28Z
5,Ho Chi Minh City,2024-01-09,51,27.9,32.8,23.8,32.1,0.1,0.1,1.0,11.7,True,open_meteo_historical_weather_api,2026-06-11T10:40:28Z
5,Ho Chi Minh City,2024-01-10,3,28.0,33.5,23.6,31.7,0.0,0.0,0.0,15.6,False,open_meteo_historical_weather_api,2026-06-11T10:40:28Z
5,Ho Chi Minh City,2024-01-11,51,27.9,33.5,23.6,31.6,0.1,0.1,1.0,16.1,True,open_meteo_historical_weather_api,2026-06-11T10:40:28Z
5,Ho Chi Minh City,2024-01-12,3,26.9,32.9,22.5,30.4,0.0,0.0,0.0,18.6,False,open_meteo_historical_weather_api,2026-06-11T10:40:28Z
5,Ho Chi Minh City,2024-01-13,3,26.8,32.0,22.1,30.0,0.0,0.0,0.0,13.5,False,open_meteo_historical_weather_api,2026-06-11T10:40:28Z
5,Ho Chi Minh City,2024-01-14,3,26.7,32.2,21.8,29.7,0.0,0.0,0.0,12.2,False,open_meteo_historical_weather_api,2026-06-11T10:40:28Z
5,Ho Chi Minh City,2024-01-15,3,27.2,33.0,21.9,30.3,0.0,0.0,0.0,11.9,False,open_meteo_historical_weather_api,2026-06-11T10:40:28Z
5,Ho Chi Minh City,2024-01-16,3,27.8,33.2,22.9,31.1,0.0,0.0,0.0,14.8,False,open_meteo_historical_weather_api,2026-06-11T10:40:28Z
5,Ho Chi Minh City,2024-01-17,3,28.2,33.1,24.0,31.3,0.0,0.0,0.0,13.7,False,open_meteo_historical_weather_api,2026-06-11T10:40:28Z
5,Ho Chi Minh City,2024-01-18,3,28.4,34.0,24.2,31.9,0.0,0.0,0.0,15.3,False,open_meteo_historical_weather_api,2026-06-11T10:40:28Z
5,Ho Chi Minh City,2024-01-19,3,28.0,33.0,23.6,31.2,0.0,0.0,0.0,14.1,False,open_meteo_historical_weather_api,2026-06-11T10:40:28Z
5,Ho Chi Minh City,2024-01-20,3,27.1,33.0,23.2,30.4,0.0,0.0,0.0,17.9,False,open_meteo_historical_weather_api,2026-06-11T10:40:28Z
5,Ho Chi Minh City,2024-01-21,3,27.5,32.8,23.4,30.8,0.0,0.0,0.0,15.8,False,open_meteo_historical_weather_api,2026-06-11T10:40:28Z
5,Ho Chi Minh City,2024-01-22,3,28.2,34.0,23.6,30.8,0.0,0.0,0.0,13.8,False,open_meteo_historical_weather_api,2026-06-11T10:40:28Z
5,Ho Chi Minh City,2024-01-23,3,28.4,34.0,24.1,31.2,0.0,0.0,0.0,16.8,False,open_meteo_historical_weather_api,2026-06-11T10:40:28Z
5,Ho Chi Minh City,2024-01-24,3,28.2,33.5,23.6,31.3,0.0,0.0,0.0,14.0,False,open_meteo_historical_weather_api,2026-06-11T10:40:28Z
5,Ho Chi Minh City,2024-01-25,3,28.3,33.7,23.6,30.9,0.0,0.0,0.0,13.4,False,open_meteo_historical_weather_api,2026-06-11T10:40:28Z
5,Ho Chi Minh City,2024-01-26,3,27.9,33.0,24.0,30.5,0.0,0.0,0.0,15.1,False,open_meteo_historical_weather_api,2026-06-11T10:40:28Z
5,Ho Chi Minh City,2024-01-27,3,27.6,33.4,22.7,30.3,0.0,0.0,0.0,15.9,False,open_meteo_historical_weather_api,2026-06-11T10:40:28Z
5,Ho Chi Minh City,2024-01-28,3,27.9,33.5,23.0,29.8,0.0,0.0,0.0,14.9,False,open_meteo_historical_weather_api,2026-06-11T10:40:28Z
5,Ho Chi Minh City,2024-01-29,3,27.8,33.4,22.7,29.6,0.0,0.0,0.0,14.8,False,open_meteo_historical_weather_api,2026-06-11T10:40:28Z
5,Ho Chi Minh City,2024-01-30,3,28.1,34.4,23.8,30.0,0.0,0.0,0.0,19.4,False,open_meteo_historical_weather_api,2026-06-11T10:40:28Z
5,Ho Chi Minh City,2024-01-31,3,28.0,34.0,23.5,30.5,0.0,0.0,0.0,18.1,False,open_meteo_historical_weather_api,2026-06-11T10:40:28Z
5,Ho Chi Minh City,2024-02-01,51,28.0,33.5,23.8,31.0,0.3,0.3,3.0,17.7,True,open_meteo_historical_weather_api,2026-06-11T10:40:28Z
5,Ho Chi Minh City,2024-02-02,3,27.6,33.5,23.5,30.7,0.0,0.0,0.0,19.2,False,open_meteo_historical_weather_api,2026-06-11T10:40:28Z
5,Ho Chi Minh City,2024-02-03,2,27.7,34.4,23.9,30.6,0.0,0.0,0.0,21.6,False,open_meteo_historical_weather_api,2026-06-11T10:40:28Z
5,Ho Chi Minh City,2024-02-04,3,27.8,34.3,23.6,31.3,0.0,0.0,0.0,19.0,False,open_meteo_historical_weather_api,2026-06-11T10:40:28Z
5,Ho Chi Minh City,2024-02-05,51,28.0,33.5,24.5,31.8,0.5,0.5,2.0,17.6,True,open_meteo_historical_weather_api,2026-06-11T10:40:28Z
5,Ho Chi Minh City,2024-02-06,3,28.3,34.6,24.3,31.4,0.0,0.0,0.0,22.5,False,open_meteo_historical_weather_api,2026-06-11T10:40:28Z
5,Ho Chi Minh City,2024-02-07,53,28.1,32.7,24.5,31.8,1.4,1.4,4.0,16.3,True,open_meteo_historical_weather_api,2026-06-11T10:40:28Z
5,Ho Chi Minh City,2024-02-08,51,27.6,32.4,24.4,31.0,0.3,0.3,3.0,18.5,True,open_meteo_historical_weather_api,2026-06-11T10:40:28Z
5,Ho Chi Minh City,2024-02-09,3,28.5,34.8,24.0,31.8,0.0,0.0,0.0,17.3,False,open_meteo_historical_weather_api,2026-06-11T10:40:28Z
5,Ho Chi Minh City,2024-02-10,3,28.8,34.6,23.9,32.4,0.0,0.0,0.0,15.9,False,open_meteo_historical_weather_api,2026-06-11T10:40:28Z
5,Ho Chi Minh City,2024-02-11,3,28.7,33.7,23.1,31.1,0.0,0.0,0.0,13.4,False,open_meteo_historical_weather_api,2026-06-11T10:40:28Z
5,Ho Chi Minh City,2024-02-12,3,27.9,33.7,21.8,29.8,0.0,0.0,0.0,16.7,False,open_meteo_historical_weather_api,2026-06-11T10:40:28Z
5,Ho Chi Minh City,2024-02-13,3,28.8,35.5,23.7,30.8,0.0,0.0,0.0,22.5,False,open_meteo_historical_weather_api,2026-06-11T10:40:28Z
5,Ho Chi Minh City,2024-02-14,3,29.7,35.8,25.1,32.0,0.0,0.0,0.0,19.6,False,open_meteo_historical_weather_api,2026-06-11T10:40:28Z
5,Ho Chi Minh City,2024-02-15,51,29.9,36.3,25.5,32.1,0.1,0.1,1.0,21.4,True,open_meteo_historical_weather_api,2026-06-11T10:40:28Z
5,Ho Chi Minh City,2024-02-16,2,29.4,36.5,24.9,31.4,0.0,0.0,0.0,20.5,False,open_meteo_historical_weather_api,2026-06-11T10:40:28Z
5,Ho Chi Minh City,2024-02-17,3,28.5,35.5,23.5,30.1,0.0,0.0,0.0,21.1,False,open_meteo_historical_weather_api,2026-06-11T10:40:28Z
5,Ho Chi Minh City,2024-02-18,3,28.7,35.7,23.7,31.3,0.0,0.0,0.0,22.1,False,open_meteo_historical_weather_api,2026-06-11T10:40:28Z
5,Ho Chi Minh City,2024-02-19,3,28.8,35.3,25.0,31.8,0.0,0.0,0.0,21.3,False,open_meteo_historical_weather_api,2026-06-11T10:40:28Z
5,Ho Chi Minh City,2024-02-20,3,28.6,34.8,24.6,31.8,0.0,0.0,0.0,21.7,False,open_meteo_historical_weather_api,2026-06-11T10:40:28Z
5,Ho Chi Minh City,2024-02-21,3,28.4,34.8,24.1,31.7,0.0,0.0,0.0,20.7,False,open_meteo_historical_weather_api,2026-06-11T10:40:28Z
5,Ho Chi Minh City,2024-02-22,0,28.1,35.7,23.4,31.6,0.0,0.0,0.0,22.9,False,open_meteo_historical_weather_api,2026-06-11T10:40:28Z
5,Ho Chi Minh City,2024-02-23,51,28.6,34.8,24.4,32.1,0.2,0.2,2.0,23.5,True,open_meteo_historical_weather_api,2026-06-11T10:40:28Z
5,Ho Chi Minh City,2024-02-24,53,29.1,35.5,24.8,32.3,1.3,1.3,3.0,19.0,True,open_meteo_historical_weather_api,2026-06-11T10:40:28Z
5,Ho Chi Minh City,2024-02-25,3,29.0,35.6,24.3,31.9,0.0,0.0,0.0,18.6,False,open_meteo_historical_weather_api,2026-06-11T10:40:28Z
5,Ho Chi Minh City,2024-02-26,3,29.5,36.7,24.0,31.9,0.0,0.0,0.0,24.3,False,open_meteo_historical_weather_api,2026-06-11T10:40:28Z
5,Ho Chi Minh City,2024-02-27,53,29.4,35.3,25.2,32.5,1.1,1.1,4.0,18.3,True,open_meteo_historical_weather_api,2026-06-11T10:40:28Z
5,Ho Chi Minh City,2024-02-28,3,29.0,36.2,24.4,31.4,0.0,0.0,0.0,25.3,False,open_meteo_historical_weather_api,2026-06-11T10:40:28Z
5,Ho Chi Minh City,2024-02-29,3,29.5,36.5,24.8,31.2,0.0,0.0,0.0,20.6,False,open_meteo_historical_weather_api,2026-06-11T10:40:28Z
5,Ho Chi Minh City,2024-03-01,3,29.3,35.5,25.0,31.7,0.0,0.0,0.0,17.5,False,open_meteo_historical_weather_api,2026-06-11T10:40:28Z
5,Ho Chi Minh City,2024-03-02,51,29.6,36.0,25.4,32.9,0.2,0.2,2.0,20.2,True,open_meteo_historical_weather_api,2026-06-11T10:40:28Z
5,Ho Chi Minh City,2024-03-03,3,29.2,36.0,25.1,32.2,0.0,0.0,0.0,20.5,False,open_meteo_historical_weather_api,2026-06-11T10:40:28Z
5,Ho Chi Minh City,2024-03-04,3,29.1,36.0,25.1,32.0,0.0,0.0,0.0,22.1,False,open_meteo_historical_weather_api,2026-06-11T10:40:28Z
5,Ho Chi Minh City,2024-03-05,2,29.2,35.2,25.1,33.4,0.0,0.0,0.0,15.1,False,open_meteo_historical_weather_api,2026-06-11T10:40:28Z
5,Ho Chi Minh City,2024-03-06,3,29.4,36.0,25.0,33.8,0.0,0.0,0.0,15.3,False,open_meteo_historical_weather_api,2026-06-11T10:40:28Z
5,Ho Chi Minh City,2024-03-07,51,29.0,35.2,25.6,33.1,0.3,0.3,3.0,21.5,True,open_meteo_historical_weather_api,2026-06-11T10:40:28Z
5,Ho Chi Minh City,2024-03-08,3,29.9,37.2,25.2,32.0,0.0,0.0,0.0,21.7,False,open_meteo_historical_weather_api,2026-06-11T10:40:28Z
5,Ho Chi Minh City,2024-03-09,3,29.4,36.2,25.0,32.0,0.0,0.0,0.0,24.4,False,open_meteo_historical_weather_api,2026-06-11T10:40:28Z
5,Ho Chi Minh City,2024-03-10,3,29.8,37.5,25.5,31.7,0.0,0.0,0.0,29.6,False,open_meteo_historical_weather_api,2026-06-11T10:40:28Z
5,Ho Chi Minh City,2024-03-11,3,30.0,37.0,24.5,32.2,0.0,0.0,0.0,25.4,False,open_meteo_historical_weather_api,2026-06-11T10:40:28Z
5,Ho Chi Minh City,2024-03-12,3,30.0,37.5,25.5,32.8,0.0,0.0,0.0,25.3,False,open_meteo_historical_weather_api,2026-06-11T10:40:28Z
5,Ho Chi Minh City,2024-03-13,51,29.5,35.2,25.4,32.7,0.2,0.2,2.0,19.2,True,open_meteo_historical_weather_api,2026-06-11T10:40:28Z
5,Ho Chi Minh City,2024-03-14,51,29.5,36.2,25.6,32.6,0.5,0.5,2.0,21.7,True,open_meteo_historical_weather_api,2026-06-11T10:40:28Z
5,Ho Chi Minh City,2024-03-15,3,29.0,35.7,24.6,31.5,0.0,0.0,0.0,22.5,False,open_meteo_historical_weather_api,2026-06-11T10:40:28Z
5,Ho Chi Minh City,2024-03-16,3,29.3,37.0,24.4,32.6,0.0,0.0,0.0,22.0,False,open_meteo_historical_weather_api,2026-06-11T10:40:28Z
5,Ho Chi Minh City,2024-03-17,51,29.6,36.9,24.6,32.6,0.2,0.2,2.0,23.0,True,open_meteo_historical_weather_api,2026-06-11T10:40:28Z
5,Ho Chi Minh City,2024-03-18,3,29.2,37.0,24.7,32.1,0.0,0.0,0.0,27.6,False,open_meteo_historical_weather_api,2026-06-11T10:40:28Z
5,Ho Chi Minh City,2024-03-19,3,29.4,37.2,24.9,31.6,0.0,0.0,0.0,30.1,False,open_meteo_historical_weather_api,2026-06-11T10:40:28Z
5,Ho Chi Minh City,2024-03-20,3,29.3,36.5,23.5,31.8,0.0,0.0,0.0,21.8,False,open_meteo_historical_weather_api,2026-06-11T10:40:28Z
5,Ho Chi Minh City,2024-03-21,53,29.5,36.0,25.2,32.2,1.2,1.2,4.0,20.9,True,open_meteo_historical_weather_api,2026-06-11T10:40:28Z
5,Ho Chi Minh City,2024-03-22,3,29.4,36.6,25.4,31.8,0.0,0.0,0.0,26.4,False,open_meteo_historical_weather_api,2026-06-11T10:40:28Z
5,Ho Chi Minh City,2024-03-23,51,29.1,34.3,25.5,32.2,0.7,0.7,3.0,21.4,True,open_meteo_historical_weather_api,2026-06-11T10:40:28Z
5,Ho Chi Minh City,2024-03-24,2,29.5,35.9,25.5,33.0,0.0,0.0,0.0,20.8,False,open_meteo_historical_weather_api,2026-06-11T10:40:28Z
5,Ho Chi Minh City,2024-03-25,3,29.6,36.4,25.3,33.3,0.0,0.0,0.0,22.1,False,open_meteo_historical_weather_api,2026-06-11T10:40:28Z
5,Ho Chi Minh City,2024-03-26,3,30.5,38.0,25.8,33.3,0.0,0.0,0.0,25.2,False,open_meteo_historical_weather_api,2026-06-11T10:40:28Z
5,Ho Chi Minh City,2024-03-27,51,30.7,36.8,26.8,33.7,0.6,0.6,3.0,18.5,True,open_meteo_historical_weather_api,2026-06-11T10:40:28Z
5,Ho Chi Minh City,2024-03-28,3,30.4,36.0,26.3,34.4,0.0,0.0,0.0,16.1,False,open_meteo_historical_weather_api,2026-06-11T10:40:28Z
5,Ho Chi Minh City,2024-03-29,51,30.1,36.0,26.1,34.3,0.1,0.1,1.0,20.9,True,open_meteo_historical_weather_api,2026-06-11T10:40:28Z
5,Ho Chi Minh City,2024-03-30,3,30.4,36.5,26.4,34.6,0.0,0.0,0.0,19.8,False,open_meteo_historical_weather_api,2026-06-11T10:40:28Z
5,Ho Chi Minh City,2024-03-31,51,30.5,36.8,26.0,35.2,0.6,0.6,2.0,16.3,True,open_meteo_historical_weather_api,2026-06-11T10:40:28Z
5,Ho Chi Minh City,2024-04-01,51,30.6,36.2,26.5,35.7,0.2,0.2,2.0,17.6,True,open_meteo_historical_weather_api,2026-06-11T10:40:28Z
5,Ho Chi Minh City,2024-04-02,51,30.4,36.0,27.2,34.6,0.2,0.2,2.0,17.6,True,open_meteo_historical_weather_api,2026-06-11T10:40:28Z
5,Ho Chi Minh City,2024-04-03,3,30.5,36.3,26.0,34.3,0.0,0.0,0.0,18.8,False,open_meteo_historical_weather_api,2026-06-11T10:40:28Z
5,Ho Chi Minh City,2024-04-04,51,30.7,36.3,26.8,34.9,0.2,0.2,2.0,19.3,True,open_meteo_historical_weather_api,2026-06-11T10:40:28Z
5,Ho Chi Minh City,2024-04-05,51,30.4,35.9,27.1,34.4,0.5,0.5,5.0,22.5,True,open_meteo_historical_weather_api,2026-06-11T10:40:28Z
5,Ho Chi Minh City,2024-04-06,3,30.3,35.7,26.5,33.2,0.0,0.0,0.0,19.8,False,open_meteo_historical_weather_api,2026-06-11T10:40:28Z
5,Ho Chi Minh City,2024-04-07,3,30.6,37.2,26.2,34.6,0.0,0.0,0.0,22.7,False,open_meteo_historical_weather_api,2026-06-11T10:40:28Z
5,Ho Chi Minh City,2024-04-08,3,30.8,36.6,26.5,35.1,0.0,0.0,0.0,22.1,False,open_meteo_historical_weather_api,2026-06-11T10:40:28Z
5,Ho Chi Minh City,2024-04-09,3,31.2,39.1,26.6,34.4,0.0,0.0,0.0,23.9,False,open_meteo_historical_weather_api,2026-06-11T10:40:28Z
5,Ho Chi Minh City,2024-04-10,3,31.5,38.0,26.8,34.0,0.0,0.0,0.0,23.9,False,open_meteo_historical_weather_api,2026-06-11T10:40:28Z
5,Ho Chi Minh City,2024-04-11,51,31.4,39.2,26.6,33.9,0.4,0.4,1.0,20.7,True,open_meteo_historical_weather_api,2026-06-11T10:40:28Z
5,Ho Chi Minh City,2024-04-12,3,31.4,39.2,26.7,34.5,0.0,0.0,0.0,23.5,False,open_meteo_historical_weather_api,2026-06-11T10:40:28Z
5,Ho Chi Minh City,2024-04-13,51,30.7,35.2,27.5,34.3,0.2,0.2,2.0,18.5,True,open_meteo_historical_weather_api,2026-06-11T10:40:28Z
5,Ho Chi Minh City,2024-04-14,3,30.6,37.2,26.3,34.3,0.0,0.0,0.0,24.5,False,open_meteo_historical_weather_api,2026-06-11T10:40:28Z
5,Ho Chi Minh City,2024-04-15,51,30.7,36.4,26.9,34.6,0.1,0.1,1.0,21.2,True,open_meteo_historical_weather_api,2026-06-11T10:40:28Z
5,Ho Chi Minh City,2024-04-16,3,31.1,37.8,27.0,34.7,0.0,0.0,0.0,25.2,False,open_meteo_historical_weather_api,2026-06-11T10:40:28Z
5,Ho Chi Minh City,2024-04-17,3,31.0,36.7,27.1,34.5,0.0,0.0,0.0,19.7,False,open_meteo_historical_weather_api,2026-06-11T10:40:28Z
5,Ho Chi Minh City,2024-04-18,3,30.7,37.2,25.8,34.9,0.0,0.0,0.0,20.8,False,open_meteo_historical_weather_api,2026-06-11T10:40:28Z
5,Ho Chi Minh City,2024-04-19,51,30.6,36.7,26.5,34.8,0.7,0.7,6.0,19.0,True,open_meteo_historical_weather_api,2026-06-11T10:40:28Z
5,Ho Chi Minh City,2024-04-20,51,30.8,36.3,26.6,34.4,0.2,0.2,1.0,18.5,True,open_meteo_historical_weather_api,2026-06-11T10:40:28Z
5,Ho Chi Minh City,2024-04-21,51,31.0,37.2,26.5,34.6,0.1,0.1,1.0,19.8,True,open_meteo_historical_weather_api,2026-06-11T10:40:28Z
5,Ho Chi Minh City,2024-04-22,3,31.2,36.7,27.0,35.1,0.0,0.0,0.0,18.8,False,open_meteo_historical_weather_api,2026-06-11T10:40:28Z
5,Ho Chi Minh City,2024-04-23,3,31.2,37.1,26.5,35.0,0.0,0.0,0.0,18.5,False,open_meteo_historical_weather_api,2026-06-11T10:40:28Z
5,Ho Chi Minh City,2024-04-24,3,31.7,37.8,27.5,36.1,0.0,0.0,0.0,20.0,False,open_meteo_historical_weather_api,2026-06-11T10:40:28Z
5,Ho Chi Minh City,2024-04-25,3,32.1,38.3,27.9,36.9,0.0,0.0,0.0,20.8,False,open_meteo_historical_weather_api,2026-06-11T10:40:28Z
5,Ho Chi Minh City,2024-04-26,51,32.0,37.7,28.4,36.8,0.3,0.3,2.0,21.4,True,open_meteo_historical_weather_api,2026-06-11T10:40:28Z
5,Ho Chi Minh City,2024-04-27,3,32.1,38.2,27.8,37.1,0.0,0.0,0.0,18.4,False,open_meteo_historical_weather_api,2026-06-11T10:40:28Z
5,Ho Chi Minh City,2024-04-28,51,32.1,37.9,28.0,36.7,0.6,0.6,2.0,18.0,True,open_meteo_historical_weather_api,2026-06-11T10:40:28Z
5,Ho Chi Minh City,2024-04-29,51,32.1,38.5,27.5,37.2,0.3,0.3,3.0,21.8,True,open_meteo_historical_weather_api,2026-06-11T10:40:28Z
5,Ho Chi Minh City,2024-04-30,51,32.1,38.2,27.8,37.2,0.2,0.2,2.0,20.9,True,open_meteo_historical_weather_api,2026-06-11T10:40:28Z
5,Ho Chi Minh City,2024-05-01,3,32.2,37.8,28.1,37.1,0.0,0.0,0.0,19.2,False,open_meteo_historical_weather_api,2026-06-11T10:40:28Z
5,Ho Chi Minh City,2024-05-02,51,32.5,38.2,29.3,36.7,0.7,0.7,5.0,19.3,True,open_meteo_historical_weather_api,2026-06-11T10:40:28Z
5,Ho Chi Minh City,2024-05-03,51,32.5,37.8,28.9,36.8,0.1,0.1,1.0,19.5,True,open_meteo_historical_weather_api,2026-06-11T10:40:28Z
5,Ho Chi Minh City,2024-05-04,63,30.9,37.5,27.9,36.2,4.6,4.6,7.0,11.6,True,open_meteo_historical_weather_api,2026-06-11T10:40:28Z
5,Ho Chi Minh City,2024-05-05,63,29.7,34.9,27.1,35.5,8.0,8.0,7.0,16.4,True,open_meteo_historical_weather_api,2026-06-11T10:40:28Z
5,Ho Chi Minh City,2024-05-06,51,29.8,33.3,27.0,35.4,0.1,0.1,1.0,15.2,True,open_meteo_historical_weather_api,2026-06-11T10:40:28Z
5,Ho Chi Minh City,2024-05-07,63,29.5,33.4,26.6,35.1,9.8,9.8,5.0,16.8,True,open_meteo_historical_weather_api,2026-06-11T10:40:28Z
5,Ho Chi Minh City,2024-05-08,53,30.2,35.0,26.9,36.1,1.0,1.0,2.0,13.6,True,open_meteo_historical_weather_api,2026-06-11T10:40:28Z
5,Ho Chi Minh City,2024-05-09,61,30.4,35.5,27.5,35.5,3.6,3.6,8.0,20.7,True,open_meteo_historical_weather_api,2026-06-11T10:40:28Z
5,Ho Chi Minh City,2024-05-10,53,30.5,34.9,27.4,35.4,1.0,1.0,6.0,22.8,True,open_meteo_historical_weather_api,2026-06-11T10:40:28Z
5,Ho Chi Minh City,2024-05-11,55,30.6,36.1,27.4,36.3,2.2,2.2,3.0,20.6,True,open_meteo_historical_weather_api,2026-06-11T10:40:28Z
5,Ho Chi Minh City,2024-05-12,53,30.7,35.3,27.8,36.4,2.2,2.2,8.0,19.4,True,open_meteo_historical_weather_api,2026-06-11T10:40:28Z
5,Ho Chi Minh City,2024-05-13,63,30.4,35.2,26.7,36.0,7.4,7.4,12.0,23.2,True,open_meteo_historical_weather_api,2026-06-11T10:40:28Z
5,Ho Chi Minh City,2024-05-14,53,30.4,35.7,26.1,36.0,1.2,1.2,3.0,16.0,True,open_meteo_historical_weather_api,2026-06-11T10:40:28Z
5,Ho Chi Minh City,2024-05-15,63,30.1,35.2,26.9,35.0,7.7,7.7,8.0,25.9,True,open_meteo_historical_weather_api,2026-06-11T10:40:28Z
5,Ho Chi Minh City,2024-05-16,61,29.1,33.4,26.5,35.0,5.2,5.2,7.0,14.1,True,open_meteo_historical_weather_api,2026-06-11T10:40:28Z
5,Ho Chi Minh City,2024-05-17,63,29.3,32.6,26.5,35.3,4.1,4.1,5.0,17.2,True,open_meteo_historical_weather_api,2026-06-11T10:40:28Z
5,Ho Chi Minh City,2024-05-18,51,29.3,34.2,26.0,35.6,0.2,0.2,2.0,17.2,True,open_meteo_historical_weather_api,2026-06-11T10:40:28Z
5,Ho Chi Minh City,2024-05-19,63,29.1,33.5,26.4,35.8,6.1,6.1,8.0,11.5,True,open_meteo_historical_weather_api,2026-06-11T10:40:28Z
5,Ho Chi Minh City,2024-05-20,65,28.1,32.0,25.8,34.1,49.9,49.9,15.0,13.3,True,open_meteo_historical_weather_api,2026-06-11T10:40:28Z
5,Ho Chi Minh City,2024-05-21,65,27.9,32.2,25.4,33.9,34.2,34.2,12.0,10.1,True,open_meteo_historical_weather_api,2026-06-11T10:40:28Z
5,Ho Chi Minh City,2024-05-22,63,29.0,33.4,25.8,35.7,7.1,7.1,5.0,13.8,True,open_meteo_historical_weather_api,2026-06-11T10:40:28Z
5,Ho Chi Minh City,2024-05-23,63,29.0,32.4,26.5,35.7,9.1,9.1,6.0,15.2,True,open_meteo_historical_weather_api,2026-06-11T10:40:28Z
5,Ho Chi Minh City,2024-05-24,51,30.0,34.2,26.8,36.4,0.6,0.6,3.0,15.5,True,open_meteo_historical_weather_api,2026-06-11T10:40:28Z
5,Ho Chi Minh City,2024-05-25,51,30.2,33.7,27.2,36.5,0.6,0.6,3.0,14.8,True,open_meteo_historical_weather_api,2026-06-11T10:40:28Z
5,Ho Chi Minh City,2024-05-26,53,29.3,33.7,26.2,36.2,2.0,2.0,8.0,14.1,True,open_meteo_historical_weather_api,2026-06-11T10:40:28Z
5,Ho Chi Minh City,2024-05-27,53,30.1,34.5,27.1,37.1,1.4,1.4,5.0,10.4,True,open_meteo_historical_weather_api,2026-06-11T10:40:28Z
5,Ho Chi Minh City,2024-05-28,65,28.6,32.7,25.2,34.8,28.1,28.1,11.0,10.5,True,open_meteo_historical_weather_api,2026-06-11T10:40:28Z
5,Ho Chi Minh City,2024-05-29,65,28.9,33.8,26.6,35.0,20.8,20.8,7.0,16.3,True,open_meteo_historical_weather_api,2026-06-11T10:40:28Z
5,Ho Chi Minh City,2024-05-30,63,28.2,31.4,26.2,34.3,12.5,12.5,13.0,17.2,True,open_meteo_historical_weather_api,2026-06-11T10:40:28Z
5,Ho Chi Minh City,2024-05-31,63,27.7,32.0,25.9,33.7,15.2,15.2,11.0,19.4,True,open_meteo_historical_weather_api,2026-06-11T10:40:28Z
5,Ho Chi Minh City,2024-06-01,61,28.5,33.2,25.8,35.0,3.5,3.5,5.0,15.3,True,open_meteo_historical_weather_api,2026-06-11T10:40:28Z
5,Ho Chi Minh City,2024-06-02,51,29.4,33.7,25.6,35.7,0.4,0.4,2.0,12.3,True,open_meteo_historical_weather_api,2026-06-11T10:40:28Z
5,Ho Chi Minh City,2024-06-03,53,29.8,34.5,26.4,35.7,0.8,0.8,2.0,17.8,True,open_meteo_historical_weather_api,2026-06-11T10:40:28Z
5,Ho Chi Minh City,2024-06-04,3,30.3,34.5,26.4,36.9,0.0,0.0,0.0,10.2,False,open_meteo_historical_weather_api,2026-06-11T10:40:28Z
5,Ho Chi Minh City,2024-06-05,63,29.6,34.0,27.4,35.9,5.6,5.6,6.0,13.0,True,open_meteo_historical_weather_api,2026-06-11T10:40:28Z
5,Ho Chi Minh City,2024-06-06,51,30.0,34.2,27.0,36.4,0.1,0.1,1.0,9.9,True,open_meteo_historical_weather_api,2026-06-11T10:40:28Z
5,Ho Chi Minh City,2024-06-07,53,29.1,33.3,26.9,35.2,1.7,1.7,7.0,9.3,True,open_meteo_historical_weather_api,2026-06-11T10:40:28Z
5,Ho Chi Minh City,2024-06-08,65,28.9,34.0,26.0,34.8,12.7,12.7,6.0,12.6,True,open_meteo_historical_weather_api,2026-06-11T10:40:28Z
5,Ho Chi Minh City,2024-06-09,63,27.6,30.9,26.1,32.7,10.3,10.3,10.0,22.9,True,open_meteo_historical_weather_api,2026-06-11T10:40:28Z
5,Ho Chi Minh City,2024-06-10,63,27.2,31.0,25.6,32.0,10.2,10.2,8.0,18.7,True,open_meteo_historical_weather_api,2026-06-11T10:40:28Z
5,Ho Chi Minh City,2024-06-11,51,28.6,33.2,25.0,33.9,0.5,0.5,3.0,18.4,True,open_meteo_historical_weather_api,2026-06-11T10:40:28Z
5,Ho Chi Minh City,2024-06-12,61,28.9,33.5,25.5,34.3,2.3,2.3,4.0,18.5,True,open_meteo_historical_weather_api,2026-06-11T10:40:28Z
5,Ho Chi Minh City,2024-06-13,53,29.4,34.5,26.0,34.9,2.0,2.0,5.0,17.9,True,open_meteo_historical_weather_api,2026-06-11T10:40:28Z
5,Ho Chi Minh City,2024-06-14,63,29.0,33.8,26.4,35.3,10.7,10.7,5.0,19.2,True,open_meteo_historical_weather_api,2026-06-11T10:40:28Z
5,Ho Chi Minh City,2024-06-15,63,28.5,33.8,25.8,35.0,5.3,5.3,7.0,15.2,True,open_meteo_historical_weather_api,2026-06-11T10:40:28Z
5,Ho Chi Minh City,2024-06-16,51,28.6,33.2,26.0,34.1,0.2,0.2,1.0,16.2,True,open_meteo_historical_weather_api,2026-06-11T10:40:28Z
5,Ho Chi Minh City,2024-06-17,63,28.0,33.7,25.4,33.1,6.4,6.4,7.0,22.6,True,open_meteo_historical_weather_api,2026-06-11T10:40:28Z
5,Ho Chi Minh City,2024-06-18,63,28.6,34.0,25.4,34.0,8.5,8.5,8.0,16.6,True,open_meteo_historical_weather_api,2026-06-11T10:40:28Z
5,Ho Chi Minh City,2024-06-19,63,28.6,33.3,25.5,34.0,6.8,6.8,5.0,24.6,True,open_meteo_historical_weather_api,2026-06-11T10:40:28Z
5,Ho Chi Minh City,2024-06-20,65,27.4,31.8,26.0,33.0,31.0,31.0,19.0,18.1,True,open_meteo_historical_weather_api,2026-06-11T10:40:28Z
5,Ho Chi Minh City,2024-06-21,65,27.1,31.8,25.3,32.7,17.8,17.8,15.0,14.3,True,open_meteo_historical_weather_api,2026-06-11T10:40:28Z
5,Ho Chi Minh City,2024-06-22,65,26.4,28.6,25.1,30.8,32.5,32.5,23.0,20.6,True,open_meteo_historical_weather_api,2026-06-11T10:40:28Z
5,Ho Chi Minh City,2024-06-23,63,26.4,30.1,24.5,31.0,16.3,16.3,17.0,22.4,True,open_meteo_historical_weather_api,2026-06-11T10:40:28Z
5,Ho Chi Minh City,2024-06-24,63,26.7,30.6,24.4,32.0,16.3,16.3,19.0,20.9,True,open_meteo_historical_weather_api,2026-06-11T10:40:28Z
5,Ho Chi Minh City,2024-06-25,55,27.7,31.2,25.0,32.9,2.5,2.5,8.0,13.7,True,open_meteo_historical_weather_api,2026-06-11T10:40:28Z
5,Ho Chi Minh City,2024-06-26,55,28.2,32.5,24.6,33.5,1.3,1.3,3.0,11.6,True,open_meteo_historical_weather_api,2026-06-11T10:40:28Z
5,Ho Chi Minh City,2024-06-27,63,27.2,31.2,25.2,33.3,19.8,19.8,16.0,9.8,True,open_meteo_historical_weather_api,2026-06-11T10:40:28Z
5,Ho Chi Minh City,2024-06-28,63,27.5,31.3,24.9,33.3,9.3,9.3,10.0,17.3,True,open_meteo_historical_weather_api,2026-06-11T10:40:28Z
5,Ho Chi Minh City,2024-06-29,61,28.3,31.5,25.6,33.9,2.2,2.2,9.0,20.9,True,open_meteo_historical_weather_api,2026-06-11T10:40:28Z
5,Ho Chi Minh City,2024-06-30,63,28.0,32.7,25.5,33.9,4.8,4.8,4.0,11.7,True,open_meteo_historical_weather_api,2026-06-11T10:40:28Z
5,Ho Chi Minh City,2024-07-01,53,27.9,31.2,24.6,33.4,1.7,1.7,10.0,16.9,True,open_meteo_historical_weather_api,2026-06-11T10:40:28Z
5,Ho Chi Minh City,2024-07-02,65,27.3,32.3,25.1,33.1,17.1,17.1,15.0,12.5,True,open_meteo_historical_weather_api,2026-06-11T10:40:28Z
5,Ho Chi Minh City,2024-07-03,63,27.1,31.0,24.9,32.8,16.1,16.1,19.0,15.5,True,open_meteo_historical_weather_api,2026-06-11T10:40:28Z
5,Ho Chi Minh City,2024-07-04,63,26.2,29.7,24.0,31.9,19.7,19.7,19.0,12.5,True,open_meteo_historical_weather_api,2026-06-11T10:40:28Z
5,Ho Chi Minh City,2024-07-05,63,27.1,32.2,24.0,32.5,6.0,6.0,5.0,18.5,True,open_meteo_historical_weather_api,2026-06-11T10:40:28Z
5,Ho Chi Minh City,2024-07-06,63,27.8,32.2,24.1,33.8,7.3,7.3,9.0,15.2,True,open_meteo_historical_weather_api,2026-06-11T10:40:28Z
5,Ho Chi Minh City,2024-07-07,63,27.5,30.6,25.1,33.1,5.3,5.3,11.0,16.6,True,open_meteo_historical_weather_api,2026-06-11T10:40:28Z
5,Ho Chi Minh City,2024-07-08,53,27.6,31.3,25.1,33.6,2.1,2.1,10.0,15.6,True,open_meteo_historical_weather_api,2026-06-11T10:40:28Z
5,Ho Chi Minh City,2024-07-09,63,27.5,31.5,24.8,32.8,18.7,18.7,8.0,14.2,True,open_meteo_historical_weather_api,2026-06-11T10:40:28Z
5,Ho Chi Minh City,2024-07-10,55,27.2,31.6,24.6,32.8,2.1,2.1,8.0,18.9,True,open_meteo_historical_weather_api,2026-06-11T10:40:28Z
5,Ho Chi Minh City,2024-07-11,63,26.4,30.2,24.6,31.5,15.9,15.9,15.0,18.7,True,open_meteo_historical_weather_api,2026-06-11T10:40:28Z
5,Ho Chi Minh City,2024-07-12,63,26.5,30.4,24.5,30.9,12.8,12.8,14.0,20.6,True,open_meteo_historical_weather_api,2026-06-11T10:40:28Z
5,Ho Chi Minh City,2024-07-13,65,26.6,30.2,24.9,31.1,21.9,21.9,14.0,20.9,True,open_meteo_historical_weather_api,2026-06-11T10:40:28Z
5,Ho Chi Minh City,2024-07-14,63,26.7,30.9,25.2,30.6,19.5,19.5,15.0,27.0,True,open_meteo_historical_weather_api,2026-06-11T10:40:28Z
5,Ho Chi Minh City,2024-07-15,65,26.6,30.9,24.9,31.2,19.1,19.1,11.0,20.4,True,open_meteo_historical_weather_api,2026-06-11T10:40:28Z
5,Ho Chi Minh City,2024-07-16,65,26.3,30.5,24.5,31.0,15.4,15.4,13.0,18.9,True,open_meteo_historical_weather_api,2026-06-11T10:40:28Z
5,Ho Chi Minh City,2024-07-17,63,26.0,29.2,24.5,30.2,14.7,14.7,19.0,24.4,True,open_meteo_historical_weather_api,2026-06-11T10:40:28Z
5,Ho Chi Minh City,2024-07-18,63,26.6,31.0,24.5,31.4,17.7,17.7,21.0,21.8,True,open_meteo_historical_weather_api,2026-06-11T10:40:28Z
5,Ho Chi Minh City,2024-07-19,63,26.2,29.2,24.2,31.0,17.0,17.0,15.0,20.3,True,open_meteo_historical_weather_api,2026-06-11T10:40:28Z
5,Ho Chi Minh City,2024-07-20,63,26.0,28.9,24.3,30.9,17.1,17.1,21.0,15.2,True,open_meteo_historical_weather_api,2026-06-11T10:40:28Z
5,Ho Chi Minh City,2024-07-21,65,26.8,31.1,24.5,31.5,16.1,16.1,12.0,22.2,True,open_meteo_historical_weather_api,2026-06-11T10:40:28Z
5,Ho Chi Minh City,2024-07-22,63,27.0,31.3,25.0,31.8,14.3,14.3,11.0,23.1,True,open_meteo_historical_weather_api,2026-06-11T10:40:28Z
5,Ho Chi Minh City,2024-07-23,63,27.6,30.9,25.2,32.4,5.5,5.5,5.0,18.8,True,open_meteo_historical_weather_api,2026-06-11T10:40:28Z
5,Ho Chi Minh City,2024-07-24,63,28.0,31.6,25.2,32.8,7.0,7.0,4.0,20.3,True,open_meteo_historical_weather_api,2026-06-11T10:40:28Z
5,Ho Chi Minh City,2024-07-25,65,27.3,31.5,25.2,32.0,20.9,20.9,15.0,20.6,True,open_meteo_historical_weather_api,2026-06-11T10:40:28Z
5,Ho Chi Minh City,2024-07-26,61,27.0,29.3,24.6,31.8,5.8,5.8,6.0,20.6,True,open_meteo_historical_weather_api,2026-06-11T10:40:28Z
5,Ho Chi Minh City,2024-07-27,65,26.4,29.2,24.6,31.3,26.3,26.3,15.0,25.2,True,open_meteo_historical_weather_api,2026-06-11T10:40:28Z
5,Ho Chi Minh City,2024-07-28,53,26.8,29.5,24.9,31.9,2.1,2.1,6.0,14.8,True,open_meteo_historical_weather_api,2026-06-11T10:40:28Z
5,Ho Chi Minh City,2024-07-29,63,27.2,31.1,24.4,32.8,7.7,7.7,8.0,16.1,True,open_meteo_historical_weather_api,2026-06-11T10:40:28Z
5,Ho Chi Minh City,2024-07-30,65,27.4,32.1,24.4,33.2,9.7,9.7,9.0,13.6,True,open_meteo_historical_weather_api,2026-06-11T10:40:28Z
5,Ho Chi Minh City,2024-07-31,61,27.8,32.3,24.6,33.5,3.3,3.3,4.0,18.0,True,open_meteo_historical_weather_api,2026-06-11T10:40:28Z
5,Ho Chi Minh City,2024-08-01,65,27.8,32.0,25.4,33.8,23.1,23.1,9.0,19.9,True,open_meteo_historical_weather_api,2026-06-11T10:40:28Z
5,Ho Chi Minh City,2024-08-02,63,27.6,32.0,25.0,33.6,24.3,24.3,11.0,15.8,True,open_meteo_historical_weather_api,2026-06-11T10:40:28Z
5,Ho Chi Minh City,2024-08-03,63,27.3,31.3,24.5,33.1,8.4,8.4,12.0,11.3,True,open_meteo_historical_weather_api,2026-06-11T10:40:28Z
5,Ho Chi Minh City,2024-08-04,65,26.6,31.0,24.5,32.1,8.6,8.6,5.0,12.3,True,open_meteo_historical_weather_api,2026-06-11T10:40:28Z
5,Ho Chi Minh City,2024-08-05,65,26.3,31.2,23.8,31.9,27.2,27.2,12.0,16.8,True,open_meteo_historical_weather_api,2026-06-11T10:40:28Z
5,Ho Chi Minh City,2024-08-06,65,26.8,31.6,24.2,32.5,14.9,14.9,7.0,13.8,True,open_meteo_historical_weather_api,2026-06-11T10:40:28Z
5,Ho Chi Minh City,2024-08-07,63,27.0,30.6,24.4,32.8,14.6,14.6,9.0,15.1,True,open_meteo_historical_weather_api,2026-06-11T10:40:28Z
5,Ho Chi Minh City,2024-08-08,51,28.1,32.3,24.4,34.0,1.1,1.1,8.0,14.7,True,open_meteo_historical_weather_api,2026-06-11T10:40:28Z
5,Ho Chi Minh City,2024-08-09,61,28.4,32.3,25.5,34.0,3.0,3.0,10.0,13.3,True,open_meteo_historical_weather_api,2026-06-11T10:40:28Z
5,Ho Chi Minh City,2024-08-10,53,28.6,32.9,25.1,34.6,1.0,1.0,4.0,14.2,True,open_meteo_historical_weather_api,2026-06-11T10:40:28Z
5,Ho Chi Minh City,2024-08-11,61,28.6,32.9,25.5,34.3,4.6,4.6,5.0,18.2,True,open_meteo_historical_weather_api,2026-06-11T10:40:28Z
5,Ho Chi Minh City,2024-08-12,63,27.7,31.8,25.2,32.9,12.3,12.3,12.0,24.2,True,open_meteo_historical_weather_api,2026-06-11T10:40:28Z
5,Ho Chi Minh City,2024-08-13,51,28.1,32.7,24.4,33.9,0.2,0.2,1.0,17.1,True,open_meteo_historical_weather_api,2026-06-11T10:40:28Z
5,Ho Chi Minh City,2024-08-14,51,28.5,32.9,25.4,34.8,0.7,0.7,5.0,14.0,True,open_meteo_historical_weather_api,2026-06-11T10:40:28Z
5,Ho Chi Minh City,2024-08-15,63,28.3,32.5,25.0,34.5,13.1,13.1,10.0,12.0,True,open_meteo_historical_weather_api,2026-06-11T10:40:28Z
5,Ho Chi Minh City,2024-08-16,61,28.1,32.5,25.3,34.2,2.7,2.7,6.0,13.4,True,open_meteo_historical_weather_api,2026-06-11T10:40:28Z
5,Ho Chi Minh City,2024-08-17,63,27.8,32.3,25.2,34.2,4.1,4.1,6.0,13.2,True,open_meteo_historical_weather_api,2026-06-11T10:40:28Z
5,Ho Chi Minh City,2024-08-18,51,28.6,33.2,24.8,34.6,0.2,0.2,2.0,12.4,True,open_meteo_historical_weather_api,2026-06-11T10:40:28Z
5,Ho Chi Minh City,2024-08-19,51,29.1,33.6,25.4,35.1,0.1,0.1,1.0,12.2,True,open_meteo_historical_weather_api,2026-06-11T10:40:28Z
5,Ho Chi Minh City,2024-08-20,55,28.5,32.5,25.3,34.5,1.9,1.9,5.0,11.2,True,open_meteo_historical_weather_api,2026-06-11T10:40:28Z
5,Ho Chi Minh City,2024-08-21,63,28.2,33.2,24.9,34.3,4.8,4.8,4.0,13.6,True,open_meteo_historical_weather_api,2026-06-11T10:40:28Z
5,Ho Chi Minh City,2024-08-22,61,28.2,32.8,24.9,34.1,2.6,2.6,5.0,13.7,True,open_meteo_historical_weather_api,2026-06-11T10:40:28Z
5,Ho Chi Minh City,2024-08-23,53,27.8,31.6,24.8,33.6,1.4,1.4,7.0,15.2,True,open_meteo_historical_weather_api,2026-06-11T10:40:28Z
5,Ho Chi Minh City,2024-08-24,61,27.3,32.0,24.8,33.1,7.1,7.1,10.0,14.7,True,open_meteo_historical_weather_api,2026-06-11T10:40:28Z
5,Ho Chi Minh City,2024-08-25,65,26.8,31.8,23.8,32.2,13.0,13.0,10.0,14.4,True,open_meteo_historical_weather_api,2026-06-11T10:40:28Z
5,Ho Chi Minh City,2024-08-26,65,26.9,31.9,24.4,32.5,28.1,28.1,17.0,16.1,True,open_meteo_historical_weather_api,2026-06-11T10:40:28Z
5,Ho Chi Minh City,2024-08-27,61,26.8,30.6,24.7,32.3,5.8,5.8,13.0,21.4,True,open_meteo_historical_weather_api,2026-06-11T10:40:28Z
5,Ho Chi Minh City,2024-08-28,63,27.0,30.9,24.9,32.1,15.0,15.0,16.0,22.5,True,open_meteo_historical_weather_api,2026-06-11T10:40:28Z
5,Ho Chi Minh City,2024-08-29,63,26.9,30.0,23.9,31.2,7.9,7.9,14.0,22.9,True,open_meteo_historical_weather_api,2026-06-11T10:40:28Z
5,Ho Chi Minh City,2024-08-30,63,26.9,31.1,24.9,31.8,14.3,14.3,9.0,22.6,True,open_meteo_historical_weather_api,2026-06-11T10:40:28Z
5,Ho Chi Minh City,2024-08-31,63,26.7,30.0,24.6,31.7,18.2,18.2,18.0,18.2,True,open_meteo_historical_weather_api,2026-06-11T10:40:28Z
5,Ho Chi Minh City,2024-09-01,63,26.3,29.2,24.5,31.9,25.2,25.2,18.0,9.9,True,open_meteo_historical_weather_api,2026-06-11T10:40:28Z
5,Ho Chi Minh City,2024-09-02,65,26.1,28.4,24.1,31.1,14.8,14.8,11.0,20.5,True,open_meteo_historical_weather_api,2026-06-11T10:40:28Z
5,Ho Chi Minh City,2024-09-03,63,26.5,29.9,24.5,31.2,10.9,10.9,9.0,25.7,True,open_meteo_historical_weather_api,2026-06-11T10:40:28Z
5,Ho Chi Minh City,2024-09-04,61,27.1,30.6,24.9,31.8,3.7,3.7,8.0,22.6,True,open_meteo_historical_weather_api,2026-06-11T10:40:28Z
5,Ho Chi Minh City,2024-09-05,65,27.4,31.7,25.2,32.1,12.1,12.1,13.0,22.9,True,open_meteo_historical_weather_api,2026-06-11T10:40:28Z
5,Ho Chi Minh City,2024-09-06,61,27.1,30.6,25.6,31.0,5.7,5.7,11.0,28.4,True,open_meteo_historical_weather_api,2026-06-11T10:40:28Z
5,Ho Chi Minh City,2024-09-07,65,27.5,31.6,25.2,32.1,16.7,16.7,10.0,24.8,True,open_meteo_historical_weather_api,2026-06-11T10:40:28Z
5,Ho Chi Minh City,2024-09-08,65,27.7,31.5,25.3,32.7,18.1,18.1,7.0,18.7,True,open_meteo_historical_weather_api,2026-06-11T10:40:28Z
5,Ho Chi Minh City,2024-09-09,63,28.1,32.0,25.0,33.5,6.5,6.5,10.0,17.3,True,open_meteo_historical_weather_api,2026-06-11T10:40:28Z
5,Ho Chi Minh City,2024-09-10,63,27.5,32.5,25.2,33.4,7.5,7.5,12.0,17.6,True,open_meteo_historical_weather_api,2026-06-11T10:40:28Z
5,Ho Chi Minh City,2024-09-11,63,27.2,31.4,24.9,33.1,10.1,10.1,13.0,13.5,True,open_meteo_historical_weather_api,2026-06-11T10:40:28Z
5,Ho Chi Minh City,2024-09-12,63,27.1,31.6,24.8,33.0,12.4,12.4,12.0,13.4,True,open_meteo_historical_weather_api,2026-06-11T10:40:28Z
5,Ho Chi Minh City,2024-09-13,65,27.0,31.7,25.1,32.2,27.0,27.0,17.0,19.3,True,open_meteo_historical_weather_api,2026-06-11T10:40:28Z
5,Ho Chi Minh City,2024-09-14,63,26.2,29.6,25.0,30.8,21.5,21.5,23.0,18.4,True,open_meteo_historical_weather_api,2026-06-11T10:40:28Z
5,Ho Chi Minh City,2024-09-15,63,26.6,29.8,25.0,31.2,13.4,13.4,15.0,16.3,True,open_meteo_historical_weather_api,2026-06-11T10:40:28Z
5,Ho Chi Minh City,2024-09-16,65,27.0,31.2,24.8,31.8,23.8,23.8,14.0,17.9,True,open_meteo_historical_weather_api,2026-06-11T10:40:28Z
5,Ho Chi Minh City,2024-09-17,61,26.1,29.0,24.9,30.6,12.4,12.4,20.0,19.5,True,open_meteo_historical_weather_api,2026-06-11T10:40:28Z
5,Ho Chi Minh City,2024-09-18,63,25.8,29.4,23.8,30.6,52.6,52.6,22.0,18.1,True,open_meteo_historical_weather_api,2026-06-11T10:40:28Z
5,Ho Chi Minh City,2024-09-19,63,26.3,29.6,24.2,30.6,10.6,10.6,15.0,20.4,True,open_meteo_historical_weather_api,2026-06-11T10:40:28Z
5,Ho Chi Minh City,2024-09-20,63,26.8,30.0,25.0,31.0,5.5,5.5,8.0,22.8,True,open_meteo_historical_weather_api,2026-06-11T10:40:28Z
5,Ho Chi Minh City,2024-09-21,63,26.0,28.2,24.9,30.2,21.7,21.7,16.0,20.1,True,open_meteo_historical_weather_api,2026-06-11T10:40:28Z
5,Ho Chi Minh City,2024-09-22,61,26.2,29.3,24.5,31.2,12.3,12.3,20.0,17.0,True,open_meteo_historical_weather_api,2026-06-11T10:40:28Z
5,Ho Chi Minh City,2024-09-23,63,26.7,31.1,24.6,32.4,26.1,26.1,9.0,14.0,True,open_meteo_historical_weather_api,2026-06-11T10:40:28Z
5,Ho Chi Minh City,2024-09-24,55,27.4,31.6,24.7,33.7,3.9,3.9,10.0,9.0,True,open_meteo_historical_weather_api,2026-06-11T10:40:28Z
5,Ho Chi Minh City,2024-09-25,63,27.1,30.8,23.9,33.4,4.7,4.7,10.0,10.9,True,open_meteo_historical_weather_api,2026-06-11T10:40:28Z
5,Ho Chi Minh City,2024-09-26,63,26.7,31.4,23.6,32.1,8.3,8.3,10.0,15.8,True,open_meteo_historical_weather_api,2026-06-11T10:40:28Z
5,Ho Chi Minh City,2024-09-27,63,27.1,30.8,24.5,32.7,5.6,5.6,10.0,20.4,True,open_meteo_historical_weather_api,2026-06-11T10:40:28Z
5,Ho Chi Minh City,2024-09-28,51,28.2,32.0,25.0,34.1,1.3,1.3,11.0,12.0,True,open_meteo_historical_weather_api,2026-06-11T10:40:28Z
5,Ho Chi Minh City,2024-09-29,63,28.1,32.2,25.4,34.3,8.7,8.7,8.0,9.8,True,open_meteo_historical_weather_api,2026-06-11T10:40:28Z
5,Ho Chi Minh City,2024-09-30,65,27.9,32.7,25.3,34.2,13.1,13.1,10.0,11.9,True,open_meteo_historical_weather_api,2026-06-11T10:40:28Z
5,Ho Chi Minh City,2024-10-01,63,27.9,32.3,25.4,33.9,8.1,8.1,9.0,12.2,True,open_meteo_historical_weather_api,2026-06-11T10:40:28Z
5,Ho Chi Minh City,2024-10-02,63,27.6,32.2,25.0,34.3,10.6,10.6,9.0,14.9,True,open_meteo_historical_weather_api,2026-06-11T10:40:28Z
5,Ho Chi Minh City,2024-10-03,63,26.8,30.7,24.9,32.7,9.8,9.8,11.0,15.5,True,open_meteo_historical_weather_api,2026-06-11T10:40:28Z
5,Ho Chi Minh City,2024-10-04,63,26.8,31.0,24.1,32.4,5.6,5.6,8.0,12.5,True,open_meteo_historical_weather_api,2026-06-11T10:40:28Z
5,Ho Chi Minh City,2024-10-05,61,27.2,31.8,23.9,32.9,4.7,4.7,4.0,11.5,True,open_meteo_historical_weather_api,2026-06-11T10:40:28Z
5,Ho Chi Minh City,2024-10-06,63,26.7,30.2,24.3,31.6,24.2,24.2,15.0,11.6,True,open_meteo_historical_weather_api,2026-06-11T10:40:28Z
5,Ho Chi Minh City,2024-10-07,65,26.4,31.1,23.8,32.1,23.4,23.4,9.0,10.6,True,open_meteo_historical_weather_api,2026-06-11T10:40:28Z
5,Ho Chi Minh City,2024-10-08,63,26.4,30.5,24.2,32.1,19.3,19.3,10.0,12.1,True,open_meteo_historical_weather_api,2026-06-11T10:40:28Z
5,Ho Chi Minh City,2024-10-09,65,26.6,30.5,24.3,32.6,15.2,15.2,11.0,13.3,True,open_meteo_historical_weather_api,2026-06-11T10:40:28Z
5,Ho Chi Minh City,2024-10-10,65,27.0,31.7,24.7,32.6,12.3,12.3,11.0,15.8,True,open_meteo_historical_weather_api,2026-06-11T10:40:28Z
5,Ho Chi Minh City,2024-10-11,53,27.1,30.9,24.4,33.1,1.6,1.6,8.0,12.9,True,open_meteo_historical_weather_api,2026-06-11T10:40:28Z
5,Ho Chi Minh City,2024-10-12,63,26.7,31.0,24.9,32.6,7.6,7.6,9.0,12.5,True,open_meteo_historical_weather_api,2026-06-11T10:40:28Z
5,Ho Chi Minh City,2024-10-13,65,27.4,32.3,24.4,33.4,14.0,14.0,4.0,11.9,True,open_meteo_historical_weather_api,2026-06-11T10:40:28Z
5,Ho Chi Minh City,2024-10-14,65,27.3,32.1,24.0,33.3,9.8,9.8,6.0,11.5,True,open_meteo_historical_weather_api,2026-06-11T10:40:28Z
5,Ho Chi Minh City,2024-10-15,63,26.7,31.0,24.5,32.5,29.1,29.1,22.0,13.7,True,open_meteo_historical_weather_api,2026-06-11T10:40:28Z
5,Ho Chi Minh City,2024-10-16,63,26.5,30.2,24.8,31.7,7.3,7.3,13.0,14.3,True,open_meteo_historical_weather_api,2026-06-11T10:40:28Z
5,Ho Chi Minh City,2024-10-17,65,26.6,30.5,24.8,32.4,19.6,19.6,15.0,21.6,True,open_meteo_historical_weather_api,2026-06-11T10:40:28Z
5,Ho Chi Minh City,2024-10-18,55,25.9,28.9,23.9,31.2,2.9,2.9,9.0,13.7,True,open_meteo_historical_weather_api,2026-06-11T10:40:28Z
5,Ho Chi Minh City,2024-10-19,63,26.1,29.6,24.1,31.7,8.4,8.4,11.0,12.2,True,open_meteo_historical_weather_api,2026-06-11T10:40:28Z
5,Ho Chi Minh City,2024-10-20,61,26.2,30.6,24.0,31.7,6.8,6.8,13.0,16.8,True,open_meteo_historical_weather_api,2026-06-11T10:40:28Z
5,Ho Chi Minh City,2024-10-21,63,26.4,31.0,23.7,31.3,16.1,16.1,12.0,17.3,True,open_meteo_historical_weather_api,2026-06-11T10:40:28Z
5,Ho Chi Minh City,2024-10-22,63,26.1,30.5,23.4,31.0,10.8,10.8,13.0,15.5,True,open_meteo_historical_weather_api,2026-06-11T10:40:28Z
5,Ho Chi Minh City,2024-10-23,63,26.3,29.3,24.4,31.5,10.0,10.0,11.0,11.7,True,open_meteo_historical_weather_api,2026-06-11T10:40:28Z
5,Ho Chi Minh City,2024-10-24,51,27.5,31.7,24.0,32.5,0.6,0.6,4.0,14.3,True,open_meteo_historical_weather_api,2026-06-11T10:40:28Z
5,Ho Chi Minh City,2024-10-25,53,27.2,31.9,23.0,31.6,1.0,1.0,4.0,16.5,True,open_meteo_historical_weather_api,2026-06-11T10:40:28Z
5,Ho Chi Minh City,2024-10-26,51,27.9,32.5,24.2,32.2,0.1,0.1,1.0,20.7,True,open_meteo_historical_weather_api,2026-06-11T10:40:28Z
5,Ho Chi Minh City,2024-10-27,63,25.6,26.9,24.5,30.4,7.3,7.3,12.0,12.4,True,open_meteo_historical_weather_api,2026-06-11T10:40:28Z
5,Ho Chi Minh City,2024-10-28,63,24.8,26.9,23.6,29.6,41.9,41.9,17.0,12.9,True,open_meteo_historical_weather_api,2026-06-11T10:40:28Z
5,Ho Chi Minh City,2024-10-29,63,25.6,29.2,23.7,30.2,9.2,9.2,12.0,16.2,True,open_meteo_historical_weather_api,2026-06-11T10:40:28Z
5,Ho Chi Minh City,2024-10-30,61,26.4,31.3,23.4,31.5,4.7,4.7,10.0,14.3,True,open_meteo_historical_weather_api,2026-06-11T10:40:28Z
5,Ho Chi Minh City,2024-10-31,51,26.9,31.5,23.4,31.9,0.2,0.2,2.0,14.3,True,open_meteo_historical_weather_api,2026-06-11T10:40:28Z
5,Ho Chi Minh City,2024-11-01,63,27.1,31.8,24.1,32.6,10.5,10.5,8.0,11.1,True,open_meteo_historical_weather_api,2026-06-11T10:40:28Z
5,Ho Chi Minh City,2024-11-02,61,26.6,30.2,23.9,31.3,3.8,3.8,12.0,14.4,True,open_meteo_historical_weather_api,2026-06-11T10:40:28Z
5,Ho Chi Minh City,2024-11-03,61,26.7,31.5,23.1,32.0,1.8,1.8,4.0,11.4,True,open_meteo_historical_weather_api,2026-06-11T10:40:28Z
5,Ho Chi Minh City,2024-11-04,63,26.3,30.3,23.5,31.8,14.3,14.3,8.0,15.2,True,open_meteo_historical_weather_api,2026-06-11T10:40:28Z
5,Ho Chi Minh City,2024-11-05,53,26.3,30.9,23.0,31.6,1.2,1.2,4.0,13.6,True,open_meteo_historical_weather_api,2026-06-11T10:40:28Z
5,Ho Chi Minh City,2024-11-06,63,26.4,30.9,24.2,32.1,8.8,8.8,8.0,14.2,True,open_meteo_historical_weather_api,2026-06-11T10:40:28Z
5,Ho Chi Minh City,2024-11-07,63,26.7,31.0,23.4,32.3,5.3,5.3,2.0,8.8,True,open_meteo_historical_weather_api,2026-06-11T10:40:28Z
5,Ho Chi Minh City,2024-11-08,63,26.7,31.4,23.5,32.0,3.8,3.8,3.0,10.5,True,open_meteo_historical_weather_api,2026-06-11T10:40:28Z
5,Ho Chi Minh City,2024-11-09,63,26.7,31.4,24.0,32.1,7.7,7.7,6.0,8.3,True,open_meteo_historical_weather_api,2026-06-11T10:40:28Z
5,Ho Chi Minh City,2024-11-10,51,27.4,31.9,23.8,32.5,0.6,0.6,4.0,12.4,True,open_meteo_historical_weather_api,2026-06-11T10:40:28Z
5,Ho Chi Minh City,2024-11-11,51,27.6,31.8,23.6,32.8,0.2,0.2,2.0,13.3,True,open_meteo_historical_weather_api,2026-06-11T10:40:28Z
5,Ho Chi Minh City,2024-11-12,53,27.2,30.7,23.8,32.8,1.6,1.6,8.0,10.0,True,open_meteo_historical_weather_api,2026-06-11T10:40:28Z
5,Ho Chi Minh City,2024-11-13,61,27.2,31.6,24.2,33.1,2.8,2.8,8.0,8.1,True,open_meteo_historical_weather_api,2026-06-11T10:40:28Z
5,Ho Chi Minh City,2024-11-14,3,28.3,32.3,24.9,33.3,0.0,0.0,0.0,10.7,False,open_meteo_historical_weather_api,2026-06-11T10:40:28Z
5,Ho Chi Minh City,2024-11-15,51,28.1,32.0,24.9,33.6,1.0,1.0,7.0,9.4,True,open_meteo_historical_weather_api,2026-06-11T10:40:28Z
5,Ho Chi Minh City,2024-11-16,3,28.8,34.0,24.2,33.4,0.0,0.0,0.0,11.0,False,open_meteo_historical_weather_api,2026-06-11T10:40:28Z
5,Ho Chi Minh City,2024-11-17,51,28.7,33.7,24.5,33.4,0.1,0.1,1.0,10.9,True,open_meteo_historical_weather_api,2026-06-11T10:40:28Z
5,Ho Chi Minh City,2024-11-18,3,28.9,34.2,23.0,33.4,0.0,0.0,0.0,8.5,False,open_meteo_historical_weather_api,2026-06-11T10:40:28Z
5,Ho Chi Minh City,2024-11-19,51,28.9,33.8,24.5,33.7,0.9,0.9,6.0,8.9,True,open_meteo_historical_weather_api,2026-06-11T10:40:28Z
5,Ho Chi Minh City,2024-11-20,53,28.2,35.2,24.2,33.1,1.4,1.4,5.0,13.0,True,open_meteo_historical_weather_api,2026-06-11T10:40:28Z
5,Ho Chi Minh City,2024-11-21,63,27.7,33.0,24.0,33.4,5.9,5.9,5.0,8.7,True,open_meteo_historical_weather_api,2026-06-11T10:40:28Z
5,Ho Chi Minh City,2024-11-22,51,28.2,33.3,24.0,33.6,0.5,0.5,2.0,8.9,True,open_meteo_historical_weather_api,2026-06-11T10:40:28Z
5,Ho Chi Minh City,2024-11-23,51,28.2,33.8,23.6,33.6,0.3,0.3,2.0,10.0,True,open_meteo_historical_weather_api,2026-06-11T10:40:28Z
5,Ho Chi Minh City,2024-11-24,63,27.9,33.2,24.8,33.5,3.8,3.8,8.0,13.8,True,open_meteo_historical_weather_api,2026-06-11T10:40:28Z
5,Ho Chi Minh City,2024-11-25,51,28.9,34.2,24.0,33.6,0.1,0.1,1.0,10.8,True,open_meteo_historical_weather_api,2026-06-11T10:40:28Z
5,Ho Chi Minh City,2024-11-26,3,29.7,34.8,24.8,34.2,0.0,0.0,0.0,8.9,False,open_meteo_historical_weather_api,2026-06-11T10:40:28Z
5,Ho Chi Minh City,2024-11-27,53,29.1,34.5,24.1,33.1,0.9,0.9,5.0,11.1,True,open_meteo_historical_weather_api,2026-06-11T10:40:28Z
5,Ho Chi Minh City,2024-11-28,51,28.8,33.7,25.0,31.3,0.7,0.7,3.0,16.5,True,open_meteo_historical_weather_api,2026-06-11T10:40:28Z
5,Ho Chi Minh City,2024-11-29,3,27.0,30.8,24.0,29.2,0.0,0.0,0.0,15.7,False,open_meteo_historical_weather_api,2026-06-11T10:40:28Z
5,Ho Chi Minh City,2024-11-30,3,27.8,33.5,23.0,30.4,0.0,0.0,0.0,9.4,False,open_meteo_historical_weather_api,2026-06-11T10:40:28Z
5,Ho Chi Minh City,2024-12-01,51,28.5,33.3,25.1,32.7,0.3,0.3,2.0,11.1,True,open_meteo_historical_weather_api,2026-06-11T10:40:28Z
5,Ho Chi Minh City,2024-12-02,51,28.7,34.2,25.8,33.8,0.7,0.7,6.0,8.2,True,open_meteo_historical_weather_api,2026-06-11T10:40:28Z
5,Ho Chi Minh City,2024-12-03,61,26.6,28.4,25.4,32.5,4.5,4.5,11.0,5.0,True,open_meteo_historical_weather_api,2026-06-11T10:40:28Z
5,Ho Chi Minh City,2024-12-04,55,26.7,31.4,23.1,32.1,2.0,2.0,7.0,8.1,True,open_meteo_historical_weather_api,2026-06-11T10:40:28Z
5,Ho Chi Minh City,2024-12-05,53,26.4,29.6,23.5,31.7,1.2,1.2,6.0,12.5,True,open_meteo_historical_weather_api,2026-06-11T10:40:28Z
5,Ho Chi Minh City,2024-12-06,63,27.0,31.5,23.5,32.6,4.2,4.2,6.0,10.0,True,open_meteo_historical_weather_api,2026-06-11T10:40:28Z
5,Ho Chi Minh City,2024-12-07,55,26.2,29.6,23.6,32.0,4.4,4.4,11.0,7.3,True,open_meteo_historical_weather_api,2026-06-11T10:40:28Z
5,Ho Chi Minh City,2024-12-08,3,27.6,32.1,23.7,32.6,0.0,0.0,0.0,10.3,False,open_meteo_historical_weather_api,2026-06-11T10:40:28Z
5,Ho Chi Minh City,2024-12-09,3,27.6,32.0,24.5,31.3,0.0,0.0,0.0,11.6,False,open_meteo_historical_weather_api,2026-06-11T10:40:28Z
5,Ho Chi Minh City,2024-12-10,51,26.7,31.4,23.8,30.2,0.9,0.9,4.0,13.9,True,open_meteo_historical_weather_api,2026-06-11T10:40:28Z
5,Ho Chi Minh City,2024-12-11,63,25.9,30.5,23.1,30.4,13.8,13.8,10.0,11.7,True,open_meteo_historical_weather_api,2026-06-11T10:40:28Z
5,Ho Chi Minh City,2024-12-12,63,26.1,30.0,23.8,31.6,14.6,14.6,12.0,13.6,True,open_meteo_historical_weather_api,2026-06-11T10:40:28Z
5,Ho Chi Minh City,2024-12-13,65,26.3,29.7,24.1,31.7,21.0,21.0,15.0,15.3,True,open_meteo_historical_weather_api,2026-06-11T10:40:28Z
5,Ho Chi Minh City,2024-12-14,63,25.3,27.0,23.8,30.8,9.8,9.8,17.0,9.5,True,open_meteo_historical_weather_api,2026-06-11T10:40:28Z
5,Ho Chi Minh City,2024-12-15,63,25.8,28.8,23.8,31.0,9.2,9.2,14.0,7.7,True,open_meteo_historical_weather_api,2026-06-11T10:40:28Z
5,Ho Chi Minh City,2024-12-16,3,25.3,28.4,22.8,28.8,0.0,0.0,0.0,10.6,False,open_meteo_historical_weather_api,2026-06-11T10:40:28Z
5,Ho Chi Minh City,2024-12-17,3,25.3,29.0,21.6,29.1,0.0,0.0,0.0,9.1,False,open_meteo_historical_weather_api,2026-06-11T10:40:28Z
5,Ho Chi Minh City,2024-12-18,51,25.9,30.8,21.4,30.2,0.1,0.1,1.0,9.8,True,open_meteo_historical_weather_api,2026-06-11T10:40:28Z
5,Ho Chi Minh City,2024-12-19,51,26.1,30.5,22.3,30.2,0.1,0.1,1.0,11.9,True,open_meteo_historical_weather_api,2026-06-11T10:40:28Z
5,Ho Chi Minh City,2024-12-20,3,25.4,30.3,20.8,29.2,0.0,0.0,0.0,7.0,False,open_meteo_historical_weather_api,2026-06-11T10:40:28Z
5,Ho Chi Minh City,2024-12-21,3,24.7,29.4,19.5,28.0,0.0,0.0,0.0,8.2,False,open_meteo_historical_weather_api,2026-06-11T10:40:28Z
5,Ho Chi Minh City,2024-12-22,3,24.0,27.8,19.6,26.1,0.0,0.0,0.0,9.4,False,open_meteo_historical_weather_api,2026-06-11T10:40:28Z
5,Ho Chi Minh City,2024-12-23,3,25.1,31.2,19.5,27.6,0.0,0.0,0.0,12.8,False,open_meteo_historical_weather_api,2026-06-11T10:40:28Z
5,Ho Chi Minh City,2024-12-24,3,26.8,30.5,23.5,28.5,0.0,0.0,0.0,17.8,False,open_meteo_historical_weather_api,2026-06-11T10:40:28Z
5,Ho Chi Minh City,2024-12-25,3,27.7,32.4,23.5,29.2,0.0,0.0,0.0,18.7,False,open_meteo_historical_weather_api,2026-06-11T10:40:28Z
5,Ho Chi Minh City,2024-12-26,51,27.6,31.5,23.9,31.6,1.0,1.0,7.0,14.6,True,open_meteo_historical_weather_api,2026-06-11T10:40:28Z
5,Ho Chi Minh City,2024-12-27,65,26.6,32.9,24.2,31.8,17.3,17.3,6.0,11.4,True,open_meteo_historical_weather_api,2026-06-11T10:40:28Z
5,Ho Chi Minh City,2024-12-28,63,25.9,31.0,23.8,31.4,8.8,8.8,10.0,10.5,True,open_meteo_historical_weather_api,2026-06-11T10:40:28Z
5,Ho Chi Minh City,2024-12-29,3,25.8,30.4,21.9,29.6,0.0,0.0,0.0,12.3,False,open_meteo_historical_weather_api,2026-06-11T10:40:28Z
5,Ho Chi Minh City,2024-12-30,3,25.4,30.4,20.5,29.3,0.0,0.0,0.0,7.9,False,open_meteo_historical_weather_api,2026-06-11T10:40:28Z
5,Ho Chi Minh City,2024-12-31,3,26.0,30.4,21.8,29.6,0.0,0.0,0.0,13.4,False,open_meteo_historical_weather_api,2026-06-11T10:40:28Z
6,Istanbul,2024-01-01,3,11.3,14.4,7.4,9.0,0.0,0.0,0.0,20.6,False,open_meteo_historical_weather_api,2026-06-11T10:40:28Z
6,Istanbul,2024-01-02,61,11.2,13.9,7.2,8.6,6.9,6.9,6.0,23.4,True,open_meteo_historical_weather_api,2026-06-11T10:40:28Z
6,Istanbul,2024-01-03,53,10.9,14.4,6.4,8.4,2.5,2.5,5.0,23.4,True,open_meteo_historical_weather_api,2026-06-11T10:40:28Z
6,Istanbul,2024-01-04,51,12.7,15.2,10.6,10.1,0.4,0.4,2.0,23.9,True,open_meteo_historical_weather_api,2026-06-11T10:40:28Z
6,Istanbul,2024-01-05,53,10.9,13.9,8.0,8.4,1.4,1.4,4.0,28.9,True,open_meteo_historical_weather_api,2026-06-11T10:40:28Z
6,Istanbul,2024-01-06,3,11.1,14.6,8.1,8.0,0.0,0.0,0.0,17.3,False,open_meteo_historical_weather_api,2026-06-11T10:40:28Z
6,Istanbul,2024-01-07,61,12.6,14.8,10.6,8.7,3.2,3.2,2.0,37.7,True,open_meteo_historical_weather_api,2026-06-11T10:40:28Z
6,Istanbul,2024-01-08,61,12.0,14.4,6.9,7.3,1.6,1.6,3.0,37.8,True,open_meteo_historical_weather_api,2026-06-11T10:40:28Z
6,Istanbul,2024-01-09,71,4.5,6.6,2.5,-1.3,17.7,17.6,17.0,33.0,True,open_meteo_historical_weather_api,2026-06-11T10:40:28Z
6,Istanbul,2024-01-10,61,4.5,6.5,3.2,-1.6,13.4,13.4,18.0,34.8,True,open_meteo_historical_weather_api,2026-06-11T10:40:28Z
6,Istanbul,2024-01-11,3,4.2,5.9,2.9,0.2,0.0,0.0,0.0,19.0,False,open_meteo_historical_weather_api,2026-06-11T10:40:28Z
6,Istanbul,2024-01-12,51,2.7,6.6,-1.0,-1.7,0.5,0.5,5.0,27.0,True,open_meteo_historical_weather_api,2026-06-11T10:40:28Z
6,Istanbul,2024-01-13,3,1.8,3.8,-0.5,-2.5,0.0,0.0,0.0,24.0,False,open_meteo_historical_weather_api,2026-06-11T10:40:28Z
6,Istanbul,2024-01-14,3,2.8,6.9,-2.4,-1.5,0.0,0.0,0.0,21.9,False,open_meteo_historical_weather_api,2026-06-11T10:40:28Z
6,Istanbul,2024-01-15,3,9.2,11.6,6.4,4.2,0.0,0.0,0.0,30.3,False,open_meteo_historical_weather_api,2026-06-11T10:40:28Z
6,Istanbul,2024-01-16,63,10.2,12.9,7.2,6.2,10.4,10.4,14.0,31.3,True,open_meteo_historical_weather_api,2026-06-11T10:40:28Z
6,Istanbul,2024-01-17,3,7.3,11.5,4.3,4.8,0.0,0.0,0.0,13.0,False,open_meteo_historical_weather_api,2026-06-11T10:40:28Z
6,Istanbul,2024-01-18,51,11.8,14.4,7.8,7.6,0.6,0.6,3.0,34.7,True,open_meteo_historical_weather_api,2026-06-11T10:40:28Z
6,Istanbul,2024-01-19,63,14.3,16.3,12.8,10.2,10.1,10.1,6.0,43.1,True,open_meteo_historical_weather_api,2026-06-11T10:40:28Z
6,Istanbul,2024-01-20,63,8.5,13.3,4.0,3.9,20.6,20.6,16.0,34.4,True,open_meteo_historical_weather_api,2026-06-11T10:40:28Z
6,Istanbul,2024-01-21,53,5.3,6.7,4.1,-0.8,5.0,5.0,9.0,33.8,True,open_meteo_historical_weather_api,2026-06-11T10:40:28Z
6,Istanbul,2024-01-22,51,5.3,6.7,4.3,-0.4,0.2,0.2,2.0,29.1,True,open_meteo_historical_weather_api,2026-06-11T10:40:28Z
6,Istanbul,2024-01-23,2,5.2,8.1,3.1,1.0,0.0,0.0,0.0,18.1,False,open_meteo_historical_weather_api,2026-06-11T10:40:28Z
6,Istanbul,2024-01-24,51,5.5,7.8,3.5,1.7,0.1,0.1,1.0,19.8,True,open_meteo_historical_weather_api,2026-06-11T10:40:28Z
6,Istanbul,2024-01-25,55,6.0,8.8,1.4,2.3,1.3,1.3,2.0,24.2,True,open_meteo_historical_weather_api,2026-06-11T10:40:28Z
6,Istanbul,2024-01-26,61,5.9,9.7,2.2,2.8,2.7,2.7,6.0,18.3,True,open_meteo_historical_weather_api,2026-06-11T10:40:28Z
6,Istanbul,2024-01-27,61,5.0,8.2,1.5,1.6,5.0,5.0,8.0,19.7,True,open_meteo_historical_weather_api,2026-06-11T10:40:28Z
6,Istanbul,2024-01-28,53,4.6,6.3,2.2,0.1,1.5,1.5,6.0,23.1,True,open_meteo_historical_weather_api,2026-06-11T10:40:28Z
6,Istanbul,2024-01-29,71,3.5,5.1,2.4,-1.1,4.4,4.1,19.0,25.3,True,open_meteo_historical_weather_api,2026-06-11T10:40:28Z
6,Istanbul,2024-01-30,71,4.0,5.9,2.2,-1.3,2.8,2.6,13.0,34.5,True,open_meteo_historical_weather_api,2026-06-11T10:40:28Z
6,Istanbul,2024-01-31,51,5.5,7.2,4.2,0.3,0.3,0.3,3.0,31.8,True,open_meteo_historical_weather_api,2026-06-11T10:40:28Z
6,Istanbul,2024-02-01,3,5.7,8.2,2.2,2.1,0.0,0.0,0.0,17.8,False,open_meteo_historical_weather_api,2026-06-11T10:40:28Z
6,Istanbul,2024-02-02,51,5.0,9.1,0.2,1.7,0.2,0.2,2.0,15.9,True,open_meteo_historical_weather_api,2026-06-11T10:40:28Z
6,Istanbul,2024-02-03,3,5.6,8.9,1.5,2.2,0.0,0.0,0.0,15.3,False,open_meteo_historical_weather_api,2026-06-11T10:40:28Z
6,Istanbul,2024-02-04,51,7.8,9.4,5.3,3.9,0.3,0.3,2.0,22.8,True,open_meteo_historical_weather_api,2026-06-11T10:40:28Z
6,Istanbul,2024-02-05,3,10.5,13.7,8.2,6.8,0.0,0.0,0.0,27.1,False,open_meteo_historical_weather_api,2026-06-11T10:40:28Z
6,Istanbul,2024-02-06,2,11.8,15.3,9.2,9.1,0.0,0.0,0.0,20.3,False,open_meteo_historical_weather_api,2026-06-11T10:40:28Z
6,Istanbul,2024-02-07,3,12.6,15.8,9.7,9.7,0.0,0.0,0.0,27.8,False,open_meteo_historical_weather_api,2026-06-11T10:40:28Z
6,Istanbul,2024-02-08,51,13.6,16.5,11.9,10.6,0.4,0.4,3.0,28.0,True,open_meteo_historical_weather_api,2026-06-11T10:40:28Z
6,Istanbul,2024-02-09,3,12.3,15.9,9.9,9.4,0.0,0.0,0.0,23.4,False,open_meteo_historical_weather_api,2026-06-11T10:40:28Z
6,Istanbul,2024-02-10,3,13.6,16.2,11.3,9.4,0.0,0.0,0.0,31.9,False,open_meteo_historical_weather_api,2026-06-11T10:40:28Z
6,Istanbul,2024-02-11,3,14.5,17.6,12.9,10.6,0.0,0.0,0.0,33.1,False,open_meteo_historical_weather_api,2026-06-11T10:40:28Z
6,Istanbul,2024-02-12,53,13.5,17.4,10.6,11.3,3.4,3.4,11.0,21.2,True,open_meteo_historical_weather_api,2026-06-11T10:40:28Z
6,Istanbul,2024-02-13,55,10.5,13.9,6.7,8.6,3.4,3.4,7.0,18.6,True,open_meteo_historical_weather_api,2026-06-11T10:40:28Z
6,Istanbul,2024-02-14,51,7.9,10.6,4.8,4.3,0.7,0.7,5.0,27.5,True,open_meteo_historical_weather_api,2026-06-11T10:40:28Z
6,Istanbul,2024-02-15,61,6.9,7.5,6.1,2.4,13.9,13.9,22.0,27.0,True,open_meteo_historical_weather_api,2026-06-11T10:40:28Z
6,Istanbul,2024-02-16,61,7.2,8.4,6.3,4.0,6.2,6.2,14.0,18.9,True,open_meteo_historical_weather_api,2026-06-11T10:40:28Z
6,Istanbul,2024-02-17,51,6.8,8.4,5.8,2.9,0.2,0.2,2.0,20.6,True,open_meteo_historical_weather_api,2026-06-11T10:40:28Z
6,Istanbul,2024-02-18,3,6.1,7.9,3.7,3.0,0.0,0.0,0.0,14.8,False,open_meteo_historical_weather_api,2026-06-11T10:40:28Z
6,Istanbul,2024-02-19,3,6.3,8.9,2.8,3.1,0.0,0.0,0.0,16.3,False,open_meteo_historical_weather_api,2026-06-11T10:40:28Z
6,Istanbul,2024-02-20,2,5.6,10.1,1.5,2.0,0.0,0.0,0.0,16.4,False,open_meteo_historical_weather_api,2026-06-11T10:40:28Z
6,Istanbul,2024-02-21,3,5.8,10.4,1.5,3.1,0.0,0.0,0.0,12.5,False,open_meteo_historical_weather_api,2026-06-11T10:40:28Z
6,Istanbul,2024-02-22,3,6.6,11.6,1.5,3.8,0.0,0.0,0.0,10.2,False,open_meteo_historical_weather_api,2026-06-11T10:40:28Z
6,Istanbul,2024-02-23,3,9.5,15.5,4.1,6.5,0.0,0.0,0.0,18.5,False,open_meteo_historical_weather_api,2026-06-11T10:40:28Z
6,Istanbul,2024-02-24,0,12.4,17.3,8.6,10.0,0.0,0.0,0.0,20.0,False,open_meteo_historical_weather_api,2026-06-11T10:40:28Z
6,Istanbul,2024-02-25,3,12.5,18.2,7.3,10.4,0.0,0.0,0.0,12.5,False,open_meteo_historical_weather_api,2026-06-11T10:40:28Z
6,Istanbul,2024-02-26,3,11.3,17.4,7.5,9.0,0.0,0.0,0.0,16.3,False,open_meteo_historical_weather_api,2026-06-11T10:40:28Z
6,Istanbul,2024-02-27,3,9.0,14.4,6.2,6.7,0.0,0.0,0.0,16.6,False,open_meteo_historical_weather_api,2026-06-11T10:40:28Z
6,Istanbul,2024-02-28,3,8.7,15.7,5.2,6.6,0.0,0.0,0.0,15.3,False,open_meteo_historical_weather_api,2026-06-11T10:40:28Z
6,Istanbul,2024-02-29,3,9.4,18.0,5.8,7.4,0.0,0.0,0.0,19.5,False,open_meteo_historical_weather_api,2026-06-11T10:40:28Z
6,Istanbul,2024-03-01,3,9.6,16.6,5.7,7.5,0.0,0.0,0.0,19.2,False,open_meteo_historical_weather_api,2026-06-11T10:40:28Z
6,Istanbul,2024-03-02,3,9.3,15.8,5.8,7.6,0.0,0.0,0.0,14.6,False,open_meteo_historical_weather_api,2026-06-11T10:40:28Z
6,Istanbul,2024-03-03,51,8.1,13.0,5.8,6.0,0.6,0.6,3.0,14.1,True,open_meteo_historical_weather_api,2026-06-11T10:40:28Z
6,Istanbul,2024-03-04,3,8.5,14.6,4.0,6.7,0.0,0.0,0.0,10.4,False,open_meteo_historical_weather_api,2026-06-11T10:40:28Z
6,Istanbul,2024-03-05,55,10.0,15.3,6.6,8.0,1.9,1.9,6.0,13.3,True,open_meteo_historical_weather_api,2026-06-11T10:40:28Z
6,Istanbul,2024-03-06,53,8.2,9.7,4.9,5.3,1.7,1.7,8.0,18.1,True,open_meteo_historical_weather_api,2026-06-11T10:40:28Z
6,Istanbul,2024-03-07,3,7.2,12.0,2.5,4.7,0.0,0.0,0.0,16.1,False,open_meteo_historical_weather_api,2026-06-11T10:40:28Z
6,Istanbul,2024-03-08,61,6.5,7.7,5.5,3.2,16.1,16.1,22.0,18.6,True,open_meteo_historical_weather_api,2026-06-11T10:40:28Z
6,Istanbul,2024-03-09,53,6.4,9.8,4.0,3.5,2.8,2.8,9.0,15.6,True,open_meteo_historical_weather_api,2026-06-11T10:40:28Z
6,Istanbul,2024-03-10,3,6.1,11.1,1.2,3.5,0.0,0.0,0.0,13.3,False,open_meteo_historical_weather_api,2026-06-11T10:40:28Z
6,Istanbul,2024-03-11,3,10.6,17.1,4.7,8.2,0.0,0.0,0.0,12.2,False,open_meteo_historical_weather_api,2026-06-11T10:40:28Z
6,Istanbul,2024-03-12,61,12.7,17.6,10.0,10.4,4.8,4.8,6.0,17.7,True,open_meteo_historical_weather_api,2026-06-11T10:40:28Z
6,Istanbul,2024-03-13,61,11.3,14.2,8.0,8.6,9.1,9.1,10.0,23.8,True,open_meteo_historical_weather_api,2026-06-11T10:40:28Z
6,Istanbul,2024-03-14,53,9.7,13.6,5.8,7.8,1.6,1.6,5.0,15.0,True,open_meteo_historical_weather_api,2026-06-11T10:40:28Z
6,Istanbul,2024-03-15,61,8.0,10.9,4.7,5.2,5.9,5.9,13.0,16.8,True,open_meteo_historical_weather_api,2026-06-11T10:40:28Z
6,Istanbul,2024-03-16,51,7.4,12.6,3.2,5.2,0.3,0.3,3.0,13.7,True,open_meteo_historical_weather_api,2026-06-11T10:40:28Z
6,Istanbul,2024-03-17,3,8.0,13.6,3.7,5.1,0.0,0.0,0.0,16.2,False,open_meteo_historical_weather_api,2026-06-11T10:40:28Z
6,Istanbul,2024-03-18,2,7.8,14.2,2.5,5.9,0.0,0.0,0.0,12.7,False,open_meteo_historical_weather_api,2026-06-11T10:40:28Z
6,Istanbul,2024-03-19,51,9.9,15.6,4.4,7.3,0.1,0.1,1.0,21.2,True,open_meteo_historical_weather_api,2026-06-11T10:40:28Z
6,Istanbul,2024-03-20,61,6.4,8.4,2.3,2.0,6.1,6.1,15.0,26.6,True,open_meteo_historical_weather_api,2026-06-11T10:40:28Z
6,Istanbul,2024-03-21,51,5.8,10.1,0.3,3.0,0.4,0.4,2.0,14.1,True,open_meteo_historical_weather_api,2026-06-11T10:40:28Z
6,Istanbul,2024-03-22,71,5.9,9.9,1.9,2.7,3.4,3.3,9.0,22.5,True,open_meteo_historical_weather_api,2026-06-11T10:40:28Z
6,Istanbul,2024-03-23,3,6.7,10.8,1.9,4.3,0.0,0.0,0.0,13.1,False,open_meteo_historical_weather_api,2026-06-11T10:40:28Z
6,Istanbul,2024-03-24,3,9.2,14.6,2.4,6.0,0.0,0.0,0.0,19.7,False,open_meteo_historical_weather_api,2026-06-11T10:40:28Z
6,Istanbul,2024-03-25,63,10.4,15.0,6.6,6.4,8.7,8.7,9.0,34.7,True,open_meteo_historical_weather_api,2026-06-11T10:40:28Z
6,Istanbul,2024-03-26,3,9.8,13.1,6.7,7.2,0.0,0.0,0.0,17.1,False,open_meteo_historical_weather_api,2026-06-11T10:40:28Z
6,Istanbul,2024-03-27,63,14.2,20.8,8.8,12.7,6.2,6.2,8.0,15.0,True,open_meteo_historical_weather_api,2026-06-11T10:40:28Z
6,Istanbul,2024-03-28,55,16.2,20.9,12.6,14.1,1.3,1.3,2.0,23.0,True,open_meteo_historical_weather_api,2026-06-11T10:40:28Z
6,Istanbul,2024-03-29,1,14.5,21.1,9.1,13.4,0.0,0.0,0.0,14.2,False,open_meteo_historical_weather_api,2026-06-11T10:40:28Z
6,Istanbul,2024-03-30,3,16.6,23.7,10.2,16.4,0.0,0.0,0.0,10.7,False,open_meteo_historical_weather_api,2026-06-11T10:40:28Z
6,Istanbul,2024-03-31,3,15.9,22.5,10.6,15.2,0.0,0.0,0.0,14.1,False,open_meteo_historical_weather_api,2026-06-11T10:40:28Z
6,Istanbul,2024-04-01,3,16.5,23.5,11.4,15.4,0.0,0.0,0.0,15.0,False,open_meteo_historical_weather_api,2026-06-11T10:40:28Z
6,Istanbul,2024-04-02,3,17.6,24.2,12.2,16.6,0.0,0.0,0.0,16.6,False,open_meteo_historical_weather_api,2026-06-11T10:40:28Z
6,Istanbul,2024-04-03,3,15.3,19.6,11.8,12.9,0.0,0.0,0.0,22.3,False,open_meteo_historical_weather_api,2026-06-11T10:40:28Z
6,Istanbul,2024-04-04,3,14.1,20.1,9.0,11.6,0.0,0.0,0.0,16.4,False,open_meteo_historical_weather_api,2026-06-11T10:40:28Z
6,Istanbul,2024-04-05,3,13.0,20.1,7.5,11.6,0.0,0.0,0.0,10.6,False,open_meteo_historical_weather_api,2026-06-11T10:40:28Z
6,Istanbul,2024-04-06,3,14.0,20.8,8.5,12.4,0.0,0.0,0.0,12.5,False,open_meteo_historical_weather_api,2026-06-11T10:40:28Z
6,Istanbul,2024-04-07,51,12.4,16.5,10.6,9.5,1.3,1.3,6.0,22.8,True,open_meteo_historical_weather_api,2026-06-11T10:40:28Z
6,Istanbul,2024-04-08,0,12.5,16.9,9.3,9.1,0.0,0.0,0.0,26.1,False,open_meteo_historical_weather_api,2026-06-11T10:40:28Z
6,Istanbul,2024-04-09,0,13.0,18.6,8.2,10.9,0.0,0.0,0.0,20.6,False,open_meteo_historical_weather_api,2026-06-11T10:40:28Z
6,Istanbul,2024-04-10,3,13.1,19.4,9.7,11.4,0.0,0.0,0.0,20.0,False,open_meteo_historical_weather_api,2026-06-11T10:40:28Z
6,Istanbul,2024-04-11,3,14.0,19.5,9.8,12.2,0.0,0.0,0.0,19.8,False,open_meteo_historical_weather_api,2026-06-11T10:40:28Z
6,Istanbul,2024-04-12,0,15.2,20.8,11.1,13.6,0.0,0.0,0.0,19.9,False,open_meteo_historical_weather_api,2026-06-11T10:40:28Z
6,Istanbul,2024-04-13,3,15.4,21.6,11.6,14.3,0.0,0.0,0.0,19.2,False,open_meteo_historical_weather_api,2026-06-11T10:40:28Z
6,Istanbul,2024-04-14,1,16.0,23.4,9.0,15.2,0.0,0.0,0.0,11.4,False,open_meteo_historical_weather_api,2026-06-11T10:40:28Z
6,Istanbul,2024-04-15,3,17.2,23.5,10.9,16.1,0.0,0.0,0.0,11.8,False,open_meteo_historical_weather_api,2026-06-11T10:40:28Z
6,Istanbul,2024-04-16,3,19.9,26.7,13.1,18.3,0.0,0.0,0.0,19.6,False,open_meteo_historical_weather_api,2026-06-11T10:40:28Z
6,Istanbul,2024-04-17,51,20.4,25.5,17.1,18.2,0.4,0.4,2.0,30.7,True,open_meteo_historical_weather_api,2026-06-11T10:40:28Z
6,Istanbul,2024-04-18,51,16.5,20.0,12.0,14.7,0.6,0.6,3.0,28.7,True,open_meteo_historical_weather_api,2026-06-11T10:40:28Z
6,Istanbul,2024-04-19,53,13.1,16.0,11.4,11.0,4.9,4.9,17.0,22.7,True,open_meteo_historical_weather_api,2026-06-11T10:40:28Z
6,Istanbul,2024-04-20,63,12.5,14.2,9.9,9.3,31.9,31.9,22.0,32.3,True,open_meteo_historical_weather_api,2026-06-11T10:40:28Z
6,Istanbul,2024-04-21,3,12.9,18.5,6.8,11.4,0.0,0.0,0.0,18.8,False,open_meteo_historical_weather_api,2026-06-11T10:40:28Z
6,Istanbul,2024-04-22,61,15.7,19.2,12.4,13.8,2.3,2.3,3.0,25.3,True,open_meteo_historical_weather_api,2026-06-11T10:40:28Z
6,Istanbul,2024-04-23,51,16.4,21.6,13.4,14.1,0.4,0.4,2.0,23.9,True,open_meteo_historical_weather_api,2026-06-11T10:40:28Z
6,Istanbul,2024-04-24,3,20.5,24.9,15.5,20.8,0.0,0.0,0.0,26.3,False,open_meteo_historical_weather_api,2026-06-11T10:40:28Z
6,Istanbul,2024-04-25,51,18.4,22.8,14.6,18.9,0.4,0.4,4.0,11.2,True,open_meteo_historical_weather_api,2026-06-11T10:40:28Z
6,Istanbul,2024-04-26,51,15.7,19.2,12.9,15.0,1.4,1.4,7.0,16.3,True,open_meteo_historical_weather_api,2026-06-11T10:40:28Z
6,Istanbul,2024-04-27,3,14.2,17.7,11.9,11.2,0.0,0.0,0.0,31.4,False,open_meteo_historical_weather_api,2026-06-11T10:40:28Z
6,Istanbul,2024-04-28,65,14.5,18.2,12.6,12.4,22.6,22.6,7.0,25.0,True,open_meteo_historical_weather_api,2026-06-11T10:40:28Z
6,Istanbul,2024-04-29,51,14.1,16.5,12.2,12.0,0.6,0.6,4.0,21.1,True,open_meteo_historical_weather_api,2026-06-11T10:40:28Z
6,Istanbul,2024-04-30,51,14.7,17.8,13.0,13.0,0.7,0.7,6.0,24.1,True,open_meteo_historical_weather_api,2026-06-11T10:40:28Z
6,Istanbul,2024-05-01,65,14.0,15.4,12.9,11.5,15.1,15.1,14.0,25.0,True,open_meteo_historical_weather_api,2026-06-11T10:40:28Z
6,Istanbul,2024-05-02,51,13.7,15.8,10.8,13.0,0.4,0.4,3.0,16.0,True,open_meteo_historical_weather_api,2026-06-11T10:40:28Z
6,Istanbul,2024-05-03,55,14.5,19.6,10.5,14.2,3.6,3.6,7.0,15.4,True,open_meteo_historical_weather_api,2026-06-11T10:40:28Z
6,Istanbul,2024-05-04,53,13.9,17.6,10.1,12.7,1.8,1.8,8.0,16.8,True,open_meteo_historical_weather_api,2026-06-11T10:40:28Z
6,Istanbul,2024-05-05,63,13.4,16.6,8.9,10.8,6.8,6.8,3.0,27.1,True,open_meteo_historical_weather_api,2026-06-11T10:40:28Z
6,Istanbul,2024-05-06,0,12.3,19.0,5.7,11.1,0.0,0.0,0.0,10.5,False,open_meteo_historical_weather_api,2026-06-11T10:40:28Z
6,Istanbul,2024-05-07,1,15.2,21.6,8.6,14.4,0.0,0.0,0.0,10.9,False,open_meteo_historical_weather_api,2026-06-11T10:40:28Z
6,Istanbul,2024-05-08,3,17.7,25.0,12.6,17.4,0.0,0.0,0.0,21.4,False,open_meteo_historical_weather_api,2026-06-11T10:40:28Z
6,Istanbul,2024-05-09,3,15.7,19.1,13.7,13.8,0.0,0.0,0.0,23.1,False,open_meteo_historical_weather_api,2026-06-11T10:40:28Z
6,Istanbul,2024-05-10,63,14.9,17.6,12.9,11.4,19.8,19.8,12.0,38.4,True,open_meteo_historical_weather_api,2026-06-11T10:40:28Z
6,Istanbul,2024-05-11,63,13.9,16.5,9.6,10.5,10.2,10.2,12.0,34.6,True,open_meteo_historical_weather_api,2026-06-11T10:40:28Z
6,Istanbul,2024-05-12,51,13.9,20.9,8.1,13.2,0.1,0.1,1.0,19.4,True,open_meteo_historical_weather_api,2026-06-11T10:40:28Z
6,Istanbul,2024-05-13,61,12.8,14.9,8.8,10.4,5.6,5.6,6.0,27.2,True,open_meteo_historical_weather_api,2026-06-11T10:40:28Z
6,Istanbul,2024-05-14,3,12.2,18.1,6.1,10.3,0.0,0.0,0.0,17.3,False,open_meteo_historical_weather_api,2026-06-11T10:40:28Z
6,Istanbul,2024-05-15,3,13.3,18.9,7.8,10.4,0.0,0.0,0.0,21.1,False,open_meteo_historical_weather_api,2026-06-11T10:40:28Z
6,Istanbul,2024-05-16,51,14.2,19.2,10.2,12.1,0.2,0.2,1.0,20.0,True,open_meteo_historical_weather_api,2026-06-11T10:40:28Z
6,Istanbul,2024-05-17,61,15.4,20.6,11.4,13.5,4.4,4.4,7.0,24.5,True,open_meteo_historical_weather_api,2026-06-11T10:40:28Z
6,Istanbul,2024-05-18,3,16.6,21.8,12.4,15.9,0.0,0.0,0.0,15.6,False,open_meteo_historical_weather_api,2026-06-11T10:40:28Z
6,Istanbul,2024-05-19,61,15.7,21.1,12.6,13.9,2.3,2.3,2.0,26.2,True,open_meteo_historical_weather_api,2026-06-11T10:40:28Z
6,Istanbul,2024-05-20,3,16.4,20.2,13.4,15.1,0.0,0.0,0.0,20.2,False,open_meteo_historical_weather_api,2026-06-11T10:40:28Z
6,Istanbul,2024-05-21,3,16.7,21.6,12.9,16.1,0.0,0.0,0.0,18.4,False,open_meteo_historical_weather_api,2026-06-11T10:40:28Z
6,Istanbul,2024-05-22,1,18.2,25.1,13.1,18.0,0.0,0.0,0.0,18.4,False,open_meteo_historical_weather_api,2026-06-11T10:40:28Z
6,Istanbul,2024-05-23,61,16.9,21.1,14.4,16.4,3.6,3.6,5.0,20.5,True,open_meteo_historical_weather_api,2026-06-11T10:40:28Z
6,Istanbul,2024-05-24,61,17.3,20.9,13.6,17.3,7.7,7.7,11.0,17.7,True,open_meteo_historical_weather_api,2026-06-11T10:40:28Z
6,Istanbul,2024-05-25,3,17.7,22.5,13.2,17.4,0.0,0.0,0.0,24.5,False,open_meteo_historical_weather_api,2026-06-11T10:40:28Z
6,Istanbul,2024-05-26,3,17.2,20.9,14.1,15.4,0.0,0.0,0.0,30.1,False,open_meteo_historical_weather_api,2026-06-11T10:40:28Z
6,Istanbul,2024-05-27,51,16.3,19.0,12.4,15.0,0.7,0.7,5.0,19.2,True,open_meteo_historical_weather_api,2026-06-11T10:40:28Z
6,Istanbul,2024-05-28,51,16.1,20.2,10.9,15.8,1.9,1.9,9.0,10.0,True,open_meteo_historical_weather_api,2026-06-11T10:40:28Z
6,Istanbul,2024-05-29,3,18.1,24.0,11.4,18.1,0.0,0.0,0.0,9.9,False,open_meteo_historical_weather_api,2026-06-11T10:40:28Z
6,Istanbul,2024-05-30,1,19.8,26.9,13.9,19.9,0.0,0.0,0.0,13.8,False,open_meteo_historical_weather_api,2026-06-11T10:40:28Z
6,Istanbul,2024-05-31,1,21.6,27.7,15.2,21.7,0.0,0.0,0.0,12.2,False,open_meteo_historical_weather_api,2026-06-11T10:40:28Z
6,Istanbul,2024-06-01,3,23.0,29.5,16.1,23.4,0.0,0.0,0.0,12.7,False,open_meteo_historical_weather_api,2026-06-11T10:40:28Z
6,Istanbul,2024-06-02,3,24.6,31.5,17.0,25.0,0.0,0.0,0.0,14.3,False,open_meteo_historical_weather_api,2026-06-11T10:40:28Z
6,Istanbul,2024-06-03,3,26.0,34.0,18.5,26.7,0.0,0.0,0.0,18.1,False,open_meteo_historical_weather_api,2026-06-11T10:40:28Z
6,Istanbul,2024-06-04,3,26.2,33.3,18.4,27.6,0.0,0.0,0.0,13.6,False,open_meteo_historical_weather_api,2026-06-11T10:40:28Z
6,Istanbul,2024-06-05,2,25.2,30.4,20.2,26.1,0.0,0.0,0.0,19.4,False,open_meteo_historical_weather_api,2026-06-11T10:40:28Z
6,Istanbul,2024-06-06,3,24.1,29.9,19.0,24.3,0.0,0.0,0.0,24.2,False,open_meteo_historical_weather_api,2026-06-11T10:40:28Z
6,Istanbul,2024-06-07,3,23.8,29.0,19.9,23.9,0.0,0.0,0.0,23.5,False,open_meteo_historical_weather_api,2026-06-11T10:40:28Z
6,Istanbul,2024-06-08,3,23.2,27.6,19.5,23.5,0.0,0.0,0.0,25.3,False,open_meteo_historical_weather_api,2026-06-11T10:40:28Z
6,Istanbul,2024-06-09,0,23.6,29.1,18.7,24.2,0.0,0.0,0.0,22.7,False,open_meteo_historical_weather_api,2026-06-11T10:40:28Z
6,Istanbul,2024-06-10,2,25.0,32.2,17.9,26.8,0.0,0.0,0.0,15.5,False,open_meteo_historical_weather_api,2026-06-11T10:40:28Z
6,Istanbul,2024-06-11,3,27.8,34.9,20.5,29.1,0.0,0.0,0.0,13.0,False,open_meteo_historical_weather_api,2026-06-11T10:40:28Z
6,Istanbul,2024-06-12,2,27.8,34.3,23.5,29.9,0.0,0.0,0.0,21.5,False,open_meteo_historical_weather_api,2026-06-11T10:40:28Z
6,Istanbul,2024-06-13,3,28.2,34.5,22.5,31.7,0.0,0.0,0.0,18.6,False,open_meteo_historical_weather_api,2026-06-11T10:40:28Z
6,Istanbul,2024-06-14,63,25.3,32.1,18.0,26.7,9.4,9.4,7.0,35.8,True,open_meteo_historical_weather_api,2026-06-11T10:40:28Z
6,Istanbul,2024-06-15,51,21.8,26.2,17.7,22.4,0.2,0.2,2.0,17.0,True,open_meteo_historical_weather_api,2026-06-11T10:40:28Z
6,Istanbul,2024-06-16,1,22.6,28.5,15.9,22.8,0.0,0.0,0.0,19.6,False,open_meteo_historical_weather_api,2026-06-11T10:40:28Z
6,Istanbul,2024-06-17,0,23.8,30.8,16.6,23.5,0.0,0.0,0.0,20.1,False,open_meteo_historical_weather_api,2026-06-11T10:40:28Z
6,Istanbul,2024-06-18,0,24.1,29.8,19.0,23.9,0.0,0.0,0.0,31.1,False,open_meteo_historical_weather_api,2026-06-11T10:40:28Z
6,Istanbul,2024-06-19,0,24.2,29.0,20.3,24.1,0.0,0.0,0.0,29.6,False,open_meteo_historical_weather_api,2026-06-11T10:40:28Z
6,Istanbul,2024-06-20,0,24.3,29.2,20.0,25.0,0.0,0.0,0.0,27.4,False,open_meteo_historical_weather_api,2026-06-11T10:40:28Z
6,Istanbul,2024-06-21,2,24.5,29.0,20.6,25.0,0.0,0.0,0.0,30.0,False,open_meteo_historical_weather_api,2026-06-11T10:40:28Z
6,Istanbul,2024-06-22,1,23.5,27.2,20.6,23.1,0.0,0.0,0.0,31.7,False,open_meteo_historical_weather_api,2026-06-11T10:40:28Z
6,Istanbul,2024-06-23,0,23.5,27.5,20.1,23.1,0.0,0.0,0.0,32.8,False,open_meteo_historical_weather_api,2026-06-11T10:40:28Z
6,Istanbul,2024-06-24,3,23.8,27.6,20.4,24.1,0.0,0.0,0.0,25.5,False,open_meteo_historical_weather_api,2026-06-11T10:40:28Z
6,Istanbul,2024-06-25,2,24.1,28.5,20.2,24.4,0.0,0.0,0.0,29.4,False,open_meteo_historical_weather_api,2026-06-11T10:40:28Z
6,Istanbul,2024-06-26,1,23.6,28.0,19.8,23.2,0.0,0.0,0.0,27.6,False,open_meteo_historical_weather_api,2026-06-11T10:40:28Z
6,Istanbul,2024-06-27,0,23.3,27.5,19.6,22.8,0.0,0.0,0.0,29.5,False,open_meteo_historical_weather_api,2026-06-11T10:40:28Z
6,Istanbul,2024-06-28,3,23.7,27.2,19.9,22.8,0.0,0.0,0.0,34.6,False,open_meteo_historical_weather_api,2026-06-11T10:40:28Z
6,Istanbul,2024-06-29,1,24.1,27.8,20.9,23.6,0.0,0.0,0.0,32.1,False,open_meteo_historical_weather_api,2026-06-11T10:40:28Z
6,Istanbul,2024-06-30,0,24.8,30.0,20.4,25.6,0.0,0.0,0.0,24.3,False,open_meteo_historical_weather_api,2026-06-11T10:40:28Z
6,Istanbul,2024-07-01,3,24.4,29.6,19.5,25.2,0.0,0.0,0.0,25.5,False,open_meteo_historical_weather_api,2026-06-11T10:40:28Z
6,Istanbul,2024-07-02,3,26.3,33.1,20.4,28.2,0.0,0.0,0.0,16.9,False,open_meteo_historical_weather_api,2026-06-11T10:40:28Z
6,Istanbul,2024-07-03,2,25.1,30.8,19.1,26.0,0.0,0.0,0.0,26.5,False,open_meteo_historical_weather_api,2026-06-11T10:40:28Z
6,Istanbul,2024-07-04,63,24.0,27.2,20.0,25.2,5.2,5.2,8.0,20.2,True,open_meteo_historical_weather_api,2026-06-11T10:40:28Z
6,Istanbul,2024-07-05,61,22.7,28.0,18.2,24.7,2.6,2.6,3.0,21.3,True,open_meteo_historical_weather_api,2026-06-11T10:40:28Z
6,Istanbul,2024-07-06,51,23.8,29.0,18.0,24.4,1.0,1.0,4.0,32.2,True,open_meteo_historical_weather_api,2026-06-11T10:40:28Z
6,Istanbul,2024-07-07,0,25.2,29.5,21.7,26.1,0.0,0.0,0.0,27.7,False,open_meteo_historical_weather_api,2026-06-11T10:40:28Z
6,Istanbul,2024-07-08,1,25.7,30.4,21.4,27.7,0.0,0.0,0.0,25.9,False,open_meteo_historical_weather_api,2026-06-11T10:40:28Z
6,Istanbul,2024-07-09,0,26.9,31.4,22.6,29.1,0.0,0.0,0.0,26.6,False,open_meteo_historical_weather_api,2026-06-11T10:40:28Z
6,Istanbul,2024-07-10,3,27.6,32.3,23.6,30.2,0.0,0.0,0.0,27.8,False,open_meteo_historical_weather_api,2026-06-11T10:40:28Z
6,Istanbul,2024-07-11,63,24.7,27.4,22.5,27.1,13.3,13.3,13.0,25.0,True,open_meteo_historical_weather_api,2026-06-11T10:40:28Z
6,Istanbul,2024-07-12,55,26.1,29.8,22.8,28.9,3.3,3.3,7.0,25.5,True,open_meteo_historical_weather_api,2026-06-11T10:40:28Z
6,Istanbul,2024-07-13,2,26.6,30.8,22.6,29.6,0.0,0.0,0.0,27.3,False,open_meteo_historical_weather_api,2026-06-11T10:40:28Z
6,Istanbul,2024-07-14,0,26.7,31.3,23.2,28.0,0.0,0.0,0.0,23.3,False,open_meteo_historical_weather_api,2026-06-11T10:40:28Z
6,Istanbul,2024-07-15,1,26.7,32.2,22.5,27.7,0.0,0.0,0.0,26.2,False,open_meteo_historical_weather_api,2026-06-11T10:40:28Z
6,Istanbul,2024-07-16,3,27.6,32.6,22.1,28.9,0.0,0.0,0.0,26.9,False,open_meteo_historical_weather_api,2026-06-11T10:40:28Z
6,Istanbul,2024-07-17,53,28.8,34.2,24.4,31.5,0.9,0.9,1.0,23.5,True,open_meteo_historical_weather_api,2026-06-11T10:40:28Z
6,Istanbul,2024-07-18,3,28.8,34.0,24.6,31.3,0.0,0.0,0.0,24.5,False,open_meteo_historical_weather_api,2026-06-11T10:40:28Z
6,Istanbul,2024-07-19,2,28.5,33.0,24.9,31.0,0.0,0.0,0.0,28.1,False,open_meteo_historical_weather_api,2026-06-11T10:40:28Z
6,Istanbul,2024-07-20,51,28.3,32.5,25.0,30.8,0.4,0.4,4.0,26.5,True,open_meteo_historical_weather_api,2026-06-11T10:40:28Z
6,Istanbul,2024-07-21,0,28.0,33.2,24.0,29.9,0.0,0.0,0.0,24.5,False,open_meteo_historical_weather_api,2026-06-11T10:40:28Z
6,Istanbul,2024-07-22,2,28.3,34.4,22.5,30.2,0.0,0.0,0.0,22.2,False,open_meteo_historical_weather_api,2026-06-11T10:40:28Z
6,Istanbul,2024-07-23,53,27.1,31.4,24.3,29.8,0.9,0.9,2.0,25.9,True,open_meteo_historical_weather_api,2026-06-11T10:40:28Z
6,Istanbul,2024-07-24,53,26.4,30.6,20.9,27.6,0.7,0.7,2.0,25.8,True,open_meteo_historical_weather_api,2026-06-11T10:40:28Z
6,Istanbul,2024-07-25,51,26.6,30.5,22.3,27.5,0.6,0.6,3.0,26.9,True,open_meteo_historical_weather_api,2026-06-11T10:40:28Z
6,Istanbul,2024-07-26,53,23.6,26.2,21.5,24.4,2.5,2.5,9.0,26.2,True,open_meteo_historical_weather_api,2026-06-11T10:40:28Z
6,Istanbul,2024-07-27,51,23.9,27.8,19.1,25.0,1.7,1.7,8.0,22.9,True,open_meteo_historical_weather_api,2026-06-11T10:40:28Z
6,Istanbul,2024-07-28,51,25.6,30.8,20.5,27.1,0.1,0.1,1.0,28.9,True,open_meteo_historical_weather_api,2026-06-11T10:40:28Z
6,Istanbul,2024-07-29,0,26.8,31.1,23.0,27.5,0.0,0.0,0.0,29.2,False,open_meteo_historical_weather_api,2026-06-11T10:40:28Z
6,Istanbul,2024-07-30,61,25.5,29.2,22.9,25.9,3.3,3.3,7.0,31.3,True,open_meteo_historical_weather_api,2026-06-11T10:40:28Z
6,Istanbul,2024-07-31,1,24.5,28.4,20.4,24.0,0.0,0.0,0.0,27.0,False,open_meteo_historical_weather_api,2026-06-11T10:40:28Z
6,Istanbul,2024-08-01,1,24.1,28.9,19.4,24.5,0.0,0.0,0.0,25.0,False,open_meteo_historical_weather_api,2026-06-11T10:40:28Z
6,Istanbul,2024-08-02,0,24.6,29.6,19.6,25.8,0.0,0.0,0.0,22.2,False,open_meteo_historical_weather_api,2026-06-11T10:40:28Z
6,Istanbul,2024-08-03,0,25.8,33.0,19.2,28.2,0.0,0.0,0.0,11.0,False,open_meteo_historical_weather_api,2026-06-11T10:40:28Z
6,Istanbul,2024-08-04,2,26.6,32.2,20.8,27.9,0.0,0.0,0.0,19.5,False,open_meteo_historical_weather_api,2026-06-11T10:40:28Z
6,Istanbul,2024-08-05,51,24.9,29.1,21.4,26.4,0.2,0.2,2.0,23.3,True,open_meteo_historical_weather_api,2026-06-11T10:40:28Z
6,Istanbul,2024-08-06,1,25.6,31.2,20.1,27.4,0.0,0.0,0.0,15.0,False,open_meteo_historical_weather_api,2026-06-11T10:40:28Z
6,Istanbul,2024-08-07,51,23.8,27.6,19.8,24.6,0.4,0.4,2.0,22.3,True,open_meteo_historical_weather_api,2026-06-11T10:40:28Z
6,Istanbul,2024-08-08,51,24.0,28.8,19.3,24.8,0.1,0.1,1.0,21.6,True,open_meteo_historical_weather_api,2026-06-11T10:40:28Z
6,Istanbul,2024-08-09,51,25.6,30.1,21.8,26.5,0.1,0.1,1.0,23.8,True,open_meteo_historical_weather_api,2026-06-11T10:40:28Z
6,Istanbul,2024-08-10,51,25.8,30.0,21.9,26.7,0.2,0.2,2.0,24.1,True,open_meteo_historical_weather_api,2026-06-11T10:40:28Z
6,Istanbul,2024-08-11,0,26.3,30.5,23.0,27.3,0.0,0.0,0.0,26.6,False,open_meteo_historical_weather_api,2026-06-11T10:40:28Z
6,Istanbul,2024-08-12,1,26.1,30.8,22.5,27.6,0.0,0.0,0.0,27.1,False,open_meteo_historical_weather_api,2026-06-11T10:40:28Z
6,Istanbul,2024-08-13,0,26.4,32.2,21.8,27.6,0.0,0.0,0.0,26.3,False,open_meteo_historical_weather_api,2026-06-11T10:40:28Z
6,Istanbul,2024-08-14,0,27.2,32.4,23.5,27.2,0.0,0.0,0.0,34.4,False,open_meteo_historical_weather_api,2026-06-11T10:40:28Z
6,Istanbul,2024-08-15,0,25.9,30.1,22.9,26.0,0.0,0.0,0.0,27.8,False,open_meteo_historical_weather_api,2026-06-11T10:40:28Z
6,Istanbul,2024-08-16,1,24.9,29.0,21.4,24.7,0.0,0.0,0.0,30.4,False,open_meteo_historical_weather_api,2026-06-11T10:40:28Z
6,Istanbul,2024-08-17,1,25.2,29.0,22.0,24.3,0.0,0.0,0.0,29.9,False,open_meteo_historical_weather_api,2026-06-11T10:40:28Z
6,Istanbul,2024-08-18,3,25.0,29.9,20.0,25.2,0.0,0.0,0.0,24.3,False,open_meteo_historical_weather_api,2026-06-11T10:40:28Z
6,Istanbul,2024-08-19,53,24.5,30.1,20.5,26.6,1.2,1.2,5.0,17.7,True,open_meteo_historical_weather_api,2026-06-11T10:40:28Z
6,Istanbul,2024-08-20,0,24.2,31.8,18.3,26.3,0.0,0.0,0.0,19.2,False,open_meteo_historical_weather_api,2026-06-11T10:40:28Z
6,Istanbul,2024-08-21,53,24.1,29.0,20.3,26.1,1.3,1.3,4.0,18.7,True,open_meteo_historical_weather_api,2026-06-11T10:40:28Z
6,Istanbul,2024-08-22,1,25.4,32.2,21.2,28.0,0.0,0.0,0.0,19.6,False,open_meteo_historical_weather_api,2026-06-11T10:40:28Z
6,Istanbul,2024-08-23,0,25.7,31.1,21.1,27.6,0.0,0.0,0.0,23.4,False,open_meteo_historical_weather_api,2026-06-11T10:40:28Z
6,Istanbul,2024-08-24,1,25.9,30.2,22.2,27.1,0.0,0.0,0.0,24.2,False,open_meteo_historical_weather_api,2026-06-11T10:40:28Z
6,Istanbul,2024-08-25,3,25.2,30.1,21.0,25.3,0.0,0.0,0.0,26.8,False,open_meteo_historical_weather_api,2026-06-11T10:40:28Z
6,Istanbul,2024-08-26,51,25.9,30.5,22.6,27.0,0.1,0.1,1.0,26.6,True,open_meteo_historical_weather_api,2026-06-11T10:40:28Z
6,Istanbul,2024-08-27,61,24.8,29.5,19.8,25.4,1.7,1.7,4.0,24.1,True,open_meteo_historical_weather_api,2026-06-11T10:40:28Z
6,Istanbul,2024-08-28,3,24.0,28.5,19.9,25.7,0.0,0.0,0.0,17.4,False,open_meteo_historical_weather_api,2026-06-11T10:40:28Z
6,Istanbul,2024-08-29,61,23.8,27.2,19.3,25.8,4.7,4.7,7.0,17.5,True,open_meteo_historical_weather_api,2026-06-11T10:40:28Z
6,Istanbul,2024-08-30,53,22.9,26.4,19.4,24.6,3.3,3.3,9.0,18.7,True,open_meteo_historical_weather_api,2026-06-11T10:40:28Z
6,Istanbul,2024-08-31,51,23.4,27.3,19.7,25.3,0.7,0.7,4.0,14.3,True,open_meteo_historical_weather_api,2026-06-11T10:40:28Z
6,Istanbul,2024-09-01,61,23.2,26.8,20.1,25.0,4.6,4.6,10.0,17.9,True,open_meteo_historical_weather_api,2026-06-11T10:40:28Z
6,Istanbul,2024-09-02,63,22.0,25.0,19.5,24.7,20.2,20.2,13.0,14.8,True,open_meteo_historical_weather_api,2026-06-11T10:40:28Z
6,Istanbul,2024-09-03,51,23.6,28.4,19.6,27.0,1.6,1.6,10.0,11.0,True,open_meteo_historical_weather_api,2026-06-11T10:40:28Z
6,Istanbul,2024-09-04,51,24.2,29.0,20.2,26.5,0.5,0.5,2.0,25.1,True,open_meteo_historical_weather_api,2026-06-11T10:40:28Z
6,Istanbul,2024-09-05,0,23.6,29.4,19.5,25.0,0.0,0.0,0.0,16.1,False,open_meteo_historical_weather_api,2026-06-11T10:40:28Z
6,Istanbul,2024-09-06,2,23.2,29.5,17.5,23.9,0.0,0.0,0.0,17.4,False,open_meteo_historical_weather_api,2026-06-11T10:40:28Z
6,Istanbul,2024-09-07,51,22.6,27.2,19.1,23.7,1.1,1.1,5.0,17.8,True,open_meteo_historical_weather_api,2026-06-11T10:40:28Z
6,Istanbul,2024-09-08,51,21.7,25.4,19.2,22.6,2.2,2.2,13.0,25.7,True,open_meteo_historical_weather_api,2026-06-11T10:40:28Z
6,Istanbul,2024-09-09,53,22.3,27.5,17.8,23.3,1.7,1.7,5.0,18.6,True,open_meteo_historical_weather_api,2026-06-11T10:40:28Z
6,Istanbul,2024-09-10,51,24.0,30.0,19.0,25.6,0.2,0.2,1.0,17.1,True,open_meteo_historical_weather_api,2026-06-11T10:40:28Z
6,Istanbul,2024-09-11,51,23.6,27.8,20.4,25.2,0.4,0.4,2.0,16.4,True,open_meteo_historical_weather_api,2026-06-11T10:40:28Z
6,Istanbul,2024-09-12,51,23.9,28.3,20.4,25.3,0.9,0.9,7.0,18.8,True,open_meteo_historical_weather_api,2026-06-11T10:40:28Z
6,Istanbul,2024-09-13,2,24.8,29.8,20.1,26.4,0.0,0.0,0.0,13.5,False,open_meteo_historical_weather_api,2026-06-11T10:40:28Z
6,Istanbul,2024-09-14,2,26.4,30.9,23.1,27.1,0.0,0.0,0.0,24.0,False,open_meteo_historical_weather_api,2026-06-11T10:40:28Z
6,Istanbul,2024-09-15,63,21.9,25.9,17.0,23.7,4.7,4.7,7.0,21.8,True,open_meteo_historical_weather_api,2026-06-11T10:40:28Z
6,Istanbul,2024-09-16,53,20.1,25.6,14.9,20.6,0.9,0.9,5.0,18.1,True,open_meteo_historical_weather_api,2026-06-11T10:40:28Z
6,Istanbul,2024-09-17,61,20.1,24.1,17.0,20.0,3.1,3.1,6.0,20.7,True,open_meteo_historical_weather_api,2026-06-11T10:40:28Z
6,Istanbul,2024-09-18,55,20.1,24.8,17.0,20.2,3.4,3.4,12.0,22.3,True,open_meteo_historical_weather_api,2026-06-11T10:40:28Z
6,Istanbul,2024-09-19,51,19.9,24.4,16.5,19.2,0.4,0.4,3.0,22.5,True,open_meteo_historical_weather_api,2026-06-11T10:40:28Z
6,Istanbul,2024-09-20,55,19.6,25.3,15.8,19.6,2.6,2.6,8.0,21.0,True,open_meteo_historical_weather_api,2026-06-11T10:40:28Z
6,Istanbul,2024-09-21,63,19.3,22.0,17.6,19.0,7.0,7.0,10.0,22.4,True,open_meteo_historical_weather_api,2026-06-11T10:40:28Z
6,Istanbul,2024-09-22,53,20.2,24.6,15.5,18.8,1.6,1.6,7.0,27.3,True,open_meteo_historical_weather_api,2026-06-11T10:40:28Z
6,Istanbul,2024-09-23,51,19.1,24.5,16.2,19.7,1.0,1.0,5.0,17.3,True,open_meteo_historical_weather_api,2026-06-11T10:40:28Z
6,Istanbul,2024-09-24,51,19.9,26.0,14.7,21.1,0.1,0.1,1.0,11.7,True,open_meteo_historical_weather_api,2026-06-11T10:40:28Z
6,Istanbul,2024-09-25,2,20.8,26.6,15.9,21.4,0.0,0.0,0.0,18.7,False,open_meteo_historical_weather_api,2026-06-11T10:40:28Z
6,Istanbul,2024-09-26,3,20.9,27.2,16.3,21.5,0.0,0.0,0.0,19.1,False,open_meteo_historical_weather_api,2026-06-11T10:40:28Z
6,Istanbul,2024-09-27,3,21.2,28.2,17.0,22.1,0.0,0.0,0.0,18.7,False,open_meteo_historical_weather_api,2026-06-11T10:40:28Z
6,Istanbul,2024-09-28,3,22.2,29.0,18.9,24.1,0.0,0.0,0.0,17.8,False,open_meteo_historical_weather_api,2026-06-11T10:40:28Z
6,Istanbul,2024-09-29,61,22.1,28.4,18.0,24.5,1.8,1.8,1.0,15.4,True,open_meteo_historical_weather_api,2026-06-11T10:40:28Z
6,Istanbul,2024-09-30,65,16.8,19.3,13.6,15.3,34.0,34.0,14.0,27.6,True,open_meteo_historical_weather_api,2026-06-11T10:40:28Z
6,Istanbul,2024-10-01,51,16.0,18.9,13.9,13.6,0.4,0.4,4.0,19.1,True,open_meteo_historical_weather_api,2026-06-11T10:40:28Z
6,Istanbul,2024-10-02,51,17.6,21.5,15.1,16.7,0.2,0.2,1.0,14.7,True,open_meteo_historical_weather_api,2026-06-11T10:40:28Z
6,Istanbul,2024-10-03,3,18.2,23.4,13.3,18.4,0.0,0.0,0.0,9.9,False,open_meteo_historical_weather_api,2026-06-11T10:40:28Z
6,Istanbul,2024-10-04,0,21.3,26.9,15.6,21.2,0.0,0.0,0.0,16.0,False,open_meteo_historical_weather_api,2026-06-11T10:40:28Z
6,Istanbul,2024-10-05,3,24.1,30.5,18.4,24.6,0.0,0.0,0.0,10.1,False,open_meteo_historical_weather_api,2026-06-11T10:40:28Z
6,Istanbul,2024-10-06,51,22.2,27.5,18.7,23.6,0.1,0.1,1.0,15.4,True,open_meteo_historical_weather_api,2026-06-11T10:40:28Z
6,Istanbul,2024-10-07,51,19.1,22.7,16.2,19.3,1.3,1.3,7.0,20.3,True,open_meteo_historical_weather_api,2026-06-11T10:40:28Z
6,Istanbul,2024-10-08,3,18.4,24.2,14.2,17.4,0.0,0.0,0.0,19.5,False,open_meteo_historical_weather_api,2026-06-11T10:40:28Z
6,Istanbul,2024-10-09,53,19.0,24.2,13.4,19.2,0.5,0.5,1.0,19.2,True,open_meteo_historical_weather_api,2026-06-11T10:40:28Z
6,Istanbul,2024-10-10,51,21.2,24.4,18.5,21.9,0.3,0.3,2.0,17.4,True,open_meteo_historical_weather_api,2026-06-11T10:40:28Z
6,Istanbul,2024-10-11,3,22.5,26.4,19.1,23.2,0.0,0.0,0.0,20.5,False,open_meteo_historical_weather_api,2026-06-11T10:40:28Z
6,Istanbul,2024-10-12,53,19.6,23.0,16.7,19.7,2.3,2.3,10.0,22.7,True,open_meteo_historical_weather_api,2026-06-11T10:40:28Z
6,Istanbul,2024-10-13,3,16.6,18.9,14.9,15.6,0.0,0.0,0.0,16.7,False,open_meteo_historical_weather_api,2026-06-11T10:40:28Z
6,Istanbul,2024-10-14,3,15.9,22.0,11.9,15.3,0.0,0.0,0.0,14.1,False,open_meteo_historical_weather_api,2026-06-11T10:40:28Z
6,Istanbul,2024-10-15,3,16.3,21.5,12.9,15.2,0.0,0.0,0.0,20.1,False,open_meteo_historical_weather_api,2026-06-11T10:40:28Z
6,Istanbul,2024-10-16,51,14.9,20.5,10.8,13.2,0.8,0.8,8.0,28.5,True,open_meteo_historical_weather_api,2026-06-11T10:40:28Z
6,Istanbul,2024-10-17,53,13.3,15.4,11.8,10.1,1.6,1.6,11.0,28.6,True,open_meteo_historical_weather_api,2026-06-11T10:40:28Z
6,Istanbul,2024-10-18,53,12.5,16.3,9.8,9.5,1.2,1.2,6.0,22.4,True,open_meteo_historical_weather_api,2026-06-11T10:40:28Z
6,Istanbul,2024-10-19,53,12.1,16.1,9.1,9.8,1.0,1.0,4.0,16.8,True,open_meteo_historical_weather_api,2026-06-11T10:40:28Z
6,Istanbul,2024-10-20,51,12.0,15.9,6.9,9.5,0.1,0.1,1.0,21.5,True,open_meteo_historical_weather_api,2026-06-11T10:40:28Z
6,Istanbul,2024-10-21,51,12.8,16.1,10.1,10.2,0.3,0.3,1.0,18.4,True,open_meteo_historical_weather_api,2026-06-11T10:40:28Z
6,Istanbul,2024-10-22,3,13.2,18.0,9.1,11.2,0.0,0.0,0.0,18.5,False,open_meteo_historical_weather_api,2026-06-11T10:40:28Z
6,Istanbul,2024-10-23,3,13.5,18.7,9.7,11.6,0.0,0.0,0.0,18.8,False,open_meteo_historical_weather_api,2026-06-11T10:40:28Z
6,Istanbul,2024-10-24,3,14.1,18.2,11.4,12.3,0.0,0.0,0.0,19.4,False,open_meteo_historical_weather_api,2026-06-11T10:40:28Z
6,Istanbul,2024-10-25,51,14.4,17.2,11.9,12.2,0.3,0.3,3.0,22.6,True,open_meteo_historical_weather_api,2026-06-11T10:40:28Z
6,Istanbul,2024-10-26,1,13.5,18.2,9.7,11.2,0.0,0.0,0.0,21.7,False,open_meteo_historical_weather_api,2026-06-11T10:40:28Z
6,Istanbul,2024-10-27,2,14.4,19.5,11.2,12.4,0.0,0.0,0.0,19.7,False,open_meteo_historical_weather_api,2026-06-11T10:40:28Z
6,Istanbul,2024-10-28,3,14.3,19.6,10.7,13.8,0.0,0.0,0.0,11.2,False,open_meteo_historical_weather_api,2026-06-11T10:40:28Z
6,Istanbul,2024-10-29,3,14.2,20.0,10.4,12.9,0.0,0.0,0.0,19.0,False,open_meteo_historical_weather_api,2026-06-11T10:40:28Z
6,Istanbul,2024-10-30,51,14.9,17.9,12.7,12.4,0.2,0.2,1.0,21.6,True,open_meteo_historical_weather_api,2026-06-11T10:40:28Z
6,Istanbul,2024-10-31,3,14.8,18.6,12.1,12.2,0.0,0.0,0.0,22.2,False,open_meteo_historical_weather_api,2026-06-11T10:40:28Z
6,Istanbul,2024-11-01,3,13.8,18.9,10.0,12.0,0.0,0.0,0.0,18.3,False,open_meteo_historical_weather_api,2026-06-11T10:40:28Z
6,Istanbul,2024-11-02,3,13.7,17.8,11.2,13.3,0.0,0.0,0.0,12.7,False,open_meteo_historical_weather_api,2026-06-11T10:40:28Z
6,Istanbul,2024-11-03,53,12.7,15.2,9.1,9.3,0.9,0.9,2.0,32.3,True,open_meteo_historical_weather_api,2026-06-11T10:40:28Z
6,Istanbul,2024-11-04,3,11.1,15.1,6.4,8.5,0.0,0.0,0.0,9.8,False,open_meteo_historical_weather_api,2026-06-11T10:40:28Z
6,Istanbul,2024-11-05,3,11.2,14.3,6.4,7.2,0.0,0.0,0.0,22.9,False,open_meteo_historical_weather_api,2026-06-11T10:40:28Z
6,Istanbul,2024-11-06,3,11.3,14.4,8.8,7.2,0.0,0.0,0.0,24.9,False,open_meteo_historical_weather_api,2026-06-11T10:40:28Z
6,Istanbul,2024-11-07,1,12.5,16.8,9.4,9.1,0.0,0.0,0.0,27.7,False,open_meteo_historical_weather_api,2026-06-11T10:40:28Z
6,Istanbul,2024-11-08,2,13.4,17.3,11.2,10.4,0.0,0.0,0.0,24.7,False,open_meteo_historical_weather_api,2026-06-11T10:40:28Z
6,Istanbul,2024-11-09,3,12.5,16.6,10.4,9.4,0.0,0.0,0.0,27.8,False,open_meteo_historical_weather_api,2026-06-11T10:40:28Z
6,Istanbul,2024-11-10,51,11.4,13.9,9.6,8.5,0.1,0.1,1.0,24.3,True,open_meteo_historical_weather_api,2026-06-11T10:40:28Z
6,Istanbul,2024-11-11,3,13.0,16.9,10.2,11.1,0.0,0.0,0.0,18.0,False,open_meteo_historical_weather_api,2026-06-11T10:40:28Z
6,Istanbul,2024-11-12,51,13.4,17.1,10.8,11.3,0.2,0.2,2.0,20.2,True,open_meteo_historical_weather_api,2026-06-11T10:40:28Z
6,Istanbul,2024-11-13,51,13.1,15.4,11.9,11.8,1.0,1.0,7.0,12.4,True,open_meteo_historical_weather_api,2026-06-11T10:40:28Z
6,Istanbul,2024-11-14,3,13.0,15.7,11.2,11.6,0.0,0.0,0.0,12.6,False,open_meteo_historical_weather_api,2026-06-11T10:40:28Z
6,Istanbul,2024-11-15,53,12.3,13.9,10.4,10.7,3.9,3.9,12.0,19.4,True,open_meteo_historical_weather_api,2026-06-11T10:40:28Z
6,Istanbul,2024-11-16,53,10.4,11.9,9.4,6.4,2.1,2.1,7.0,23.5,True,open_meteo_historical_weather_api,2026-06-11T10:40:28Z
6,Istanbul,2024-11-17,51,11.6,14.1,10.1,8.8,0.1,0.1,1.0,19.6,True,open_meteo_historical_weather_api,2026-06-11T10:40:28Z
6,Istanbul,2024-11-18,61,11.0,12.9,9.6,10.2,1.8,1.8,5.0,7.2,True,open_meteo_historical_weather_api,2026-06-11T10:40:28Z
6,Istanbul,2024-11-19,3,10.0,14.5,5.4,8.7,0.0,0.0,0.0,5.4,False,open_meteo_historical_weather_api,2026-06-11T10:40:28Z
6,Istanbul,2024-11-20,3,13.1,16.5,8.4,10.3,0.0,0.0,0.0,26.7,False,open_meteo_historical_weather_api,2026-06-11T10:40:28Z
6,Istanbul,2024-11-21,63,14.2,19.4,7.5,10.6,23.6,23.6,7.0,35.3,True,open_meteo_historical_weather_api,2026-06-11T10:40:28Z
6,Istanbul,2024-11-22,3,12.0,17.9,6.0,9.5,0.0,0.0,0.0,31.6,False,open_meteo_historical_weather_api,2026-06-11T10:40:28Z
6,Istanbul,2024-11-23,65,10.1,18.5,3.8,6.1,38.7,38.7,10.0,38.0,True,open_meteo_historical_weather_api,2026-06-11T10:40:28Z
6,Istanbul,2024-11-24,73,5.4,7.9,3.3,1.0,1.6,1.0,4.0,24.1,True,open_meteo_historical_weather_api,2026-06-11T10:40:28Z
6,Istanbul,2024-11-25,51,6.0,8.9,3.2,2.7,0.3,0.3,1.0,16.5,True,open_meteo_historical_weather_api,2026-06-11T10:40:28Z
6,Istanbul,2024-11-26,3,7.8,9.9,6.0,5.4,0.0,0.0,0.0,7.6,False,open_meteo_historical_weather_api,2026-06-11T10:40:28Z
6,Istanbul,2024-11-27,51,9.4,11.1,7.3,7.0,0.3,0.3,1.0,13.5,True,open_meteo_historical_weather_api,2026-06-11T10:40:28Z
6,Istanbul,2024-11-28,3,9.5,12.4,6.8,8.2,0.0,0.0,0.0,5.4,False,open_meteo_historical_weather_api,2026-06-11T10:40:28Z
6,Istanbul,2024-11-29,3,8.9,13.2,5.3,7.2,0.0,0.0,0.0,6.9,False,open_meteo_historical_weather_api,2026-06-11T10:40:28Z
6,Istanbul,2024-11-30,3,11.1,15.7,7.8,8.6,0.0,0.0,0.0,17.6,False,open_meteo_historical_weather_api,2026-06-11T10:40:28Z
6,Istanbul,2024-12-01,51,11.3,13.1,10.2,8.0,0.1,0.1,1.0,24.5,True,open_meteo_historical_weather_api,2026-06-11T10:40:28Z
6,Istanbul,2024-12-02,63,10.9,12.8,9.8,8.2,6.8,6.8,8.0,18.8,True,open_meteo_historical_weather_api,2026-06-11T10:40:28Z
6,Istanbul,2024-12-03,53,10.3,11.4,9.1,8.0,3.4,3.4,14.0,14.7,True,open_meteo_historical_weather_api,2026-06-11T10:40:28Z
6,Istanbul,2024-12-04,55,9.3,9.9,8.7,7.4,7.4,7.4,21.0,12.7,True,open_meteo_historical_weather_api,2026-06-11T10:40:28Z
6,Istanbul,2024-12-05,51,9.7,12.8,8.2,7.8,0.1,0.1,1.0,13.1,True,open_meteo_historical_weather_api,2026-06-11T10:40:28Z
6,Istanbul,2024-12-06,3,9.4,13.2,6.4,7.4,0.0,0.0,0.0,12.4,False,open_meteo_historical_weather_api,2026-06-11T10:40:28Z
6,Istanbul,2024-12-07,51,12.0,14.9,10.2,9.5,0.2,0.2,1.0,16.1,True,open_meteo_historical_weather_api,2026-06-11T10:40:28Z
6,Istanbul,2024-12-08,55,12.1,14.4,10.8,10.3,2.5,2.5,6.0,14.3,True,open_meteo_historical_weather_api,2026-06-11T10:40:28Z
6,Istanbul,2024-12-09,63,14.0,17.6,11.9,12.4,23.6,23.6,15.0,21.0,True,open_meteo_historical_weather_api,2026-06-11T10:40:28Z
6,Istanbul,2024-12-10,65,13.5,17.6,11.4,12.0,31.0,31.0,11.0,21.7,True,open_meteo_historical_weather_api,2026-06-11T10:40:28Z
6,Istanbul,2024-12-11,63,9.8,11.6,7.3,8.0,7.9,7.9,9.0,14.8,True,open_meteo_historical_weather_api,2026-06-11T10:40:28Z
6,Istanbul,2024-12-12,53,7.7,10.1,4.7,5.5,0.8,0.8,2.0,12.7,True,open_meteo_historical_weather_api,2026-06-11T10:40:28Z
6,Istanbul,2024-12-13,51,6.4,8.0,5.2,3.6,0.3,0.3,2.0,17.7,True,open_meteo_historical_weather_api,2026-06-11T10:40:28Z
6,Istanbul,2024-12-14,3,5.4,7.8,3.3,2.6,0.0,0.0,0.0,9.8,False,open_meteo_historical_weather_api,2026-06-11T10:40:28Z
6,Istanbul,2024-12-15,63,8.8,10.4,6.4,5.8,11.4,11.4,19.0,20.5,True,open_meteo_historical_weather_api,2026-06-11T10:40:28Z
6,Istanbul,2024-12-16,53,7.3,9.1,5.7,4.5,1.3,1.3,5.0,19.0,True,open_meteo_historical_weather_api,2026-06-11T10:40:28Z
6,Istanbul,2024-12-17,0,8.6,10.4,6.2,5.3,0.0,0.0,0.0,17.1,False,open_meteo_historical_weather_api,2026-06-11T10:40:28Z
6,Istanbul,2024-12-18,1,9.5,12.6,7.3,8.0,0.0,0.0,0.0,10.7,False,open_meteo_historical_weather_api,2026-06-11T10:40:28Z
6,Istanbul,2024-12-19,3,8.1,12.1,4.8,6.2,0.0,0.0,0.0,7.8,False,open_meteo_historical_weather_api,2026-06-11T10:40:28Z
6,Istanbul,2024-12-20,3,9.8,13.5,5.9,7.4,0.0,0.0,0.0,12.1,False,open_meteo_historical_weather_api,2026-06-11T10:40:28Z
6,Istanbul,2024-12-21,63,10.8,13.4,9.4,8.6,16.8,16.8,14.0,19.4,True,open_meteo_historical_weather_api,2026-06-11T10:40:28Z
6,Istanbul,2024-12-22,55,6.9,8.6,6.0,4.1,4.4,4.4,10.0,18.9,True,open_meteo_historical_weather_api,2026-06-11T10:40:28Z
6,Istanbul,2024-12-23,3,8.7,12.6,5.8,6.2,0.0,0.0,0.0,12.4,False,open_meteo_historical_weather_api,2026-06-11T10:40:28Z
6,Istanbul,2024-12-24,61,10.7,12.3,9.3,8.4,7.9,7.9,15.0,16.4,True,open_meteo_historical_weather_api,2026-06-11T10:40:28Z
6,Istanbul,2024-12-25,55,11.1,14.9,8.9,9.3,2.8,2.8,7.0,17.3,True,open_meteo_historical_weather_api,2026-06-11T10:40:28Z
6,Istanbul,2024-12-26,53,10.7,12.4,9.2,7.5,4.8,4.8,18.0,24.9,True,open_meteo_historical_weather_api,2026-06-11T10:40:28Z
6,Istanbul,2024-12-27,53,6.6,8.9,4.3,2.1,6.6,6.6,21.0,25.1,True,open_meteo_historical_weather_api,2026-06-11T10:40:28Z
6,Istanbul,2024-12-28,51,6.7,8.8,4.1,2.7,1.7,1.7,12.0,23.3,True,open_meteo_historical_weather_api,2026-06-11T10:40:28Z
6,Istanbul,2024-12-29,53,7.0,7.8,6.6,3.0,4.8,4.8,20.0,21.2,True,open_meteo_historical_weather_api,2026-06-11T10:40:28Z
6,Istanbul,2024-12-30,3,6.6,8.3,4.8,3.3,0.0,0.0,0.0,17.0,False,open_meteo_historical_weather_api,2026-06-11T10:40:28Z
6,Istanbul,2024-12-31,2,5.9,10.6,3.0,3.6,0.0,0.0,0.0,7.4,False,open_meteo_historical_weather_api,2026-06-11T10:40:28Z
7,Dubai,2024-01-01,0,23.7,26.4,20.8,24.4,0.0,0.0,0.0,23.7,False,open_meteo_historical_weather_api,2026-06-11T10:40:28Z
7,Dubai,2024-01-02,1,23.6,25.9,21.6,23.0,0.0,0.0,0.0,23.0,False,open_meteo_historical_weather_api,2026-06-11T10:40:28Z
7,Dubai,2024-01-03,2,22.3,25.5,18.7,21.7,0.0,0.0,0.0,24.0,False,open_meteo_historical_weather_api,2026-06-11T10:40:28Z
7,Dubai,2024-01-04,51,22.9,24.5,21.1,20.3,0.3,0.3,1.0,36.1,True,open_meteo_historical_weather_api,2026-06-11T10:40:28Z
7,Dubai,2024-01-05,2,22.0,25.0,18.4,21.4,0.0,0.0,0.0,21.0,False,open_meteo_historical_weather_api,2026-06-11T10:40:28Z
7,Dubai,2024-01-06,0,21.2,24.8,17.3,20.5,0.0,0.0,0.0,21.8,False,open_meteo_historical_weather_api,2026-06-11T10:40:28Z
7,Dubai,2024-01-07,1,20.9,24.2,17.0,20.5,0.0,0.0,0.0,16.3,False,open_meteo_historical_weather_api,2026-06-11T10:40:28Z
7,Dubai,2024-01-08,0,20.8,27.5,14.2,19.7,0.0,0.0,0.0,23.5,False,open_meteo_historical_weather_api,2026-06-11T10:40:28Z
7,Dubai,2024-01-09,0,19.9,25.0,13.6,18.4,0.0,0.0,0.0,16.1,False,open_meteo_historical_weather_api,2026-06-11T10:40:28Z
7,Dubai,2024-01-10,1,19.7,23.5,13.4,19.4,0.0,0.0,0.0,15.3,False,open_meteo_historical_weather_api,2026-06-11T10:40:28Z
7,Dubai,2024-01-11,3,19.0,22.9,14.5,18.6,0.0,0.0,0.0,15.3,False,open_meteo_historical_weather_api,2026-06-11T10:40:28Z
7,Dubai,2024-01-12,3,18.6,23.3,13.1,17.6,0.0,0.0,0.0,15.9,False,open_meteo_historical_weather_api,2026-06-11T10:40:28Z
7,Dubai,2024-01-13,3,19.5,25.0,13.1,18.3,0.0,0.0,0.0,13.1,False,open_meteo_historical_weather_api,2026-06-11T10:40:28Z
7,Dubai,2024-01-14,3,20.3,26.5,13.6,19.6,0.0,0.0,0.0,13.1,False,open_meteo_historical_weather_api,2026-06-11T10:40:28Z
7,Dubai,2024-01-15,3,20.7,27.6,13.9,19.6,0.0,0.0,0.0,15.0,False,open_meteo_historical_weather_api,2026-06-11T10:40:28Z
7,Dubai,2024-01-16,3,22.2,26.8,17.1,22.7,0.0,0.0,0.0,23.2,False,open_meteo_historical_weather_api,2026-06-11T10:40:28Z
7,Dubai,2024-01-17,3,23.3,25.6,20.9,21.1,0.0,0.0,0.0,35.9,False,open_meteo_historical_weather_api,2026-06-11T10:40:28Z
7,Dubai,2024-01-18,3,21.6,24.3,18.9,21.1,0.0,0.0,0.0,21.6,False,open_meteo_historical_weather_api,2026-06-11T10:40:28Z
7,Dubai,2024-01-19,2,21.7,24.5,18.9,21.3,0.0,0.0,0.0,24.8,False,open_meteo_historical_weather_api,2026-06-11T10:40:28Z
7,Dubai,2024-01-20,3,20.5,24.0,16.0,20.9,0.0,0.0,0.0,19.1,False,open_meteo_historical_weather_api,2026-06-11T10:40:28Z
7,Dubai,2024-01-21,3,21.3,24.2,18.2,21.0,0.0,0.0,0.0,20.5,False,open_meteo_historical_weather_api,2026-06-11T10:40:28Z
7,Dubai,2024-01-22,0,20.7,24.4,15.6,20.7,0.0,0.0,0.0,19.2,False,open_meteo_historical_weather_api,2026-06-11T10:40:28Z
7,Dubai,2024-01-23,0,20.7,24.5,16.0,21.3,0.0,0.0,0.0,18.2,False,open_meteo_historical_weather_api,2026-06-11T10:40:28Z
7,Dubai,2024-01-24,3,19.0,24.2,15.1,19.0,0.0,0.0,0.0,18.7,False,open_meteo_historical_weather_api,2026-06-11T10:40:28Z
7,Dubai,2024-01-25,3,19.7,26.5,12.6,18.1,0.0,0.0,0.0,15.5,False,open_meteo_historical_weather_api,2026-06-11T10:40:28Z
7,Dubai,2024-01-26,3,21.6,29.0,15.5,19.7,0.0,0.0,0.0,15.5,False,open_meteo_historical_weather_api,2026-06-11T10:40:28Z
7,Dubai,2024-01-27,3,22.9,28.6,17.5,21.5,0.0,0.0,0.0,32.1,False,open_meteo_historical_weather_api,2026-06-11T10:40:28Z
7,Dubai,2024-01-28,51,22.4,24.7,19.9,21.5,0.1,0.1,1.0,27.9,True,open_meteo_historical_weather_api,2026-06-11T10:40:28Z
7,Dubai,2024-01-29,3,21.9,24.0,20.2,19.7,0.0,0.0,0.0,26.8,False,open_meteo_historical_weather_api,2026-06-11T10:40:28Z
7,Dubai,2024-01-30,3,21.5,25.6,17.3,22.2,0.0,0.0,0.0,12.4,False,open_meteo_historical_weather_api,2026-06-11T10:40:28Z
7,Dubai,2024-01-31,3,22.4,26.2,17.6,22.6,0.0,0.0,0.0,13.8,False,open_meteo_historical_weather_api,2026-06-11T10:40:28Z
7,Dubai,2024-02-01,63,23.5,27.6,20.4,23.0,8.6,8.6,5.0,29.6,True,open_meteo_historical_weather_api,2026-06-11T10:40:28Z
7,Dubai,2024-02-02,61,22.5,26.4,19.5,20.5,2.8,2.8,4.0,36.3,True,open_meteo_historical_weather_api,2026-06-11T10:40:28Z
7,Dubai,2024-02-03,3,19.6,21.2,18.1,15.6,0.0,0.0,0.0,35.4,False,open_meteo_historical_weather_api,2026-06-11T10:40:28Z
7,Dubai,2024-02-04,1,20.0,21.9,18.6,15.9,0.0,0.0,0.0,32.7,False,open_meteo_historical_weather_api,2026-06-11T10:40:28Z
7,Dubai,2024-02-05,3,20.9,23.3,18.8,17.5,0.0,0.0,0.0,31.9,False,open_meteo_historical_weather_api,2026-06-11T10:40:28Z
7,Dubai,2024-02-06,3,21.4,23.8,19.6,17.6,0.0,0.0,0.0,35.9,False,open_meteo_historical_weather_api,2026-06-11T10:40:28Z
7,Dubai,2024-02-07,2,20.8,23.0,18.5,17.9,0.0,0.0,0.0,26.8,False,open_meteo_historical_weather_api,2026-06-11T10:40:28Z
7,Dubai,2024-02-08,3,20.5,22.9,17.5,18.3,0.0,0.0,0.0,22.9,False,open_meteo_historical_weather_api,2026-06-11T10:40:28Z
7,Dubai,2024-02-09,3,19.7,22.8,16.1,18.4,0.0,0.0,0.0,17.5,False,open_meteo_historical_weather_api,2026-06-11T10:40:28Z
7,Dubai,2024-02-10,3,18.4,22.5,13.9,17.8,0.0,0.0,0.0,17.7,False,open_meteo_historical_weather_api,2026-06-11T10:40:28Z
7,Dubai,2024-02-11,61,18.1,19.6,16.8,18.0,7.9,7.9,11.0,18.4,True,open_meteo_historical_weather_api,2026-06-11T10:40:28Z
7,Dubai,2024-02-12,65,18.9,21.1,17.5,18.5,56.9,56.9,17.0,34.6,True,open_meteo_historical_weather_api,2026-06-11T10:40:28Z
7,Dubai,2024-02-13,51,20.2,24.2,17.4,20.2,0.8,0.8,3.0,27.0,True,open_meteo_historical_weather_api,2026-06-11T10:40:28Z
7,Dubai,2024-02-14,51,21.4,25.5,18.6,22.1,0.8,0.8,3.0,22.1,True,open_meteo_historical_weather_api,2026-06-11T10:40:28Z
7,Dubai,2024-02-15,3,21.9,26.6,18.5,23.8,0.0,0.0,0.0,17.5,False,open_meteo_historical_weather_api,2026-06-11T10:40:28Z
7,Dubai,2024-02-16,3,22.6,28.0,19.2,24.3,0.0,0.0,0.0,16.6,False,open_meteo_historical_weather_api,2026-06-11T10:40:28Z
7,Dubai,2024-02-17,2,23.2,28.0,20.0,24.2,0.0,0.0,0.0,24.9,False,open_meteo_historical_weather_api,2026-06-11T10:40:28Z
7,Dubai,2024-02-18,3,21.4,24.3,19.2,20.0,0.0,0.0,0.0,34.0,False,open_meteo_historical_weather_api,2026-06-11T10:40:28Z
7,Dubai,2024-02-19,0,20.5,22.9,19.0,18.1,0.0,0.0,0.0,31.7,False,open_meteo_historical_weather_api,2026-06-11T10:40:28Z
7,Dubai,2024-02-20,1,20.6,23.6,17.2,19.9,0.0,0.0,0.0,25.3,False,open_meteo_historical_weather_api,2026-06-11T10:40:28Z
7,Dubai,2024-02-21,0,21.4,23.5,19.6,19.3,0.0,0.0,0.0,29.1,False,open_meteo_historical_weather_api,2026-06-11T10:40:28Z
7,Dubai,2024-02-22,0,20.7,24.0,17.1,20.6,0.0,0.0,0.0,20.9,False,open_meteo_historical_weather_api,2026-06-11T10:40:28Z
7,Dubai,2024-02-23,0,19.4,23.5,14.6,19.7,0.0,0.0,0.0,18.5,False,open_meteo_historical_weather_api,2026-06-11T10:40:28Z
7,Dubai,2024-02-24,3,20.8,26.1,16.2,21.1,0.0,0.0,0.0,18.0,False,open_meteo_historical_weather_api,2026-06-11T10:40:28Z
7,Dubai,2024-02-25,53,22.4,27.5,17.5,21.8,0.7,0.7,2.0,32.0,True,open_meteo_historical_weather_api,2026-06-11T10:40:28Z
7,Dubai,2024-02-26,51,21.2,22.5,20.0,20.2,0.4,0.4,3.0,32.5,True,open_meteo_historical_weather_api,2026-06-11T10:40:28Z
7,Dubai,2024-02-27,2,20.6,23.1,18.4,20.0,0.0,0.0,0.0,19.6,False,open_meteo_historical_weather_api,2026-06-11T10:40:28Z
7,Dubai,2024-02-28,3,19.7,23.0,14.6,19.8,0.0,0.0,0.0,22.2,False,open_meteo_historical_weather_api,2026-06-11T10:40:28Z
7,Dubai,2024-02-29,3,21.1,23.9,18.6,19.1,0.0,0.0,0.0,36.9,False,open_meteo_historical_weather_api,2026-06-11T10:40:28Z
7,Dubai,2024-03-01,2,19.3,22.0,16.7,15.8,0.0,0.0,0.0,32.8,False,open_meteo_historical_weather_api,2026-06-11T10:40:28Z
7,Dubai,2024-03-02,3,18.5,23.6,14.0,15.7,0.0,0.0,0.0,24.2,False,open_meteo_historical_weather_api,2026-06-11T10:40:28Z
7,Dubai,2024-03-03,1,18.1,24.0,12.3,15.9,0.0,0.0,0.0,23.0,False,open_meteo_historical_weather_api,2026-06-11T10:40:28Z
7,Dubai,2024-03-04,51,21.1,28.0,15.2,19.2,0.2,0.2,2.0,27.9,True,open_meteo_historical_weather_api,2026-06-11T10:40:28Z
7,Dubai,2024-03-05,61,21.3,24.1,19.0,21.4,5.3,5.3,12.0,29.0,True,open_meteo_historical_weather_api,2026-06-11T10:40:28Z
7,Dubai,2024-03-06,1,20.1,22.6,17.3,20.6,0.0,0.0,0.0,19.2,False,open_meteo_historical_weather_api,2026-06-11T10:40:28Z
7,Dubai,2024-03-07,3,19.4,23.0,15.3,20.0,0.0,0.0,0.0,12.6,False,open_meteo_historical_weather_api,2026-06-11T10:40:28Z
7,Dubai,2024-03-08,3,22.8,29.5,17.2,23.9,0.0,0.0,0.0,23.2,False,open_meteo_historical_weather_api,2026-06-11T10:40:28Z
7,Dubai,2024-03-09,65,20.9,24.2,19.0,21.8,37.2,37.2,15.0,27.1,True,open_meteo_historical_weather_api,2026-06-11T10:40:28Z
7,Dubai,2024-03-10,0,19.9,23.0,16.9,21.3,0.0,0.0,0.0,14.4,False,open_meteo_historical_weather_api,2026-06-11T10:40:28Z
7,Dubai,2024-03-11,3,19.4,26.8,14.1,20.8,0.0,0.0,0.0,16.6,False,open_meteo_historical_weather_api,2026-06-11T10:40:28Z
7,Dubai,2024-03-12,3,21.3,24.0,17.8,20.3,0.0,0.0,0.0,31.2,False,open_meteo_historical_weather_api,2026-06-11T10:40:28Z
7,Dubai,2024-03-13,0,20.2,26.0,15.6,21.6,0.0,0.0,0.0,16.9,False,open_meteo_historical_weather_api,2026-06-11T10:40:28Z
7,Dubai,2024-03-14,3,21.9,28.8,16.3,23.2,0.0,0.0,0.0,14.7,False,open_meteo_historical_weather_api,2026-06-11T10:40:28Z
7,Dubai,2024-03-15,3,21.5,26.9,17.4,22.9,0.0,0.0,0.0,24.3,False,open_meteo_historical_weather_api,2026-06-11T10:40:28Z
7,Dubai,2024-03-16,1,22.8,28.5,17.5,24.5,0.0,0.0,0.0,15.6,False,open_meteo_historical_weather_api,2026-06-11T10:40:28Z
7,Dubai,2024-03-17,3,24.0,29.1,19.4,26.1,0.0,0.0,0.0,15.6,False,open_meteo_historical_weather_api,2026-06-11T10:40:28Z
7,Dubai,2024-03-18,3,23.6,27.9,19.8,25.8,0.0,0.0,0.0,22.4,False,open_meteo_historical_weather_api,2026-06-11T10:40:28Z
7,Dubai,2024-03-19,3,24.4,30.4,18.6,26.8,0.0,0.0,0.0,16.9,False,open_meteo_historical_weather_api,2026-06-11T10:40:28Z
7,Dubai,2024-03-20,3,26.4,32.2,22.8,27.2,0.0,0.0,0.0,30.7,False,open_meteo_historical_weather_api,2026-06-11T10:40:28Z
7,Dubai,2024-03-21,1,23.7,26.4,20.0,25.6,0.0,0.0,0.0,20.9,False,open_meteo_historical_weather_api,2026-06-11T10:40:28Z
7,Dubai,2024-03-22,3,21.9,25.8,17.4,23.6,0.0,0.0,0.0,20.3,False,open_meteo_historical_weather_api,2026-06-11T10:40:28Z
7,Dubai,2024-03-23,53,25.7,31.9,21.2,27.6,1.0,1.0,2.0,17.4,True,open_meteo_historical_weather_api,2026-06-11T10:40:28Z
7,Dubai,2024-03-24,51,27.0,33.3,22.4,28.0,0.3,0.3,2.0,24.9,True,open_meteo_historical_weather_api,2026-06-11T10:40:28Z
7,Dubai,2024-03-25,3,28.0,32.2,25.3,27.9,0.0,0.0,0.0,35.3,False,open_meteo_historical_weather_api,2026-06-11T10:40:28Z
7,Dubai,2024-03-26,3,23.4,25.4,21.3,22.3,0.0,0.0,0.0,33.8,False,open_meteo_historical_weather_api,2026-06-11T10:40:28Z
7,Dubai,2024-03-27,3,21.9,24.5,20.4,19.7,0.0,0.0,0.0,33.8,False,open_meteo_historical_weather_api,2026-06-11T10:40:28Z
7,Dubai,2024-03-28,3,22.6,26.0,18.6,21.4,0.0,0.0,0.0,36.0,False,open_meteo_historical_weather_api,2026-06-11T10:40:28Z
7,Dubai,2024-03-29,1,23.4,26.0,21.2,22.1,0.0,0.0,0.0,29.9,False,open_meteo_historical_weather_api,2026-06-11T10:40:28Z
7,Dubai,2024-03-30,3,22.3,26.4,17.7,23.6,0.0,0.0,0.0,26.7,False,open_meteo_historical_weather_api,2026-06-11T10:40:28Z
7,Dubai,2024-03-31,51,23.5,27.5,20.9,25.3,0.1,0.1,1.0,22.0,True,open_meteo_historical_weather_api,2026-06-11T10:40:28Z
7,Dubai,2024-04-01,3,22.4,26.4,18.4,22.5,0.0,0.0,0.0,24.1,False,open_meteo_historical_weather_api,2026-06-11T10:40:28Z
7,Dubai,2024-04-02,3,23.3,27.4,19.4,23.1,0.0,0.0,0.0,22.7,False,open_meteo_historical_weather_api,2026-06-11T10:40:28Z
7,Dubai,2024-04-03,3,23.8,28.9,18.7,23.2,0.0,0.0,0.0,21.7,False,open_meteo_historical_weather_api,2026-06-11T10:40:28Z
7,Dubai,2024-04-04,3,23.9,28.9,19.1,23.0,0.0,0.0,0.0,24.1,False,open_meteo_historical_weather_api,2026-06-11T10:40:28Z
7,Dubai,2024-04-05,0,23.0,28.0,18.2,23.4,0.0,0.0,0.0,20.4,False,open_meteo_historical_weather_api,2026-06-11T10:40:28Z
7,Dubai,2024-04-06,0,23.2,28.1,18.0,23.3,0.0,0.0,0.0,20.1,False,open_meteo_historical_weather_api,2026-06-11T10:40:28Z
7,Dubai,2024-04-07,3,23.2,28.6,17.5,23.4,0.0,0.0,0.0,21.6,False,open_meteo_historical_weather_api,2026-06-11T10:40:28Z
7,Dubai,2024-04-08,3,25.5,31.1,19.7,26.2,0.0,0.0,0.0,19.8,False,open_meteo_historical_weather_api,2026-06-11T10:40:28Z
7,Dubai,2024-04-09,3,26.7,29.8,24.1,28.0,0.0,0.0,0.0,16.5,False,open_meteo_historical_weather_api,2026-06-11T10:40:28Z
7,Dubai,2024-04-10,3,27.3,30.7,24.0,28.6,0.0,0.0,0.0,19.8,False,open_meteo_historical_weather_api,2026-06-11T10:40:28Z
7,Dubai,2024-04-11,3,27.1,31.4,23.4,28.9,0.0,0.0,0.0,24.9,False,open_meteo_historical_weather_api,2026-06-11T10:40:28Z
7,Dubai,2024-04-12,3,26.9,29.5,24.8,28.9,0.0,0.0,0.0,20.6,False,open_meteo_historical_weather_api,2026-06-11T10:40:28Z
7,Dubai,2024-04-13,61,26.3,30.5,23.2,26.1,4.4,4.4,5.0,28.1,True,open_meteo_historical_weather_api,2026-06-11T10:40:28Z
7,Dubai,2024-04-14,1,25.3,28.4,21.6,25.7,0.0,0.0,0.0,24.9,False,open_meteo_historical_weather_api,2026-06-11T10:40:28Z
7,Dubai,2024-04-15,3,25.8,31.9,19.5,25.8,0.0,0.0,0.0,33.7,False,open_meteo_historical_weather_api,2026-06-11T10:40:28Z
7,Dubai,2024-04-16,65,23.7,27.4,21.2,24.5,113.0,113.0,19.0,34.5,True,open_meteo_historical_weather_api,2026-06-11T10:40:28Z
7,Dubai,2024-04-17,51,23.3,25.2,21.4,24.4,1.2,1.2,7.0,31.6,True,open_meteo_historical_weather_api,2026-06-11T10:40:28Z
7,Dubai,2024-04-18,0,23.4,27.0,20.0,25.2,0.0,0.0,0.0,18.4,False,open_meteo_historical_weather_api,2026-06-11T10:40:28Z
7,Dubai,2024-04-19,0,23.0,27.9,18.4,25.2,0.0,0.0,0.0,15.0,False,open_meteo_historical_weather_api,2026-06-11T10:40:28Z
7,Dubai,2024-04-20,0,22.8,27.2,17.7,25.2,0.0,0.0,0.0,16.9,False,open_meteo_historical_weather_api,2026-06-11T10:40:28Z
7,Dubai,2024-04-21,2,23.4,28.1,18.5,26.7,0.0,0.0,0.0,16.5,False,open_meteo_historical_weather_api,2026-06-11T10:40:28Z
7,Dubai,2024-04-22,0,25.3,31.3,19.3,28.1,0.0,0.0,0.0,14.5,False,open_meteo_historical_weather_api,2026-06-11T10:40:28Z
7,Dubai,2024-04-23,1,27.5,34.7,22.1,29.2,0.0,0.0,0.0,25.7,False,open_meteo_historical_weather_api,2026-06-11T10:40:28Z
7,Dubai,2024-04-24,0,25.5,29.2,22.4,27.2,0.0,0.0,0.0,23.5,False,open_meteo_historical_weather_api,2026-06-11T10:40:28Z
7,Dubai,2024-04-25,0,25.4,31.4,19.1,24.7,0.0,0.0,0.0,30.1,False,open_meteo_historical_weather_api,2026-06-11T10:40:28Z
7,Dubai,2024-04-26,0,26.4,30.6,21.8,26.7,0.0,0.0,0.0,29.7,False,open_meteo_historical_weather_api,2026-06-11T10:40:28Z
7,Dubai,2024-04-27,3,27.5,33.5,22.0,29.1,0.0,0.0,0.0,30.4,False,open_meteo_historical_weather_api,2026-06-11T10:40:28Z
7,Dubai,2024-04-28,3,29.9,36.5,22.6,29.4,0.0,0.0,0.0,31.6,False,open_meteo_historical_weather_api,2026-06-11T10:40:28Z
7,Dubai,2024-04-29,3,31.4,37.2,25.4,31.8,0.0,0.0,0.0,24.9,False,open_meteo_historical_weather_api,2026-06-11T10:40:28Z
7,Dubai,2024-04-30,1,30.7,36.2,25.5,32.9,0.0,0.0,0.0,22.1,False,open_meteo_historical_weather_api,2026-06-11T10:40:28Z
7,Dubai,2024-05-01,3,31.0,37.1,26.5,32.4,0.0,0.0,0.0,31.1,False,open_meteo_historical_weather_api,2026-06-11T10:40:28Z
7,Dubai,2024-05-02,63,26.0,31.1,23.8,27.8,14.5,14.5,11.0,33.5,True,open_meteo_historical_weather_api,2026-06-11T10:40:28Z
7,Dubai,2024-05-03,1,25.7,30.0,22.4,28.8,0.0,0.0,0.0,16.6,False,open_meteo_historical_weather_api,2026-06-11T10:40:28Z
7,Dubai,2024-05-04,0,27.6,33.8,21.6,30.3,0.0,0.0,0.0,27.5,False,open_meteo_historical_weather_api,2026-06-11T10:40:28Z
7,Dubai,2024-05-05,3,28.8,34.0,23.0,31.6,0.0,0.0,0.0,14.7,False,open_meteo_historical_weather_api,2026-06-11T10:40:28Z
7,Dubai,2024-05-06,1,28.8,34.9,24.0,31.3,0.0,0.0,0.0,19.4,False,open_meteo_historical_weather_api,2026-06-11T10:40:28Z
7,Dubai,2024-05-07,0,30.1,38.7,23.7,31.4,0.0,0.0,0.0,26.2,False,open_meteo_historical_weather_api,2026-06-11T10:40:28Z
7,Dubai,2024-05-08,0,30.5,37.0,25.1,32.6,0.0,0.0,0.0,23.4,False,open_meteo_historical_weather_api,2026-06-11T10:40:28Z
7,Dubai,2024-05-09,0,30.2,34.8,26.0,32.8,0.0,0.0,0.0,25.2,False,open_meteo_historical_weather_api,2026-06-11T10:40:28Z
7,Dubai,2024-05-10,0,28.0,31.0,25.2,29.6,0.0,0.0,0.0,24.4,False,open_meteo_historical_weather_api,2026-06-11T10:40:28Z
7,Dubai,2024-05-11,1,27.3,32.2,22.0,30.7,0.0,0.0,0.0,22.0,False,open_meteo_historical_weather_api,2026-06-11T10:40:28Z
7,Dubai,2024-05-12,3,29.0,36.0,22.0,32.2,0.0,0.0,0.0,24.5,False,open_meteo_historical_weather_api,2026-06-11T10:40:28Z
7,Dubai,2024-05-13,0,31.9,40.2,24.4,32.5,0.0,0.0,0.0,27.1,False,open_meteo_historical_weather_api,2026-06-11T10:40:28Z
7,Dubai,2024-05-14,0,33.1,41.2,27.0,33.0,0.0,0.0,0.0,27.2,False,open_meteo_historical_weather_api,2026-06-11T10:40:28Z
7,Dubai,2024-05-15,0,33.4,39.8,28.7,33.0,0.0,0.0,0.0,31.1,False,open_meteo_historical_weather_api,2026-06-11T10:40:28Z
7,Dubai,2024-05-16,0,32.8,40.2,27.6,32.8,0.0,0.0,0.0,31.3,False,open_meteo_historical_weather_api,2026-06-11T10:40:28Z
7,Dubai,2024-05-17,0,32.2,39.3,26.6,33.3,0.0,0.0,0.0,27.5,False,open_meteo_historical_weather_api,2026-06-11T10:40:28Z
7,Dubai,2024-05-18,0,31.7,36.8,26.8,33.5,0.0,0.0,0.0,19.7,False,open_meteo_historical_weather_api,2026-06-11T10:40:28Z
7,Dubai,2024-05-19,0,30.1,33.2,27.0,33.1,0.0,0.0,0.0,26.7,False,open_meteo_historical_weather_api,2026-06-11T10:40:28Z
7,Dubai,2024-05-20,1,29.5,35.0,25.2,32.3,0.0,0.0,0.0,28.9,False,open_meteo_historical_weather_api,2026-06-11T10:40:28Z
7,Dubai,2024-05-21,0,29.0,33.0,24.7,33.0,0.0,0.0,0.0,19.1,False,open_meteo_historical_weather_api,2026-06-11T10:40:28Z
7,Dubai,2024-05-22,0,30.2,35.3,24.6,33.1,0.0,0.0,0.0,18.9,False,open_meteo_historical_weather_api,2026-06-11T10:40:28Z
7,Dubai,2024-05-23,0,31.8,38.0,25.9,32.3,0.0,0.0,0.0,24.9,False,open_meteo_historical_weather_api,2026-06-11T10:40:28Z
7,Dubai,2024-05-24,0,32.2,35.6,29.4,34.7,0.0,0.0,0.0,30.7,False,open_meteo_historical_weather_api,2026-06-11T10:40:28Z
7,Dubai,2024-05-25,0,31.5,36.2,27.6,35.3,0.0,0.0,0.0,21.9,False,open_meteo_historical_weather_api,2026-06-11T10:40:28Z
7,Dubai,2024-05-26,0,31.3,37.5,24.9,35.9,0.0,0.0,0.0,18.1,False,open_meteo_historical_weather_api,2026-06-11T10:40:28Z
7,Dubai,2024-05-27,0,32.9,38.4,26.8,36.2,0.0,0.0,0.0,20.6,False,open_meteo_historical_weather_api,2026-06-11T10:40:28Z
7,Dubai,2024-05-28,0,32.3,38.0,28.4,35.4,0.0,0.0,0.0,26.1,False,open_meteo_historical_weather_api,2026-06-11T10:40:28Z
7,Dubai,2024-05-29,3,30.9,37.5,24.9,35.6,0.0,0.0,0.0,19.1,False,open_meteo_historical_weather_api,2026-06-11T10:40:28Z
7,Dubai,2024-05-30,0,31.7,36.9,26.2,37.2,0.0,0.0,0.0,17.6,False,open_meteo_historical_weather_api,2026-06-11T10:40:28Z
7,Dubai,2024-05-31,0,33.0,39.3,28.2,38.9,0.0,0.0,0.0,21.5,False,open_meteo_historical_weather_api,2026-06-11T10:40:28Z
7,Dubai,2024-06-01,0,34.2,41.8,27.8,37.5,0.0,0.0,0.0,17.1,False,open_meteo_historical_weather_api,2026-06-11T10:40:28Z
7,Dubai,2024-06-02,0,33.1,38.0,28.0,37.3,0.0,0.0,0.0,19.6,False,open_meteo_historical_weather_api,2026-06-11T10:40:28Z
7,Dubai,2024-06-03,0,33.1,38.6,28.8,37.5,0.0,0.0,0.0,21.9,False,open_meteo_historical_weather_api,2026-06-11T10:40:28Z
7,Dubai,2024-06-04,0,32.3,36.1,27.6,37.2,0.0,0.0,0.0,21.1,False,open_meteo_historical_weather_api,2026-06-11T10:40:28Z
7,Dubai,2024-06-05,0,31.8,36.0,28.1,36.6,0.0,0.0,0.0,22.7,False,open_meteo_historical_weather_api,2026-06-11T10:40:28Z
7,Dubai,2024-06-06,0,31.2,35.7,25.7,34.8,0.0,0.0,0.0,20.2,False,open_meteo_historical_weather_api,2026-06-11T10:40:28Z
7,Dubai,2024-06-07,0,31.4,38.3,24.6,34.5,0.0,0.0,0.0,28.2,False,open_meteo_historical_weather_api,2026-06-11T10:40:28Z
7,Dubai,2024-06-08,0,33.7,39.6,26.2,36.5,0.0,0.0,0.0,27.4,False,open_meteo_historical_weather_api,2026-06-11T10:40:28Z
7,Dubai,2024-06-09,0,35.6,42.0,30.3,38.5,0.0,0.0,0.0,27.6,False,open_meteo_historical_weather_api,2026-06-11T10:40:28Z
7,Dubai,2024-06-10,0,35.3,40.5,31.4,37.7,0.0,0.0,0.0,23.0,False,open_meteo_historical_weather_api,2026-06-11T10:40:28Z
7,Dubai,2024-06-11,0,34.6,41.7,29.0,36.6,0.0,0.0,0.0,28.8,False,open_meteo_historical_weather_api,2026-06-11T10:40:28Z
7,Dubai,2024-06-12,0,34.0,39.6,28.5,36.5,0.0,0.0,0.0,27.1,False,open_meteo_historical_weather_api,2026-06-11T10:40:28Z
7,Dubai,2024-06-13,0,34.7,38.2,30.1,37.0,0.0,0.0,0.0,23.6,False,open_meteo_historical_weather_api,2026-06-11T10:40:28Z
7,Dubai,2024-06-14,0,33.8,36.9,30.3,36.9,0.0,0.0,0.0,27.1,False,open_meteo_historical_weather_api,2026-06-11T10:40:28Z
7,Dubai,2024-06-15,0,33.5,39.6,26.7,34.3,0.0,0.0,0.0,16.5,False,open_meteo_historical_weather_api,2026-06-11T10:40:28Z
7,Dubai,2024-06-16,0,34.3,41.2,27.9,35.1,0.0,0.0,0.0,25.9,False,open_meteo_historical_weather_api,2026-06-11T10:40:28Z
7,Dubai,2024-06-17,0,34.7,42.7,28.2,38.9,0.0,0.0,0.0,23.9,False,open_meteo_historical_weather_api,2026-06-11T10:40:28Z
7,Dubai,2024-06-18,3,34.7,41.0,29.5,38.2,0.0,0.0,0.0,23.6,False,open_meteo_historical_weather_api,2026-06-11T10:40:28Z
7,Dubai,2024-06-19,3,34.9,39.8,29.5,39.4,0.0,0.0,0.0,30.2,False,open_meteo_historical_weather_api,2026-06-11T10:40:28Z
7,Dubai,2024-06-20,3,35.3,40.1,31.1,38.9,0.0,0.0,0.0,20.8,False,open_meteo_historical_weather_api,2026-06-11T10:40:28Z
7,Dubai,2024-06-21,3,35.0,40.5,30.7,39.7,0.0,0.0,0.0,23.1,False,open_meteo_historical_weather_api,2026-06-11T10:40:28Z
7,Dubai,2024-06-22,3,35.0,43.1,29.9,41.7,0.0,0.0,0.0,24.4,False,open_meteo_historical_weather_api,2026-06-11T10:40:28Z
7,Dubai,2024-06-23,0,35.6,43.3,29.0,41.4,0.0,0.0,0.0,19.9,False,open_meteo_historical_weather_api,2026-06-11T10:40:28Z
7,Dubai,2024-06-24,3,35.9,45.0,30.0,40.8,0.0,0.0,0.0,23.7,False,open_meteo_historical_weather_api,2026-06-11T10:40:28Z
7,Dubai,2024-06-25,0,35.4,40.9,29.2,39.7,0.0,0.0,0.0,20.1,False,open_meteo_historical_weather_api,2026-06-11T10:40:28Z
7,Dubai,2024-06-26,1,35.1,40.5,29.9,40.4,0.0,0.0,0.0,19.6,False,open_meteo_historical_weather_api,2026-06-11T10:40:28Z
7,Dubai,2024-06-27,3,34.3,38.2,30.0,37.6,0.0,0.0,0.0,19.0,False,open_meteo_historical_weather_api,2026-06-11T10:40:28Z
7,Dubai,2024-06-28,3,33.7,38.0,29.1,39.0,0.0,0.0,0.0,21.7,False,open_meteo_historical_weather_api,2026-06-11T10:40:28Z
7,Dubai,2024-06-29,3,33.8,38.6,30.2,40.5,0.0,0.0,0.0,27.9,False,open_meteo_historical_weather_api,2026-06-11T10:40:28Z
7,Dubai,2024-06-30,3,33.2,37.6,28.9,38.4,0.0,0.0,0.0,23.0,False,open_meteo_historical_weather_api,2026-06-11T10:40:28Z
7,Dubai,2024-07-01,3,33.7,37.4,29.5,37.6,0.0,0.0,0.0,23.9,False,open_meteo_historical_weather_api,2026-06-11T10:40:28Z
7,Dubai,2024-07-02,3,35.0,40.6,29.9,37.5,0.0,0.0,0.0,21.1,False,open_meteo_historical_weather_api,2026-06-11T10:40:28Z
7,Dubai,2024-07-03,0,34.5,40.8,29.0,39.9,0.0,0.0,0.0,26.0,False,open_meteo_historical_weather_api,2026-06-11T10:40:28Z
7,Dubai,2024-07-04,0,35.3,38.2,32.4,39.0,0.0,0.0,0.0,30.9,False,open_meteo_historical_weather_api,2026-06-11T10:40:28Z
7,Dubai,2024-07-05,3,34.6,39.0,30.7,38.0,0.0,0.0,0.0,23.0,False,open_meteo_historical_weather_api,2026-06-11T10:40:28Z
7,Dubai,2024-07-06,3,34.2,38.0,30.4,38.9,0.0,0.0,0.0,20.6,False,open_meteo_historical_weather_api,2026-06-11T10:40:28Z
7,Dubai,2024-07-07,0,35.0,42.4,29.5,39.1,0.0,0.0,0.0,20.6,False,open_meteo_historical_weather_api,2026-06-11T10:40:28Z
7,Dubai,2024-07-08,3,35.0,41.2,30.0,40.1,0.0,0.0,0.0,24.0,False,open_meteo_historical_weather_api,2026-06-11T10:40:28Z
7,Dubai,2024-07-09,3,38.3,46.2,32.2,42.0,0.0,0.0,0.0,25.5,False,open_meteo_historical_weather_api,2026-06-11T10:40:28Z
7,Dubai,2024-07-10,3,37.5,42.5,32.8,40.2,0.0,0.0,0.0,24.0,False,open_meteo_historical_weather_api,2026-06-11T10:40:28Z
7,Dubai,2024-07-11,3,37.1,42.7,33.7,42.0,0.0,0.0,0.0,28.0,False,open_meteo_historical_weather_api,2026-06-11T10:40:28Z
7,Dubai,2024-07-12,3,35.7,42.0,31.4,41.5,0.0,0.0,0.0,28.1,False,open_meteo_historical_weather_api,2026-06-11T10:40:28Z
7,Dubai,2024-07-13,3,35.3,41.2,30.4,40.1,0.0,0.0,0.0,19.8,False,open_meteo_historical_weather_api,2026-06-11T10:40:28Z
7,Dubai,2024-07-14,0,34.8,40.7,30.2,39.4,0.0,0.0,0.0,21.8,False,open_meteo_historical_weather_api,2026-06-11T10:40:28Z
7,Dubai,2024-07-15,3,34.4,38.8,30.6,42.1,0.0,0.0,0.0,21.1,False,open_meteo_historical_weather_api,2026-06-11T10:40:28Z
7,Dubai,2024-07-16,3,37.7,45.7,32.5,43.0,0.0,0.0,0.0,30.8,False,open_meteo_historical_weather_api,2026-06-11T10:40:28Z
7,Dubai,2024-07-17,3,36.3,42.9,32.9,42.6,0.0,0.0,0.0,25.9,False,open_meteo_historical_weather_api,2026-06-11T10:40:28Z
7,Dubai,2024-07-18,3,35.8,40.2,33.0,41.0,0.0,0.0,0.0,24.8,False,open_meteo_historical_weather_api,2026-06-11T10:40:28Z
7,Dubai,2024-07-19,3,34.8,38.2,32.0,42.4,0.0,0.0,0.0,21.7,False,open_meteo_historical_weather_api,2026-06-11T10:40:28Z
7,Dubai,2024-07-20,3,34.4,37.8,30.4,43.1,0.0,0.0,0.0,23.8,False,open_meteo_historical_weather_api,2026-06-11T10:40:28Z
7,Dubai,2024-07-21,3,35.8,40.9,33.1,44.1,0.0,0.0,0.0,27.9,False,open_meteo_historical_weather_api,2026-06-11T10:40:28Z
7,Dubai,2024-07-22,3,34.9,39.0,31.9,43.7,0.0,0.0,0.0,25.0,False,open_meteo_historical_weather_api,2026-06-11T10:40:28Z
7,Dubai,2024-07-23,3,34.6,38.0,31.5,41.9,0.0,0.0,0.0,20.1,False,open_meteo_historical_weather_api,2026-06-11T10:40:28Z
7,Dubai,2024-07-24,3,35.3,39.3,31.2,40.3,0.0,0.0,0.0,23.4,False,open_meteo_historical_weather_api,2026-06-11T10:40:28Z
7,Dubai,2024-07-25,3,35.4,39.5,30.8,39.0,0.0,0.0,0.0,22.7,False,open_meteo_historical_weather_api,2026-06-11T10:40:28Z
7,Dubai,2024-07-26,3,35.7,40.0,31.2,41.0,0.0,0.0,0.0,20.3,False,open_meteo_historical_weather_api,2026-06-11T10:40:28Z
7,Dubai,2024-07-27,3,35.7,39.5,31.5,39.5,0.0,0.0,0.0,25.2,False,open_meteo_historical_weather_api,2026-06-11T10:40:28Z
7,Dubai,2024-07-28,3,36.0,38.8,33.2,40.6,0.0,0.0,0.0,30.6,False,open_meteo_historical_weather_api,2026-06-11T10:40:28Z
7,Dubai,2024-07-29,3,35.3,39.4,31.7,40.4,0.0,0.0,0.0,22.3,False,open_meteo_historical_weather_api,2026-06-11T10:40:28Z
7,Dubai,2024-07-30,3,37.7,44.8,31.4,42.2,0.0,0.0,0.0,27.9,False,open_meteo_historical_weather_api,2026-06-11T10:40:28Z
7,Dubai,2024-07-31,3,37.8,42.8,33.1,41.5,0.0,0.0,0.0,24.0,False,open_meteo_historical_weather_api,2026-06-11T10:40:28Z
7,Dubai,2024-08-01,3,37.6,42.5,34.4,42.3,0.0,0.0,0.0,27.3,False,open_meteo_historical_weather_api,2026-06-11T10:40:28Z
7,Dubai,2024-08-02,3,35.5,39.3,32.5,42.4,0.0,0.0,0.0,21.0,False,open_meteo_historical_weather_api,2026-06-11T10:40:28Z
7,Dubai,2024-08-03,3,35.5,41.0,32.8,43.0,0.0,0.0,0.0,22.5,False,open_meteo_historical_weather_api,2026-06-11T10:40:28Z
7,Dubai,2024-08-04,3,34.5,37.7,32.3,41.5,0.0,0.0,0.0,19.8,False,open_meteo_historical_weather_api,2026-06-11T10:40:28Z
7,Dubai,2024-08-05,3,35.9,42.0,31.4,40.9,0.0,0.0,0.0,38.8,False,open_meteo_historical_weather_api,2026-06-11T10:40:28Z
7,Dubai,2024-08-06,3,34.7,37.3,31.5,37.8,0.0,0.0,0.0,22.7,False,open_meteo_historical_weather_api,2026-06-11T10:40:28Z
7,Dubai,2024-08-07,3,36.0,40.9,33.0,41.1,0.0,0.0,0.0,26.7,False,open_meteo_historical_weather_api,2026-06-11T10:40:28Z
7,Dubai,2024-08-08,1,36.5,42.1,32.2,40.7,0.0,0.0,0.0,29.5,False,open_meteo_historical_weather_api,2026-06-11T10:40:28Z
7,Dubai,2024-08-09,3,36.2,43.0,31.6,38.6,0.0,0.0,0.0,31.2,False,open_meteo_historical_weather_api,2026-06-11T10:40:28Z
7,Dubai,2024-08-10,3,36.0,42.0,30.6,38.6,0.0,0.0,0.0,27.8,False,open_meteo_historical_weather_api,2026-06-11T10:40:28Z
7,Dubai,2024-08-11,3,35.7,40.9,30.8,39.7,0.0,0.0,0.0,21.7,False,open_meteo_historical_weather_api,2026-06-11T10:40:28Z
7,Dubai,2024-08-12,3,36.3,41.5,32.5,41.7,0.0,0.0,0.0,24.6,False,open_meteo_historical_weather_api,2026-06-11T10:40:28Z
7,Dubai,2024-08-13,3,36.9,42.8,32.5,41.5,0.0,0.0,0.0,24.9,False,open_meteo_historical_weather_api,2026-06-11T10:40:28Z
7,Dubai,2024-08-14,0,37.2,42.7,32.2,41.6,0.0,0.0,0.0,24.3,False,open_meteo_historical_weather_api,2026-06-11T10:40:28Z
7,Dubai,2024-08-15,3,36.4,42.2,32.6,41.5,0.0,0.0,0.0,23.6,False,open_meteo_historical_weather_api,2026-06-11T10:40:28Z
7,Dubai,2024-08-16,3,34.6,38.2,31.2,41.0,0.0,0.0,0.0,20.2,False,open_meteo_historical_weather_api,2026-06-11T10:40:28Z
7,Dubai,2024-08-17,3,36.3,43.6,31.1,39.9,0.0,0.0,0.0,28.9,False,open_meteo_historical_weather_api,2026-06-11T10:40:28Z
7,Dubai,2024-08-18,3,35.4,42.3,31.0,38.1,0.0,0.0,0.0,33.8,False,open_meteo_historical_weather_api,2026-06-11T10:40:28Z
7,Dubai,2024-08-19,3,35.8,40.8,31.5,39.6,0.0,0.0,0.0,25.9,False,open_meteo_historical_weather_api,2026-06-11T10:40:28Z
7,Dubai,2024-08-20,3,35.2,40.0,31.1,38.7,0.0,0.0,0.0,27.1,False,open_meteo_historical_weather_api,2026-06-11T10:40:28Z
7,Dubai,2024-08-21,3,34.5,39.5,30.3,37.7,0.0,0.0,0.0,25.1,False,open_meteo_historical_weather_api,2026-06-11T10:40:28Z
7,Dubai,2024-08-22,2,34.2,38.0,30.9,38.0,0.0,0.0,0.0,23.1,False,open_meteo_historical_weather_api,2026-06-11T10:40:28Z
7,Dubai,2024-08-23,0,34.6,38.9,31.1,40.0,0.0,0.0,0.0,22.4,False,open_meteo_historical_weather_api,2026-06-11T10:40:28Z
7,Dubai,2024-08-24,1,35.2,39.8,31.0,40.7,0.0,0.0,0.0,20.8,False,open_meteo_historical_weather_api,2026-06-11T10:40:28Z
7,Dubai,2024-08-25,0,35.4,42.0,31.9,40.7,0.0,0.0,0.0,26.3,False,open_meteo_historical_weather_api,2026-06-11T10:40:28Z
7,Dubai,2024-08-26,3,33.8,37.1,30.0,40.1,0.0,0.0,0.0,19.6,False,open_meteo_historical_weather_api,2026-06-11T10:40:28Z
7,Dubai,2024-08-27,3,33.8,40.4,30.0,41.3,0.0,0.0,0.0,25.2,False,open_meteo_historical_weather_api,2026-06-11T10:40:28Z
7,Dubai,2024-08-28,1,34.6,43.4,30.0,41.6,0.0,0.0,0.0,29.1,False,open_meteo_historical_weather_api,2026-06-11T10:40:28Z
7,Dubai,2024-08-29,3,34.4,40.6,29.4,40.5,0.0,0.0,0.0,20.5,False,open_meteo_historical_weather_api,2026-06-11T10:40:28Z
7,Dubai,2024-08-30,3,34.0,38.9,30.0,42.4,0.0,0.0,0.0,21.1,False,open_meteo_historical_weather_api,2026-06-11T10:40:28Z
7,Dubai,2024-08-31,3,36.9,43.7,30.3,38.8,0.0,0.0,0.0,34.0,False,open_meteo_historical_weather_api,2026-06-11T10:40:28Z
7,Dubai,2024-09-01,3,34.7,41.7,29.9,37.3,0.0,0.0,0.0,30.0,False,open_meteo_historical_weather_api,2026-06-11T10:40:28Z
7,Dubai,2024-09-02,3,34.4,41.5,29.2,37.5,0.0,0.0,0.0,27.9,False,open_meteo_historical_weather_api,2026-06-11T10:40:28Z
7,Dubai,2024-09-03,0,34.8,42.5,30.0,38.2,0.0,0.0,0.0,27.6,False,open_meteo_historical_weather_api,2026-06-11T10:40:28Z
7,Dubai,2024-09-04,0,34.1,41.1,29.3,37.0,0.0,0.0,0.0,28.9,False,open_meteo_historical_weather_api,2026-06-11T10:40:28Z
7,Dubai,2024-09-05,0,33.6,40.5,29.2,37.9,0.0,0.0,0.0,30.2,False,open_meteo_historical_weather_api,2026-06-11T10:40:28Z
7,Dubai,2024-09-06,0,31.6,35.5,27.1,37.2,0.0,0.0,0.0,19.1,False,open_meteo_historical_weather_api,2026-06-11T10:40:28Z
7,Dubai,2024-09-07,1,32.7,38.4,27.6,38.0,0.0,0.0,0.0,23.2,False,open_meteo_historical_weather_api,2026-06-11T10:40:28Z
7,Dubai,2024-09-08,1,34.3,42.0,28.6,38.7,0.0,0.0,0.0,24.0,False,open_meteo_historical_weather_api,2026-06-11T10:40:28Z
7,Dubai,2024-09-09,0,33.3,38.7,28.0,38.2,0.0,0.0,0.0,20.1,False,open_meteo_historical_weather_api,2026-06-11T10:40:28Z
7,Dubai,2024-09-10,3,32.4,36.5,28.5,39.7,0.0,0.0,0.0,16.6,False,open_meteo_historical_weather_api,2026-06-11T10:40:28Z
7,Dubai,2024-09-11,0,33.4,41.5,28.2,37.9,0.0,0.0,0.0,28.0,False,open_meteo_historical_weather_api,2026-06-11T10:40:28Z
7,Dubai,2024-09-12,0,34.2,43.2,28.2,35.4,0.0,0.0,0.0,27.8,False,open_meteo_historical_weather_api,2026-06-11T10:40:28Z
7,Dubai,2024-09-13,0,33.3,40.5,28.1,35.4,0.0,0.0,0.0,23.3,False,open_meteo_historical_weather_api,2026-06-11T10:40:28Z
7,Dubai,2024-09-14,0,32.9,40.5,27.8,37.3,0.0,0.0,0.0,28.4,False,open_meteo_historical_weather_api,2026-06-11T10:40:28Z
7,Dubai,2024-09-15,0,33.1,39.3,28.3,37.6,0.0,0.0,0.0,17.2,False,open_meteo_historical_weather_api,2026-06-11T10:40:28Z
7,Dubai,2024-09-16,0,32.1,37.5,27.0,36.2,0.0,0.0,0.0,20.2,False,open_meteo_historical_weather_api,2026-06-11T10:40:28Z
7,Dubai,2024-09-17,0,31.5,36.4,26.5,35.7,0.0,0.0,0.0,24.1,False,open_meteo_historical_weather_api,2026-06-11T10:40:28Z
7,Dubai,2024-09-18,0,32.1,37.2,27.0,36.9,0.0,0.0,0.0,22.5,False,open_meteo_historical_weather_api,2026-06-11T10:40:28Z
7,Dubai,2024-09-19,0,32.2,35.8,28.4,37.2,0.0,0.0,0.0,24.7,False,open_meteo_historical_weather_api,2026-06-11T10:40:28Z
7,Dubai,2024-09-20,0,32.4,35.8,29.1,37.4,0.0,0.0,0.0,24.3,False,open_meteo_historical_weather_api,2026-06-11T10:40:28Z
7,Dubai,2024-09-21,1,32.4,36.0,28.2,37.7,0.0,0.0,0.0,19.9,False,open_meteo_historical_weather_api,2026-06-11T10:40:28Z
7,Dubai,2024-09-22,0,33.0,37.7,28.0,38.4,0.0,0.0,0.0,18.9,False,open_meteo_historical_weather_api,2026-06-11T10:40:28Z
7,Dubai,2024-09-23,0,33.2,39.9,27.5,36.4,0.0,0.0,0.0,20.9,False,open_meteo_historical_weather_api,2026-06-11T10:40:28Z
7,Dubai,2024-09-24,0,32.7,37.9,27.9,38.4,0.0,0.0,0.0,20.6,False,open_meteo_historical_weather_api,2026-06-11T10:40:28Z
7,Dubai,2024-09-25,1,32.4,37.9,27.9,38.9,0.0,0.0,0.0,21.7,False,open_meteo_historical_weather_api,2026-06-11T10:40:28Z
7,Dubai,2024-09-26,3,32.0,35.8,28.5,39.4,0.0,0.0,0.0,21.8,False,open_meteo_historical_weather_api,2026-06-11T10:40:28Z
7,Dubai,2024-09-27,3,31.3,35.9,27.3,38.0,0.0,0.0,0.0,18.0,False,open_meteo_historical_weather_api,2026-06-11T10:40:28Z
7,Dubai,2024-09-28,3,32.1,36.3,29.1,39.2,0.0,0.0,0.0,20.4,False,open_meteo_historical_weather_api,2026-06-11T10:40:28Z
7,Dubai,2024-09-29,1,33.0,38.5,28.8,37.6,0.0,0.0,0.0,24.9,False,open_meteo_historical_weather_api,2026-06-11T10:40:28Z
7,Dubai,2024-09-30,51,33.2,37.8,29.5,35.6,0.5,0.5,2.0,25.0,True,open_meteo_historical_weather_api,2026-06-11T10:40:28Z
7,Dubai,2024-10-01,1,32.4,36.4,28.5,35.9,0.0,0.0,0.0,23.8,False,open_meteo_historical_weather_api,2026-06-11T10:40:28Z
7,Dubai,2024-10-02,0,33.1,37.5,29.2,37.3,0.0,0.0,0.0,20.9,False,open_meteo_historical_weather_api,2026-06-11T10:40:28Z
7,Dubai,2024-10-03,0,32.6,36.3,28.2,37.5,0.0,0.0,0.0,22.3,False,open_meteo_historical_weather_api,2026-06-11T10:40:28Z
7,Dubai,2024-10-04,0,32.5,36.5,28.6,36.9,0.0,0.0,0.0,28.9,False,open_meteo_historical_weather_api,2026-06-11T10:40:28Z
7,Dubai,2024-10-05,0,32.4,35.2,29.5,35.1,0.0,0.0,0.0,21.8,False,open_meteo_historical_weather_api,2026-06-11T10:40:28Z
7,Dubai,2024-10-06,0,30.5,34.1,26.5,34.0,0.0,0.0,0.0,21.7,False,open_meteo_historical_weather_api,2026-06-11T10:40:28Z
7,Dubai,2024-10-07,3,32.3,37.1,27.6,34.7,0.0,0.0,0.0,25.4,False,open_meteo_historical_weather_api,2026-06-11T10:40:28Z
7,Dubai,2024-10-08,2,32.1,38.5,27.1,34.4,0.0,0.0,0.0,28.3,False,open_meteo_historical_weather_api,2026-06-11T10:40:28Z
7,Dubai,2024-10-09,1,31.2,36.7,26.0,33.7,0.0,0.0,0.0,24.6,False,open_meteo_historical_weather_api,2026-06-11T10:40:28Z
7,Dubai,2024-10-10,0,31.2,35.4,26.9,35.2,0.0,0.0,0.0,19.8,False,open_meteo_historical_weather_api,2026-06-11T10:40:28Z
7,Dubai,2024-10-11,0,31.5,36.0,26.7,35.4,0.0,0.0,0.0,18.1,False,open_meteo_historical_weather_api,2026-06-11T10:40:28Z
7,Dubai,2024-10-12,2,31.0,35.2,26.5,34.9,0.0,0.0,0.0,20.5,False,open_meteo_historical_weather_api,2026-06-11T10:40:28Z
7,Dubai,2024-10-13,0,30.6,34.7,26.0,33.5,0.0,0.0,0.0,15.2,False,open_meteo_historical_weather_api,2026-06-11T10:40:28Z
7,Dubai,2024-10-14,1,31.5,38.0,26.5,33.1,0.0,0.0,0.0,29.4,False,open_meteo_historical_weather_api,2026-06-11T10:40:28Z
7,Dubai,2024-10-15,51,31.0,38.2,26.4,32.4,0.2,0.2,1.0,23.3,True,open_meteo_historical_weather_api,2026-06-11T10:40:28Z
7,Dubai,2024-10-16,51,30.4,35.7,26.4,32.0,0.1,0.1,1.0,25.1,True,open_meteo_historical_weather_api,2026-06-11T10:40:28Z
7,Dubai,2024-10-17,3,30.1,33.3,26.8,33.2,0.0,0.0,0.0,24.4,False,open_meteo_historical_weather_api,2026-06-11T10:40:28Z
7,Dubai,2024-10-18,2,30.7,34.5,26.9,35.1,0.0,0.0,0.0,19.6,False,open_meteo_historical_weather_api,2026-06-11T10:40:28Z
7,Dubai,2024-10-19,0,31.4,36.2,27.5,36.1,0.0,0.0,0.0,21.2,False,open_meteo_historical_weather_api,2026-06-11T10:40:28Z
7,Dubai,2024-10-20,0,31.3,34.8,28.5,36.4,0.0,0.0,0.0,18.7,False,open_meteo_historical_weather_api,2026-06-11T10:40:28Z
7,Dubai,2024-10-21,0,31.1,37.0,27.2,36.0,0.0,0.0,0.0,26.0,False,open_meteo_historical_weather_api,2026-06-11T10:40:28Z
7,Dubai,2024-10-22,0,30.3,35.5,26.6,34.9,0.0,0.0,0.0,23.9,False,open_meteo_historical_weather_api,2026-06-11T10:40:28Z
7,Dubai,2024-10-23,1,30.4,37.4,25.1,34.0,0.0,0.0,0.0,22.4,False,open_meteo_historical_weather_api,2026-06-11T10:40:28Z
7,Dubai,2024-10-24,51,31.7,38.3,27.4,34.3,0.1,0.1,1.0,27.4,True,open_meteo_historical_weather_api,2026-06-11T10:40:28Z
7,Dubai,2024-10-25,3,30.5,34.3,26.5,33.5,0.0,0.0,0.0,20.8,False,open_meteo_historical_weather_api,2026-06-11T10:40:28Z
7,Dubai,2024-10-26,0,30.8,33.8,27.7,34.8,0.0,0.0,0.0,21.6,False,open_meteo_historical_weather_api,2026-06-11T10:40:28Z
7,Dubai,2024-10-27,0,30.1,33.2,26.1,33.4,0.0,0.0,0.0,24.2,False,open_meteo_historical_weather_api,2026-06-11T10:40:28Z
7,Dubai,2024-10-28,0,30.3,32.8,28.6,31.6,0.0,0.0,0.0,25.7,False,open_meteo_historical_weather_api,2026-06-11T10:40:28Z
7,Dubai,2024-10-29,0,29.5,32.8,25.9,30.5,0.0,0.0,0.0,28.7,False,open_meteo_historical_weather_api,2026-06-11T10:40:28Z
7,Dubai,2024-10-30,0,29.2,32.5,25.2,30.6,0.0,0.0,0.0,19.6,False,open_meteo_historical_weather_api,2026-06-11T10:40:28Z
7,Dubai,2024-10-31,3,28.4,33.4,23.6,30.8,0.0,0.0,0.0,20.4,False,open_meteo_historical_weather_api,2026-06-11T10:40:28Z
7,Dubai,2024-11-01,0,28.4,33.0,24.0,31.4,0.0,0.0,0.0,22.2,False,open_meteo_historical_weather_api,2026-06-11T10:40:28Z
7,Dubai,2024-11-02,3,28.5,32.4,24.0,32.2,0.0,0.0,0.0,17.9,False,open_meteo_historical_weather_api,2026-06-11T10:40:28Z
7,Dubai,2024-11-03,0,27.5,32.5,23.0,31.1,0.0,0.0,0.0,18.7,False,open_meteo_historical_weather_api,2026-06-11T10:40:28Z
7,Dubai,2024-11-04,0,27.2,32.3,22.4,30.8,0.0,0.0,0.0,16.7,False,open_meteo_historical_weather_api,2026-06-11T10:40:28Z
7,Dubai,2024-11-05,0,27.7,34.1,23.0,30.9,0.0,0.0,0.0,20.5,False,open_meteo_historical_weather_api,2026-06-11T10:40:28Z
7,Dubai,2024-11-06,0,27.9,32.7,23.4,31.0,0.0,0.0,0.0,20.9,False,open_meteo_historical_weather_api,2026-06-11T10:40:28Z
7,Dubai,2024-11-07,0,28.5,32.2,24.5,32.4,0.0,0.0,0.0,18.7,False,open_meteo_historical_weather_api,2026-06-11T10:40:28Z
7,Dubai,2024-11-08,0,27.4,31.0,23.1,30.9,0.0,0.0,0.0,16.3,False,open_meteo_historical_weather_api,2026-06-11T10:40:28Z
7,Dubai,2024-11-09,0,26.4,31.4,21.6,28.6,0.0,0.0,0.0,16.6,False,open_meteo_historical_weather_api,2026-06-11T10:40:28Z
7,Dubai,2024-11-10,1,27.0,32.2,22.4,29.2,0.0,0.0,0.0,18.8,False,open_meteo_historical_weather_api,2026-06-11T10:40:28Z
7,Dubai,2024-11-11,1,27.1,31.4,22.6,30.4,0.0,0.0,0.0,16.4,False,open_meteo_historical_weather_api,2026-06-11T10:40:28Z
7,Dubai,2024-11-12,0,27.1,31.2,22.9,30.0,0.0,0.0,0.0,16.8,False,open_meteo_historical_weather_api,2026-06-11T10:40:28Z
7,Dubai,2024-11-13,0,27.5,31.3,23.0,30.9,0.0,0.0,0.0,13.2,False,open_meteo_historical_weather_api,2026-06-11T10:40:28Z
7,Dubai,2024-11-14,0,27.7,31.9,23.2,31.0,0.0,0.0,0.0,13.7,False,open_meteo_historical_weather_api,2026-06-11T10:40:28Z
7,Dubai,2024-11-15,0,28.6,31.1,26.2,30.8,0.0,0.0,0.0,14.4,False,open_meteo_historical_weather_api,2026-06-11T10:40:28Z
7,Dubai,2024-11-16,0,27.4,29.2,25.0,28.1,0.0,0.0,0.0,17.7,False,open_meteo_historical_weather_api,2026-06-11T10:40:28Z
7,Dubai,2024-11-17,0,27.4,30.9,22.4,27.9,0.0,0.0,0.0,12.6,False,open_meteo_historical_weather_api,2026-06-11T10:40:28Z
7,Dubai,2024-11-18,0,25.9,31.5,21.0,26.5,0.0,0.0,0.0,12.2,False,open_meteo_historical_weather_api,2026-06-11T10:40:28Z
7,Dubai,2024-11-19,0,25.9,31.2,21.0,27.4,0.0,0.0,0.0,14.7,False,open_meteo_historical_weather_api,2026-06-11T10:40:28Z
7,Dubai,2024-11-20,0,26.1,30.7,21.6,27.3,0.0,0.0,0.0,11.4,False,open_meteo_historical_weather_api,2026-06-11T10:40:28Z
7,Dubai,2024-11-21,2,25.4,30.0,19.8,26.7,0.0,0.0,0.0,12.0,False,open_meteo_historical_weather_api,2026-06-11T10:40:28Z
7,Dubai,2024-11-22,1,26.2,30.1,21.5,29.5,0.0,0.0,0.0,12.6,False,open_meteo_historical_weather_api,2026-06-11T10:40:28Z
7,Dubai,2024-11-23,3,26.0,30.7,21.4,29.2,0.0,0.0,0.0,12.0,False,open_meteo_historical_weather_api,2026-06-11T10:40:28Z
7,Dubai,2024-11-24,1,26.4,29.6,22.4,29.2,0.0,0.0,0.0,11.4,False,open_meteo_historical_weather_api,2026-06-11T10:40:28Z
7,Dubai,2024-11-25,0,26.0,31.1,21.0,28.3,0.0,0.0,0.0,14.7,False,open_meteo_historical_weather_api,2026-06-11T10:40:28Z
7,Dubai,2024-11-26,3,26.5,31.4,22.6,28.2,0.0,0.0,0.0,10.9,False,open_meteo_historical_weather_api,2026-06-11T10:40:28Z
7,Dubai,2024-11-27,0,26.0,31.3,20.8,28.3,0.0,0.0,0.0,10.1,False,open_meteo_historical_weather_api,2026-06-11T10:40:28Z
7,Dubai,2024-11-28,51,25.9,29.4,21.8,28.8,0.2,0.2,2.0,21.6,True,open_meteo_historical_weather_api,2026-06-11T10:40:28Z
7,Dubai,2024-11-29,3,25.2,26.7,23.8,25.2,0.0,0.0,0.0,22.5,False,open_meteo_historical_weather_api,2026-06-11T10:40:28Z
7,Dubai,2024-11-30,1,24.6,26.6,23.1,23.4,0.0,0.0,0.0,25.2,False,open_meteo_historical_weather_api,2026-06-11T10:40:28Z
7,Dubai,2024-12-01,1,24.1,25.8,22.6,22.6,0.0,0.0,0.0,21.7,False,open_meteo_historical_weather_api,2026-06-11T10:40:28Z
7,Dubai,2024-12-02,3,23.4,26.5,20.5,23.4,0.0,0.0,0.0,13.5,False,open_meteo_historical_weather_api,2026-06-11T10:40:28Z
7,Dubai,2024-12-03,0,22.3,27.0,17.2,21.4,0.0,0.0,0.0,14.8,False,open_meteo_historical_weather_api,2026-06-11T10:40:28Z
7,Dubai,2024-12-04,0,22.2,27.3,17.0,20.9,0.0,0.0,0.0,14.4,False,open_meteo_historical_weather_api,2026-06-11T10:40:28Z
7,Dubai,2024-12-05,0,21.9,26.7,16.1,21.6,0.0,0.0,0.0,10.6,False,open_meteo_historical_weather_api,2026-06-11T10:40:28Z
7,Dubai,2024-12-06,0,23.3,27.5,17.5,24.7,0.0,0.0,0.0,11.8,False,open_meteo_historical_weather_api,2026-06-11T10:40:28Z
7,Dubai,2024-12-07,0,26.1,29.0,22.1,27.1,0.0,0.0,0.0,14.4,False,open_meteo_historical_weather_api,2026-06-11T10:40:28Z
7,Dubai,2024-12-08,0,23.7,29.8,17.6,22.7,0.0,0.0,0.0,15.6,False,open_meteo_historical_weather_api,2026-06-11T10:40:28Z
7,Dubai,2024-12-09,3,23.2,29.0,18.5,22.1,0.0,0.0,0.0,17.5,False,open_meteo_historical_weather_api,2026-06-11T10:40:28Z
7,Dubai,2024-12-10,3,22.7,27.0,17.9,23.4,0.0,0.0,0.0,9.7,False,open_meteo_historical_weather_api,2026-06-11T10:40:28Z
7,Dubai,2024-12-11,1,23.5,28.8,19.0,22.6,0.0,0.0,0.0,18.6,False,open_meteo_historical_weather_api,2026-06-11T10:40:28Z
7,Dubai,2024-12-12,3,23.3,28.6,19.4,22.2,0.0,0.0,0.0,14.1,False,open_meteo_historical_weather_api,2026-06-11T10:40:28Z
7,Dubai,2024-12-13,0,22.0,26.5,17.1,21.9,0.0,0.0,0.0,13.8,False,open_meteo_historical_weather_api,2026-06-11T10:40:28Z
7,Dubai,2024-12-14,0,22.3,26.2,18.5,21.9,0.0,0.0,0.0,17.3,False,open_meteo_historical_weather_api,2026-06-11T10:40:28Z
7,Dubai,2024-12-15,53,21.8,25.0,18.0,20.8,1.2,1.2,4.0,21.4,True,open_meteo_historical_weather_api,2026-06-11T10:40:28Z
7,Dubai,2024-12-16,1,22.3,25.0,19.7,21.8,0.0,0.0,0.0,11.3,False,open_meteo_historical_weather_api,2026-06-11T10:40:28Z
7,Dubai,2024-12-17,3,20.8,24.6,16.1,20.0,0.0,0.0,0.0,14.4,False,open_meteo_historical_weather_api,2026-06-11T10:40:28Z
7,Dubai,2024-12-18,51,22.3,24.0,21.0,21.0,0.2,0.2,2.0,19.1,True,open_meteo_historical_weather_api,2026-06-11T10:40:28Z
7,Dubai,2024-12-19,3,21.2,24.2,16.2,20.6,0.0,0.0,0.0,12.8,False,open_meteo_historical_weather_api,2026-06-11T10:40:28Z
7,Dubai,2024-12-20,3,20.5,25.8,15.4,19.9,0.0,0.0,0.0,14.5,False,open_meteo_historical_weather_api,2026-06-11T10:40:28Z
7,Dubai,2024-12-21,0,20.0,24.5,14.4,18.8,0.0,0.0,0.0,15.5,False,open_meteo_historical_weather_api,2026-06-11T10:40:28Z
7,Dubai,2024-12-22,1,20.8,24.9,16.5,19.6,0.0,0.0,0.0,19.4,False,open_meteo_historical_weather_api,2026-06-11T10:40:28Z
7,Dubai,2024-12-23,2,20.7,24.1,16.3,20.4,0.0,0.0,0.0,11.8,False,open_meteo_historical_weather_api,2026-06-11T10:40:28Z
7,Dubai,2024-12-24,2,21.1,26.8,15.4,21.2,0.0,0.0,0.0,13.4,False,open_meteo_historical_weather_api,2026-06-11T10:40:28Z
7,Dubai,2024-12-25,1,22.3,24.8,19.9,22.6,0.0,0.0,0.0,10.1,False,open_meteo_historical_weather_api,2026-06-11T10:40:28Z
7,Dubai,2024-12-26,51,20.8,24.8,16.6,21.3,0.1,0.1,1.0,11.1,True,open_meteo_historical_weather_api,2026-06-11T10:40:28Z
7,Dubai,2024-12-27,0,21.4,27.5,16.0,20.8,0.0,0.0,0.0,16.5,False,open_meteo_historical_weather_api,2026-06-11T10:40:28Z
7,Dubai,2024-12-28,3,21.3,26.5,16.0,20.6,0.0,0.0,0.0,10.9,False,open_meteo_historical_weather_api,2026-06-11T10:40:28Z
7,Dubai,2024-12-29,3,21.3,25.6,16.5,21.6,0.0,0.0,0.0,12.4,False,open_meteo_historical_weather_api,2026-06-11T10:40:28Z
7,Dubai,2024-12-30,3,21.6,26.0,17.1,23.1,0.0,0.0,0.0,10.3,False,open_meteo_historical_weather_api,2026-06-11T10:40:28Z
7,Dubai,2024-12-31,3,21.7,26.5,18.0,23.6,0.0,0.0,0.0,10.0,False,open_meteo_historical_weather_api,2026-06-11T10:40:28Z
8,Riyadh,2024-01-01,2,17.9,23.6,12.9,17.2,0.0,0.0,0.0,17.5,False,open_meteo_historical_weather_api,2026-06-11T10:40:28Z
8,Riyadh,2024-01-02,3,17.1,22.4,12.4,15.4,0.0,0.0,0.0,22.1,False,open_meteo_historical_weather_api,2026-06-11T10:40:28Z
8,Riyadh,2024-01-03,51,18.3,24.9,13.9,16.3,0.1,0.1,1.0,25.0,True,open_meteo_historical_weather_api,2026-06-11T10:40:28Z
8,Riyadh,2024-01-04,0,14.8,19.8,10.5,12.9,0.0,0.0,0.0,13.6,False,open_meteo_historical_weather_api,2026-06-11T10:40:28Z
8,Riyadh,2024-01-05,1,15.0,21.4,9.0,13.5,0.0,0.0,0.0,10.1,False,open_meteo_historical_weather_api,2026-06-11T10:40:28Z
8,Riyadh,2024-01-06,0,16.9,22.8,11.5,14.9,0.0,0.0,0.0,15.3,False,open_meteo_historical_weather_api,2026-06-11T10:40:28Z
8,Riyadh,2024-01-07,0,15.4,20.8,10.8,12.7,0.0,0.0,0.0,15.2,False,open_meteo_historical_weather_api,2026-06-11T10:40:28Z
8,Riyadh,2024-01-08,0,13.0,19.4,7.2,9.9,0.0,0.0,0.0,10.8,False,open_meteo_historical_weather_api,2026-06-11T10:40:28Z
8,Riyadh,2024-01-09,3,13.5,21.1,5.8,9.8,0.0,0.0,0.0,18.3,False,open_meteo_historical_weather_api,2026-06-11T10:40:28Z
8,Riyadh,2024-01-10,3,14.4,22.0,7.6,10.6,0.0,0.0,0.0,17.5,False,open_meteo_historical_weather_api,2026-06-11T10:40:28Z
8,Riyadh,2024-01-11,3,16.2,24.0,7.9,11.9,0.0,0.0,0.0,23.8,False,open_meteo_historical_weather_api,2026-06-11T10:40:28Z
8,Riyadh,2024-01-12,3,18.6,26.2,11.6,14.8,0.0,0.0,0.0,17.0,False,open_meteo_historical_weather_api,2026-06-11T10:40:28Z
8,Riyadh,2024-01-13,3,18.5,27.9,10.4,14.8,0.0,0.0,0.0,23.7,False,open_meteo_historical_weather_api,2026-06-11T10:40:28Z
8,Riyadh,2024-01-14,3,20.7,28.5,13.9,16.4,0.0,0.0,0.0,25.2,False,open_meteo_historical_weather_api,2026-06-11T10:40:28Z
8,Riyadh,2024-01-15,3,21.4,29.6,14.1,18.6,0.0,0.0,0.0,27.3,False,open_meteo_historical_weather_api,2026-06-11T10:40:28Z
8,Riyadh,2024-01-16,3,18.0,23.0,13.9,14.5,0.0,0.0,0.0,19.2,False,open_meteo_historical_weather_api,2026-06-11T10:40:28Z
8,Riyadh,2024-01-17,3,16.4,21.5,11.4,12.5,0.0,0.0,0.0,13.8,False,open_meteo_historical_weather_api,2026-06-11T10:40:28Z
8,Riyadh,2024-01-18,51,14.4,18.5,10.9,11.1,0.4,0.4,2.0,19.5,True,open_meteo_historical_weather_api,2026-06-11T10:40:28Z
8,Riyadh,2024-01-19,0,14.5,20.6,9.0,11.1,0.0,0.0,0.0,18.7,False,open_meteo_historical_weather_api,2026-06-11T10:40:28Z
8,Riyadh,2024-01-20,3,15.8,21.9,9.7,12.8,0.0,0.0,0.0,13.1,False,open_meteo_historical_weather_api,2026-06-11T10:40:28Z
8,Riyadh,2024-01-21,0,16.5,23.0,10.1,13.6,0.0,0.0,0.0,12.3,False,open_meteo_historical_weather_api,2026-06-11T10:40:28Z
8,Riyadh,2024-01-22,0,18.0,25.9,10.6,14.0,0.0,0.0,0.0,21.3,False,open_meteo_historical_weather_api,2026-06-11T10:40:28Z
8,Riyadh,2024-01-23,1,20.0,28.5,12.0,16.5,0.0,0.0,0.0,15.8,False,open_meteo_historical_weather_api,2026-06-11T10:40:28Z
8,Riyadh,2024-01-24,3,22.5,29.6,15.1,18.9,0.0,0.0,0.0,32.3,False,open_meteo_historical_weather_api,2026-06-11T10:40:28Z
8,Riyadh,2024-01-25,3,19.9,26.8,13.2,17.0,0.0,0.0,0.0,17.7,False,open_meteo_historical_weather_api,2026-06-11T10:40:28Z
8,Riyadh,2024-01-26,3,21.1,27.2,14.8,16.7,0.0,0.0,0.0,25.1,False,open_meteo_historical_weather_api,2026-06-11T10:40:28Z
8,Riyadh,2024-01-27,3,18.0,21.5,13.9,14.6,0.0,0.0,0.0,16.9,False,open_meteo_historical_weather_api,2026-06-11T10:40:28Z
8,Riyadh,2024-01-28,3,17.0,22.3,11.1,13.8,0.0,0.0,0.0,14.2,False,open_meteo_historical_weather_api,2026-06-11T10:40:28Z
8,Riyadh,2024-01-29,3,16.5,20.5,12.1,12.5,0.0,0.0,0.0,27.6,False,open_meteo_historical_weather_api,2026-06-11T10:40:28Z
8,Riyadh,2024-01-30,3,19.8,26.0,13.9,16.9,0.0,0.0,0.0,22.6,False,open_meteo_historical_weather_api,2026-06-11T10:40:28Z
8,Riyadh,2024-01-31,3,19.7,26.0,15.4,17.6,0.0,0.0,0.0,17.4,False,open_meteo_historical_weather_api,2026-06-11T10:40:28Z
8,Riyadh,2024-02-01,2,17.9,24.9,12.1,14.8,0.0,0.0,0.0,25.4,False,open_meteo_historical_weather_api,2026-06-11T10:40:28Z
8,Riyadh,2024-02-02,3,13.0,17.0,9.1,7.8,0.0,0.0,0.0,25.3,False,open_meteo_historical_weather_api,2026-06-11T10:40:28Z
8,Riyadh,2024-02-03,3,11.9,17.5,5.8,7.9,0.0,0.0,0.0,12.8,False,open_meteo_historical_weather_api,2026-06-11T10:40:28Z
8,Riyadh,2024-02-04,3,12.9,18.7,6.7,8.5,0.0,0.0,0.0,19.9,False,open_meteo_historical_weather_api,2026-06-11T10:40:28Z
8,Riyadh,2024-02-05,3,14.7,21.0,8.9,9.4,0.0,0.0,0.0,25.7,False,open_meteo_historical_weather_api,2026-06-11T10:40:28Z
8,Riyadh,2024-02-06,3,14.8,20.4,9.2,10.8,0.0,0.0,0.0,18.0,False,open_meteo_historical_weather_api,2026-06-11T10:40:28Z
8,Riyadh,2024-02-07,0,14.3,20.2,8.2,11.1,0.0,0.0,0.0,12.6,False,open_meteo_historical_weather_api,2026-06-11T10:40:28Z
8,Riyadh,2024-02-08,3,15.1,20.8,8.0,11.5,0.0,0.0,0.0,12.2,False,open_meteo_historical_weather_api,2026-06-11T10:40:28Z
8,Riyadh,2024-02-09,3,16.4,22.6,11.0,12.7,0.0,0.0,0.0,17.8,False,open_meteo_historical_weather_api,2026-06-11T10:40:28Z
8,Riyadh,2024-02-10,55,16.8,21.3,12.2,12.4,2.5,2.5,4.0,32.4,True,open_meteo_historical_weather_api,2026-06-11T10:40:28Z
8,Riyadh,2024-02-11,53,16.8,23.5,12.2,13.0,1.6,1.6,5.0,25.5,True,open_meteo_historical_weather_api,2026-06-11T10:40:28Z
8,Riyadh,2024-02-12,51,13.0,18.3,9.3,10.1,0.1,0.1,1.0,22.9,True,open_meteo_historical_weather_api,2026-06-11T10:40:28Z
8,Riyadh,2024-02-13,0,14.7,21.0,8.9,12.5,0.0,0.0,0.0,18.9,False,open_meteo_historical_weather_api,2026-06-11T10:40:28Z
8,Riyadh,2024-02-14,0,18.4,25.9,11.6,14.2,0.0,0.0,0.0,32.0,False,open_meteo_historical_weather_api,2026-06-11T10:40:28Z
8,Riyadh,2024-02-15,3,22.5,29.7,15.9,18.3,0.0,0.0,0.0,37.2,False,open_meteo_historical_weather_api,2026-06-11T10:40:28Z
8,Riyadh,2024-02-16,3,26.2,33.3,19.3,23.8,0.0,0.0,0.0,28.5,False,open_meteo_historical_weather_api,2026-06-11T10:40:28Z
8,Riyadh,2024-02-17,0,20.9,25.5,16.9,17.8,0.0,0.0,0.0,26.7,False,open_meteo_historical_weather_api,2026-06-11T10:40:28Z
8,Riyadh,2024-02-18,2,16.8,22.0,11.6,13.1,0.0,0.0,0.0,21.0,False,open_meteo_historical_weather_api,2026-06-11T10:40:28Z
8,Riyadh,2024-02-19,1,17.0,22.6,11.7,13.4,0.0,0.0,0.0,25.8,False,open_meteo_historical_weather_api,2026-06-11T10:40:28Z
8,Riyadh,2024-02-20,2,18.6,25.9,12.5,14.3,0.0,0.0,0.0,23.7,False,open_meteo_historical_weather_api,2026-06-11T10:40:28Z
8,Riyadh,2024-02-21,2,17.5,23.4,11.0,14.1,0.0,0.0,0.0,19.5,False,open_meteo_historical_weather_api,2026-06-11T10:40:28Z
8,Riyadh,2024-02-22,1,18.7,24.7,12.1,14.6,0.0,0.0,0.0,23.1,False,open_meteo_historical_weather_api,2026-06-11T10:40:28Z
8,Riyadh,2024-02-23,0,21.0,27.7,14.3,16.4,0.0,0.0,0.0,28.3,False,open_meteo_historical_weather_api,2026-06-11T10:40:28Z
8,Riyadh,2024-02-24,2,24.9,32.5,17.4,20.3,0.0,0.0,0.0,29.9,False,open_meteo_historical_weather_api,2026-06-11T10:40:28Z
8,Riyadh,2024-02-25,2,20.2,25.4,15.2,15.9,0.0,0.0,0.0,30.4,False,open_meteo_historical_weather_api,2026-06-11T10:40:28Z
8,Riyadh,2024-02-26,1,15.9,21.0,10.4,12.7,0.0,0.0,0.0,22.5,False,open_meteo_historical_weather_api,2026-06-11T10:40:28Z
8,Riyadh,2024-02-27,1,18.1,24.8,10.6,14.2,0.0,0.0,0.0,35.5,False,open_meteo_historical_weather_api,2026-06-11T10:40:28Z
8,Riyadh,2024-02-28,1,20.4,27.9,14.6,15.6,0.0,0.0,0.0,32.5,False,open_meteo_historical_weather_api,2026-06-11T10:40:28Z
8,Riyadh,2024-02-29,0,14.2,18.7,10.6,9.3,0.0,0.0,0.0,27.2,False,open_meteo_historical_weather_api,2026-06-11T10:40:28Z
8,Riyadh,2024-03-01,0,12.3,18.6,6.1,7.3,0.0,0.0,0.0,16.2,False,open_meteo_historical_weather_api,2026-06-11T10:40:28Z
8,Riyadh,2024-03-02,3,15.7,23.9,6.6,10.8,0.0,0.0,0.0,22.7,False,open_meteo_historical_weather_api,2026-06-11T10:40:28Z
8,Riyadh,2024-03-03,3,21.1,29.6,13.8,15.7,0.0,0.0,0.0,27.0,False,open_meteo_historical_weather_api,2026-06-11T10:40:28Z
8,Riyadh,2024-03-04,1,20.7,26.1,15.2,16.3,0.0,0.0,0.0,20.3,False,open_meteo_historical_weather_api,2026-06-11T10:40:28Z
8,Riyadh,2024-03-05,0,18.8,24.7,12.4,14.9,0.0,0.0,0.0,17.8,False,open_meteo_historical_weather_api,2026-06-11T10:40:28Z
8,Riyadh,2024-03-06,3,17.9,23.4,12.8,13.9,0.0,0.0,0.0,18.8,False,open_meteo_historical_weather_api,2026-06-11T10:40:28Z
8,Riyadh,2024-03-07,3,21.9,29.6,15.0,17.2,0.0,0.0,0.0,28.9,False,open_meteo_historical_weather_api,2026-06-11T10:40:28Z
8,Riyadh,2024-03-08,3,21.1,26.8,16.1,17.1,0.0,0.0,0.0,21.2,False,open_meteo_historical_weather_api,2026-06-11T10:40:28Z
8,Riyadh,2024-03-09,0,20.0,26.4,13.6,16.8,0.0,0.0,0.0,20.2,False,open_meteo_historical_weather_api,2026-06-11T10:40:28Z
8,Riyadh,2024-03-10,2,21.6,29.9,13.1,17.7,0.0,0.0,0.0,31.4,False,open_meteo_historical_weather_api,2026-06-11T10:40:28Z
8,Riyadh,2024-03-11,3,25.2,33.3,18.7,19.8,0.0,0.0,0.0,46.6,False,open_meteo_historical_weather_api,2026-06-11T10:40:28Z
8,Riyadh,2024-03-12,2,19.8,25.2,13.7,15.9,0.0,0.0,0.0,25.8,False,open_meteo_historical_weather_api,2026-06-11T10:40:28Z
8,Riyadh,2024-03-13,3,20.0,26.8,12.9,16.5,0.0,0.0,0.0,20.6,False,open_meteo_historical_weather_api,2026-06-11T10:40:28Z
8,Riyadh,2024-03-14,3,24.1,30.9,17.8,19.4,0.0,0.0,0.0,27.0,False,open_meteo_historical_weather_api,2026-06-11T10:40:28Z
8,Riyadh,2024-03-15,3,24.8,31.5,18.6,20.6,0.0,0.0,0.0,32.8,False,open_meteo_historical_weather_api,2026-06-11T10:40:28Z
8,Riyadh,2024-03-16,3,26.5,35.9,18.9,23.5,0.0,0.0,0.0,31.2,False,open_meteo_historical_weather_api,2026-06-11T10:40:28Z
8,Riyadh,2024-03-17,3,24.6,28.9,21.2,24.1,0.0,0.0,0.0,18.4,False,open_meteo_historical_weather_api,2026-06-11T10:40:28Z
8,Riyadh,2024-03-18,53,21.9,24.3,20.6,22.0,1.9,1.9,7.0,23.6,True,open_meteo_historical_weather_api,2026-06-11T10:40:28Z
8,Riyadh,2024-03-19,51,21.6,23.9,18.9,20.8,1.4,1.4,6.0,26.6,True,open_meteo_historical_weather_api,2026-06-11T10:40:28Z
8,Riyadh,2024-03-20,51,19.9,24.5,16.5,18.5,0.2,0.2,1.0,26.7,True,open_meteo_historical_weather_api,2026-06-11T10:40:28Z
8,Riyadh,2024-03-21,3,19.3,25.0,13.5,16.4,0.0,0.0,0.0,16.6,False,open_meteo_historical_weather_api,2026-06-11T10:40:28Z
8,Riyadh,2024-03-22,61,22.4,30.7,16.2,19.5,3.4,3.4,5.0,29.0,True,open_meteo_historical_weather_api,2026-06-11T10:40:28Z
8,Riyadh,2024-03-23,53,21.9,26.8,16.6,21.4,0.6,0.6,2.0,23.7,True,open_meteo_historical_weather_api,2026-06-11T10:40:28Z
8,Riyadh,2024-03-24,61,21.7,26.6,17.5,21.2,1.6,1.6,3.0,24.9,True,open_meteo_historical_weather_api,2026-06-11T10:40:28Z
8,Riyadh,2024-03-25,3,19.2,23.0,14.5,15.8,0.0,0.0,0.0,34.3,False,open_meteo_historical_weather_api,2026-06-11T10:40:28Z
8,Riyadh,2024-03-26,0,17.1,23.8,10.9,15.1,0.0,0.0,0.0,16.9,False,open_meteo_historical_weather_api,2026-06-11T10:40:28Z
8,Riyadh,2024-03-27,3,20.1,27.1,11.8,17.6,0.0,0.0,0.0,14.1,False,open_meteo_historical_weather_api,2026-06-11T10:40:28Z
8,Riyadh,2024-03-28,0,22.5,29.0,14.8,19.1,0.0,0.0,0.0,21.2,False,open_meteo_historical_weather_api,2026-06-11T10:40:28Z
8,Riyadh,2024-03-29,3,22.5,28.9,14.4,19.3,0.0,0.0,0.0,14.9,False,open_meteo_historical_weather_api,2026-06-11T10:40:28Z
8,Riyadh,2024-03-30,53,21.6,25.0,19.0,17.6,1.2,1.2,3.0,29.9,True,open_meteo_historical_weather_api,2026-06-11T10:40:28Z
8,Riyadh,2024-03-31,3,22.2,28.3,16.6,19.2,0.0,0.0,0.0,28.5,False,open_meteo_historical_weather_api,2026-06-11T10:40:28Z
8,Riyadh,2024-04-01,3,20.7,24.9,16.2,20.4,0.0,0.0,0.0,11.6,False,open_meteo_historical_weather_api,2026-06-11T10:40:28Z
8,Riyadh,2024-04-02,3,21.3,26.4,16.9,21.3,0.0,0.0,0.0,15.0,False,open_meteo_historical_weather_api,2026-06-11T10:40:28Z
8,Riyadh,2024-04-03,55,20.9,27.9,16.0,20.8,2.3,2.3,5.0,18.9,True,open_meteo_historical_weather_api,2026-06-11T10:40:28Z
8,Riyadh,2024-04-04,0,21.6,28.2,14.4,20.2,0.0,0.0,0.0,11.8,False,open_meteo_historical_weather_api,2026-06-11T10:40:28Z
8,Riyadh,2024-04-05,0,23.6,30.2,15.1,21.0,0.0,0.0,0.0,13.5,False,open_meteo_historical_weather_api,2026-06-11T10:40:28Z
8,Riyadh,2024-04-06,3,26.2,33.7,18.4,23.9,0.0,0.0,0.0,25.5,False,open_meteo_historical_weather_api,2026-06-11T10:40:28Z
8,Riyadh,2024-04-07,51,28.5,35.0,22.9,25.4,0.5,0.5,3.0,34.8,True,open_meteo_historical_weather_api,2026-06-11T10:40:28Z
8,Riyadh,2024-04-08,55,22.7,26.8,20.8,21.6,3.0,3.0,6.0,27.9,True,open_meteo_historical_weather_api,2026-06-11T10:40:28Z
8,Riyadh,2024-04-09,61,23.5,28.5,19.9,20.5,2.4,2.4,5.0,38.4,True,open_meteo_historical_weather_api,2026-06-11T10:40:28Z
8,Riyadh,2024-04-10,51,24.6,29.2,19.0,23.5,0.5,0.5,2.0,26.1,True,open_meteo_historical_weather_api,2026-06-11T10:40:28Z
8,Riyadh,2024-04-11,3,25.9,30.9,20.8,25.1,0.0,0.0,0.0,24.7,False,open_meteo_historical_weather_api,2026-06-11T10:40:28Z
8,Riyadh,2024-04-12,3,25.8,31.7,19.5,23.5,0.0,0.0,0.0,19.4,False,open_meteo_historical_weather_api,2026-06-11T10:40:28Z
8,Riyadh,2024-04-13,3,25.4,30.5,19.5,22.8,0.0,0.0,0.0,17.9,False,open_meteo_historical_weather_api,2026-06-11T10:40:28Z
8,Riyadh,2024-04-14,3,26.3,32.0,19.3,23.0,0.0,0.0,0.0,25.9,False,open_meteo_historical_weather_api,2026-06-11T10:40:28Z
8,Riyadh,2024-04-15,51,26.6,34.0,21.7,21.9,0.4,0.4,1.0,37.9,True,open_meteo_historical_weather_api,2026-06-11T10:40:28Z
8,Riyadh,2024-04-16,51,21.8,26.0,17.0,19.3,0.1,0.1,1.0,31.2,True,open_meteo_historical_weather_api,2026-06-11T10:40:28Z
8,Riyadh,2024-04-17,0,24.1,30.2,16.8,21.4,0.0,0.0,0.0,21.7,False,open_meteo_historical_weather_api,2026-06-11T10:40:28Z
8,Riyadh,2024-04-18,0,26.1,32.3,18.4,23.2,0.0,0.0,0.0,13.6,False,open_meteo_historical_weather_api,2026-06-11T10:40:28Z
8,Riyadh,2024-04-19,1,28.0,35.6,20.0,24.6,0.0,0.0,0.0,18.9,False,open_meteo_historical_weather_api,2026-06-11T10:40:28Z
8,Riyadh,2024-04-20,2,29.0,36.5,21.2,25.4,0.0,0.0,0.0,22.3,False,open_meteo_historical_weather_api,2026-06-11T10:40:28Z
8,Riyadh,2024-04-21,0,30.5,37.5,23.6,25.1,0.0,0.0,0.0,34.6,False,open_meteo_historical_weather_api,2026-06-11T10:40:28Z
8,Riyadh,2024-04-22,0,29.0,35.8,22.5,24.5,0.0,0.0,0.0,29.3,False,open_meteo_historical_weather_api,2026-06-11T10:40:28Z
8,Riyadh,2024-04-23,0,26.6,32.1,21.0,22.6,0.0,0.0,0.0,25.3,False,open_meteo_historical_weather_api,2026-06-11T10:40:28Z
8,Riyadh,2024-04-24,0,27.3,34.2,20.1,22.8,0.0,0.0,0.0,26.7,False,open_meteo_historical_weather_api,2026-06-11T10:40:28Z
8,Riyadh,2024-04-25,0,27.8,34.2,21.1,23.6,0.0,0.0,0.0,18.7,False,open_meteo_historical_weather_api,2026-06-11T10:40:28Z
8,Riyadh,2024-04-26,3,27.6,34.0,19.0,24.5,0.0,0.0,0.0,18.2,False,open_meteo_historical_weather_api,2026-06-11T10:40:28Z
8,Riyadh,2024-04-27,3,29.2,34.7,22.8,25.4,0.0,0.0,0.0,23.0,False,open_meteo_historical_weather_api,2026-06-11T10:40:28Z
8,Riyadh,2024-04-28,61,27.7,33.2,23.0,25.6,2.9,2.9,4.0,31.7,True,open_meteo_historical_weather_api,2026-06-11T10:40:28Z
8,Riyadh,2024-04-29,3,25.7,34.1,19.6,23.5,0.0,0.0,0.0,42.1,False,open_meteo_historical_weather_api,2026-06-11T10:40:28Z
8,Riyadh,2024-04-30,61,22.7,27.2,19.5,21.6,6.1,6.1,11.0,31.3,True,open_meteo_historical_weather_api,2026-06-11T10:40:28Z
8,Riyadh,2024-05-01,61,20.6,23.8,18.4,21.1,7.4,7.4,10.0,22.5,True,open_meteo_historical_weather_api,2026-06-11T10:40:28Z
8,Riyadh,2024-05-02,51,22.4,28.0,16.2,23.2,0.1,0.1,1.0,22.4,True,open_meteo_historical_weather_api,2026-06-11T10:40:28Z
8,Riyadh,2024-05-03,2,25.2,31.8,19.5,24.8,0.0,0.0,0.0,31.4,False,open_meteo_historical_weather_api,2026-06-11T10:40:28Z
8,Riyadh,2024-05-04,0,25.7,31.9,18.9,25.3,0.0,0.0,0.0,20.4,False,open_meteo_historical_weather_api,2026-06-11T10:40:28Z
8,Riyadh,2024-05-05,2,27.4,34.2,19.5,26.6,0.0,0.0,0.0,24.3,False,open_meteo_historical_weather_api,2026-06-11T10:40:28Z
8,Riyadh,2024-05-06,0,30.5,37.0,23.3,28.2,0.0,0.0,0.0,33.1,False,open_meteo_historical_weather_api,2026-06-11T10:40:28Z
8,Riyadh,2024-05-07,0,30.6,37.7,23.3,27.9,0.0,0.0,0.0,17.4,False,open_meteo_historical_weather_api,2026-06-11T10:40:28Z
8,Riyadh,2024-05-08,1,29.1,34.9,22.8,25.5,0.0,0.0,0.0,26.3,False,open_meteo_historical_weather_api,2026-06-11T10:40:28Z
8,Riyadh,2024-05-09,0,28.1,34.2,21.8,24.2,0.0,0.0,0.0,23.1,False,open_meteo_historical_weather_api,2026-06-11T10:40:28Z
8,Riyadh,2024-05-10,2,29.1,35.5,21.4,26.0,0.0,0.0,0.0,14.8,False,open_meteo_historical_weather_api,2026-06-11T10:40:28Z
8,Riyadh,2024-05-11,3,32.0,38.8,23.9,28.4,0.0,0.0,0.0,19.3,False,open_meteo_historical_weather_api,2026-06-11T10:40:28Z
8,Riyadh,2024-05-12,2,34.1,40.9,26.0,30.6,0.0,0.0,0.0,28.3,False,open_meteo_historical_weather_api,2026-06-11T10:40:28Z
8,Riyadh,2024-05-13,2,35.2,42.5,27.2,31.8,0.0,0.0,0.0,31.5,False,open_meteo_historical_weather_api,2026-06-11T10:40:28Z
8,Riyadh,2024-05-14,2,33.4,39.0,27.8,30.7,0.0,0.0,0.0,23.6,False,open_meteo_historical_weather_api,2026-06-11T10:40:28Z
8,Riyadh,2024-05-15,2,33.3,41.0,24.8,30.9,0.0,0.0,0.0,28.6,False,open_meteo_historical_weather_api,2026-06-11T10:40:28Z
8,Riyadh,2024-05-16,2,35.3,40.7,30.0,32.6,0.0,0.0,0.0,31.5,False,open_meteo_historical_weather_api,2026-06-11T10:40:28Z
8,Riyadh,2024-05-17,1,31.3,36.9,26.0,28.3,0.0,0.0,0.0,27.8,False,open_meteo_historical_weather_api,2026-06-11T10:40:28Z
8,Riyadh,2024-05-18,1,30.1,35.8,24.1,26.8,0.0,0.0,0.0,26.4,False,open_meteo_historical_weather_api,2026-06-11T10:40:28Z
8,Riyadh,2024-05-19,0,30.2,37.1,22.9,26.5,0.0,0.0,0.0,20.4,False,open_meteo_historical_weather_api,2026-06-11T10:40:28Z
8,Riyadh,2024-05-20,0,32.8,39.7,25.0,29.4,0.0,0.0,0.0,19.1,False,open_meteo_historical_weather_api,2026-06-11T10:40:28Z
8,Riyadh,2024-05-21,3,34.8,40.8,28.2,30.6,0.0,0.0,0.0,27.9,False,open_meteo_historical_weather_api,2026-06-11T10:40:28Z
8,Riyadh,2024-05-22,3,34.9,42.5,27.2,31.6,0.0,0.0,0.0,26.3,False,open_meteo_historical_weather_api,2026-06-11T10:40:28Z
8,Riyadh,2024-05-23,0,34.3,40.8,27.9,30.4,0.0,0.0,0.0,25.0,False,open_meteo_historical_weather_api,2026-06-11T10:40:28Z
8,Riyadh,2024-05-24,2,34.6,42.9,26.1,31.6,0.0,0.0,0.0,24.8,False,open_meteo_historical_weather_api,2026-06-11T10:40:28Z
8,Riyadh,2024-05-25,2,35.6,43.3,27.3,32.1,0.0,0.0,0.0,28.2,False,open_meteo_historical_weather_api,2026-06-11T10:40:28Z
8,Riyadh,2024-05-26,0,36.2,42.8,28.8,33.1,0.0,0.0,0.0,25.9,False,open_meteo_historical_weather_api,2026-06-11T10:40:28Z
8,Riyadh,2024-05-27,0,34.7,41.2,28.6,30.6,0.0,0.0,0.0,29.4,False,open_meteo_historical_weather_api,2026-06-11T10:40:28Z
8,Riyadh,2024-05-28,0,34.2,41.0,26.9,30.6,0.0,0.0,0.0,18.5,False,open_meteo_historical_weather_api,2026-06-11T10:40:28Z
8,Riyadh,2024-05-29,0,35.0,41.7,26.8,32.4,0.0,0.0,0.0,16.8,False,open_meteo_historical_weather_api,2026-06-11T10:40:28Z
8,Riyadh,2024-05-30,0,37.2,44.0,29.6,34.0,0.0,0.0,0.0,25.5,False,open_meteo_historical_weather_api,2026-06-11T10:40:28Z
8,Riyadh,2024-05-31,0,37.2,44.2,28.5,33.7,0.0,0.0,0.0,23.1,False,open_meteo_historical_weather_api,2026-06-11T10:40:28Z
8,Riyadh,2024-06-01,0,37.3,43.8,29.2,32.8,0.0,0.0,0.0,31.3,False,open_meteo_historical_weather_api,2026-06-11T10:40:28Z
8,Riyadh,2024-06-02,0,35.6,42.5,28.8,31.5,0.0,0.0,0.0,22.3,False,open_meteo_historical_weather_api,2026-06-11T10:40:28Z
8,Riyadh,2024-06-03,0,35.7,42.5,27.5,32.0,0.0,0.0,0.0,21.3,False,open_meteo_historical_weather_api,2026-06-11T10:40:28Z
8,Riyadh,2024-06-04,0,36.8,44.0,28.9,33.1,0.0,0.0,0.0,23.8,False,open_meteo_historical_weather_api,2026-06-11T10:40:28Z
8,Riyadh,2024-06-05,0,37.0,43.4,29.4,33.8,0.0,0.0,0.0,16.5,False,open_meteo_historical_weather_api,2026-06-11T10:40:28Z
8,Riyadh,2024-06-06,0,37.4,45.0,28.5,34.1,0.0,0.0,0.0,26.5,False,open_meteo_historical_weather_api,2026-06-11T10:40:28Z
8,Riyadh,2024-06-07,2,39.0,46.0,30.8,34.1,0.0,0.0,0.0,31.5,False,open_meteo_historical_weather_api,2026-06-11T10:40:28Z
8,Riyadh,2024-06-08,0,37.4,44.4,29.2,33.1,0.0,0.0,0.0,23.6,False,open_meteo_historical_weather_api,2026-06-11T10:40:28Z
8,Riyadh,2024-06-09,0,36.1,43.0,28.1,32.1,0.0,0.0,0.0,18.6,False,open_meteo_historical_weather_api,2026-06-11T10:40:28Z
8,Riyadh,2024-06-10,0,37.1,44.0,28.9,33.6,0.0,0.0,0.0,18.0,False,open_meteo_historical_weather_api,2026-06-11T10:40:28Z
8,Riyadh,2024-06-11,3,37.7,45.0,29.2,34.6,0.0,0.0,0.0,17.4,False,open_meteo_historical_weather_api,2026-06-11T10:40:28Z
8,Riyadh,2024-06-12,3,37.7,43.7,29.5,34.4,0.0,0.0,0.0,17.3,False,open_meteo_historical_weather_api,2026-06-11T10:40:28Z
8,Riyadh,2024-06-13,2,37.2,43.1,29.7,34.2,0.0,0.0,0.0,22.4,False,open_meteo_historical_weather_api,2026-06-11T10:40:28Z
8,Riyadh,2024-06-14,0,36.6,42.7,29.9,32.1,0.0,0.0,0.0,29.8,False,open_meteo_historical_weather_api,2026-06-11T10:40:28Z
8,Riyadh,2024-06-15,0,36.8,42.8,30.5,32.4,0.0,0.0,0.0,27.8,False,open_meteo_historical_weather_api,2026-06-11T10:40:28Z
8,Riyadh,2024-06-16,0,36.3,43.5,28.5,32.5,0.0,0.0,0.0,21.6,False,open_meteo_historical_weather_api,2026-06-11T10:40:28Z
8,Riyadh,2024-06-17,0,36.0,43.2,28.0,32.5,0.0,0.0,0.0,21.7,False,open_meteo_historical_weather_api,2026-06-11T10:40:28Z
8,Riyadh,2024-06-18,0,36.4,43.8,27.5,32.9,0.0,0.0,0.0,24.4,False,open_meteo_historical_weather_api,2026-06-11T10:40:28Z
8,Riyadh,2024-06-19,2,37.6,45.3,29.3,33.5,0.0,0.0,0.0,20.2,False,open_meteo_historical_weather_api,2026-06-11T10:40:28Z
8,Riyadh,2024-06-20,0,37.9,44.7,30.5,32.7,0.0,0.0,0.0,40.8,False,open_meteo_historical_weather_api,2026-06-11T10:40:28Z
8,Riyadh,2024-06-21,0,38.6,45.5,31.0,33.0,0.0,0.0,0.0,36.9,False,open_meteo_historical_weather_api,2026-06-11T10:40:28Z
8,Riyadh,2024-06-22,0,38.6,45.5,30.9,33.8,0.0,0.0,0.0,32.2,False,open_meteo_historical_weather_api,2026-06-11T10:40:28Z
8,Riyadh,2024-06-23,1,38.4,45.5,30.2,34.4,0.0,0.0,0.0,27.1,False,open_meteo_historical_weather_api,2026-06-11T10:40:28Z
8,Riyadh,2024-06-24,0,38.0,44.9,30.5,34.6,0.0,0.0,0.0,18.9,False,open_meteo_historical_weather_api,2026-06-11T10:40:28Z
8,Riyadh,2024-06-25,0,38.0,44.7,30.3,35.1,0.0,0.0,0.0,15.4,False,open_meteo_historical_weather_api,2026-06-11T10:40:28Z
8,Riyadh,2024-06-26,2,37.3,43.3,30.4,33.9,0.0,0.0,0.0,25.4,False,open_meteo_historical_weather_api,2026-06-11T10:40:28Z
8,Riyadh,2024-06-27,3,37.5,43.6,30.4,33.9,0.0,0.0,0.0,22.7,False,open_meteo_historical_weather_api,2026-06-11T10:40:28Z
8,Riyadh,2024-06-28,3,36.7,43.2,30.2,33.1,0.0,0.0,0.0,26.5,False,open_meteo_historical_weather_api,2026-06-11T10:40:28Z
8,Riyadh,2024-06-29,3,36.7,43.3,28.9,33.5,0.0,0.0,0.0,26.0,False,open_meteo_historical_weather_api,2026-06-11T10:40:28Z
8,Riyadh,2024-06-30,3,36.8,43.8,28.4,33.2,0.0,0.0,0.0,24.8,False,open_meteo_historical_weather_api,2026-06-11T10:40:28Z
8,Riyadh,2024-07-01,3,37.5,44.3,29.4,34.3,0.0,0.0,0.0,20.9,False,open_meteo_historical_weather_api,2026-06-11T10:40:28Z
8,Riyadh,2024-07-02,2,37.1,43.5,30.6,32.8,0.0,0.0,0.0,26.8,False,open_meteo_historical_weather_api,2026-06-11T10:40:28Z
8,Riyadh,2024-07-03,0,36.2,42.1,29.1,32.9,0.0,0.0,0.0,21.3,False,open_meteo_historical_weather_api,2026-06-11T10:40:28Z
8,Riyadh,2024-07-04,0,35.8,41.7,29.8,32.0,0.0,0.0,0.0,22.4,False,open_meteo_historical_weather_api,2026-06-11T10:40:28Z
8,Riyadh,2024-07-05,3,36.0,42.0,29.1,31.0,0.0,0.0,0.0,31.1,False,open_meteo_historical_weather_api,2026-06-11T10:40:28Z
8,Riyadh,2024-07-06,3,36.8,42.3,31.6,31.6,0.0,0.0,0.0,32.5,False,open_meteo_historical_weather_api,2026-06-11T10:40:28Z
8,Riyadh,2024-07-07,2,36.7,42.8,30.1,31.7,0.0,0.0,0.0,29.7,False,open_meteo_historical_weather_api,2026-06-11T10:40:28Z
8,Riyadh,2024-07-08,2,36.5,43.0,28.4,32.9,0.0,0.0,0.0,21.7,False,open_meteo_historical_weather_api,2026-06-11T10:40:28Z
8,Riyadh,2024-07-09,1,37.6,44.0,29.9,34.7,0.0,0.0,0.0,24.2,False,open_meteo_historical_weather_api,2026-06-11T10:40:28Z
8,Riyadh,2024-07-10,3,38.0,45.2,30.1,35.1,0.0,0.0,0.0,26.3,False,open_meteo_historical_weather_api,2026-06-11T10:40:28Z
8,Riyadh,2024-07-11,3,39.0,45.2,32.7,36.7,0.0,0.0,0.0,19.5,False,open_meteo_historical_weather_api,2026-06-11T10:40:28Z
8,Riyadh,2024-07-12,3,40.0,47.6,31.9,36.4,0.0,0.0,0.0,31.6,False,open_meteo_historical_weather_api,2026-06-11T10:40:28Z
8,Riyadh,2024-07-13,3,39.7,45.5,33.3,35.6,0.0,0.0,0.0,24.3,False,open_meteo_historical_weather_api,2026-06-11T10:40:28Z
8,Riyadh,2024-07-14,3,37.8,43.7,32.1,33.5,0.0,0.0,0.0,31.4,False,open_meteo_historical_weather_api,2026-06-11T10:40:28Z
8,Riyadh,2024-07-15,0,36.3,42.5,29.8,33.1,0.0,0.0,0.0,19.6,False,open_meteo_historical_weather_api,2026-06-11T10:40:28Z
8,Riyadh,2024-07-16,3,36.6,43.1,29.9,33.4,0.0,0.0,0.0,25.9,False,open_meteo_historical_weather_api,2026-06-11T10:40:28Z
8,Riyadh,2024-07-17,2,36.9,43.5,29.5,33.5,0.0,0.0,0.0,22.3,False,open_meteo_historical_weather_api,2026-06-11T10:40:28Z
8,Riyadh,2024-07-18,3,37.5,43.8,31.0,34.3,0.0,0.0,0.0,22.8,False,open_meteo_historical_weather_api,2026-06-11T10:40:28Z
8,Riyadh,2024-07-19,3,37.9,44.7,30.7,34.4,0.0,0.0,0.0,26.3,False,open_meteo_historical_weather_api,2026-06-11T10:40:28Z
8,Riyadh,2024-07-20,3,38.6,45.3,31.1,35.7,0.0,0.0,0.0,22.0,False,open_meteo_historical_weather_api,2026-06-11T10:40:28Z
8,Riyadh,2024-07-21,3,39.4,46.0,31.4,36.5,0.0,0.0,0.0,26.1,False,open_meteo_historical_weather_api,2026-06-11T10:40:28Z
8,Riyadh,2024-07-22,3,38.6,44.5,30.9,35.2,0.0,0.0,0.0,20.9,False,open_meteo_historical_weather_api,2026-06-11T10:40:28Z
8,Riyadh,2024-07-23,3,37.7,43.5,30.6,34.5,0.0,0.0,0.0,22.6,False,open_meteo_historical_weather_api,2026-06-11T10:40:28Z
8,Riyadh,2024-07-24,3,37.9,43.6,31.4,33.8,0.0,0.0,0.0,33.4,False,open_meteo_historical_weather_api,2026-06-11T10:40:28Z
8,Riyadh,2024-07-25,0,37.4,42.5,31.4,33.4,0.0,0.0,0.0,26.9,False,open_meteo_historical_weather_api,2026-06-11T10:40:28Z
8,Riyadh,2024-07-26,3,37.1,42.3,30.9,33.6,0.0,0.0,0.0,25.3,False,open_meteo_historical_weather_api,2026-06-11T10:40:28Z
8,Riyadh,2024-07-27,3,37.5,44.0,30.5,34.0,0.0,0.0,0.0,30.4,False,open_meteo_historical_weather_api,2026-06-11T10:40:28Z
8,Riyadh,2024-07-28,3,37.1,42.7,30.6,33.1,0.0,0.0,0.0,30.4,False,open_meteo_historical_weather_api,2026-06-11T10:40:28Z
8,Riyadh,2024-07-29,3,36.7,42.2,30.7,32.5,0.0,0.0,0.0,30.5,False,open_meteo_historical_weather_api,2026-06-11T10:40:28Z
8,Riyadh,2024-07-30,1,37.0,43.1,30.5,33.0,0.0,0.0,0.0,24.2,False,open_meteo_historical_weather_api,2026-06-11T10:40:28Z
8,Riyadh,2024-07-31,3,37.5,43.8,30.5,33.3,0.0,0.0,0.0,30.6,False,open_meteo_historical_weather_api,2026-06-11T10:40:28Z
8,Riyadh,2024-08-01,3,37.8,44.0,30.8,33.3,0.0,0.0,0.0,30.5,False,open_meteo_historical_weather_api,2026-06-11T10:40:28Z
8,Riyadh,2024-08-02,3,37.3,43.3,30.5,33.1,0.0,0.0,0.0,30.3,False,open_meteo_historical_weather_api,2026-06-11T10:40:28Z
8,Riyadh,2024-08-03,3,36.9,42.6,30.3,33.9,0.0,0.0,0.0,24.6,False,open_meteo_historical_weather_api,2026-06-11T10:40:28Z
8,Riyadh,2024-08-04,3,36.6,42.2,30.6,33.7,0.0,0.0,0.0,21.4,False,open_meteo_historical_weather_api,2026-06-11T10:40:28Z
8,Riyadh,2024-08-05,3,35.7,41.3,29.8,31.2,0.0,0.0,0.0,33.4,False,open_meteo_historical_weather_api,2026-06-11T10:40:28Z
8,Riyadh,2024-08-06,3,35.9,41.7,29.0,31.3,0.0,0.0,0.0,29.6,False,open_meteo_historical_weather_api,2026-06-11T10:40:28Z
8,Riyadh,2024-08-07,3,36.6,42.8,30.9,32.5,0.0,0.0,0.0,30.2,False,open_meteo_historical_weather_api,2026-06-11T10:40:28Z
8,Riyadh,2024-08-08,3,37.3,43.9,30.1,33.0,0.0,0.0,0.0,26.0,False,open_meteo_historical_weather_api,2026-06-11T10:40:28Z
8,Riyadh,2024-08-09,3,37.0,43.4,30.1,33.0,0.0,0.0,0.0,26.3,False,open_meteo_historical_weather_api,2026-06-11T10:40:28Z
8,Riyadh,2024-08-10,3,36.8,43.7,29.0,33.0,0.0,0.0,0.0,23.7,False,open_meteo_historical_weather_api,2026-06-11T10:40:28Z
8,Riyadh,2024-08-11,3,37.2,44.1,29.2,33.8,0.0,0.0,0.0,22.7,False,open_meteo_historical_weather_api,2026-06-11T10:40:28Z
8,Riyadh,2024-08-12,3,37.2,43.7,29.5,34.3,0.0,0.0,0.0,24.7,False,open_meteo_historical_weather_api,2026-06-11T10:40:28Z
8,Riyadh,2024-08-13,0,37.6,44.8,29.4,34.6,0.0,0.0,0.0,26.2,False,open_meteo_historical_weather_api,2026-06-11T10:40:28Z
8,Riyadh,2024-08-14,2,37.8,44.2,29.8,35.3,0.0,0.0,0.0,21.1,False,open_meteo_historical_weather_api,2026-06-11T10:40:28Z
8,Riyadh,2024-08-15,0,38.1,44.9,30.6,35.9,0.0,0.0,0.0,22.1,False,open_meteo_historical_weather_api,2026-06-11T10:40:28Z
8,Riyadh,2024-08-16,2,38.5,45.7,30.9,35.5,0.0,0.0,0.0,26.4,False,open_meteo_historical_weather_api,2026-06-11T10:40:28Z
8,Riyadh,2024-08-17,2,38.4,45.4,30.5,35.1,0.0,0.0,0.0,24.7,False,open_meteo_historical_weather_api,2026-06-11T10:40:28Z
8,Riyadh,2024-08-18,2,39.1,45.8,31.5,36.0,0.0,0.0,0.0,20.7,False,open_meteo_historical_weather_api,2026-06-11T10:40:28Z
8,Riyadh,2024-08-19,3,38.9,45.3,30.8,36.1,0.0,0.0,0.0,32.4,False,open_meteo_historical_weather_api,2026-06-11T10:40:28Z
8,Riyadh,2024-08-20,3,38.8,44.7,32.3,37.1,0.0,0.0,0.0,27.7,False,open_meteo_historical_weather_api,2026-06-11T10:40:28Z
8,Riyadh,2024-08-21,3,37.3,43.0,31.0,36.4,0.0,0.0,0.0,27.2,False,open_meteo_historical_weather_api,2026-06-11T10:40:28Z
8,Riyadh,2024-08-22,2,37.0,43.0,30.8,36.3,0.0,0.0,0.0,25.2,False,open_meteo_historical_weather_api,2026-06-11T10:40:28Z
8,Riyadh,2024-08-23,3,37.5,43.6,30.4,36.7,0.0,0.0,0.0,17.3,False,open_meteo_historical_weather_api,2026-06-11T10:40:28Z
8,Riyadh,2024-08-24,3,37.4,44.2,30.8,35.3,0.0,0.0,0.0,23.7,False,open_meteo_historical_weather_api,2026-06-11T10:40:28Z
8,Riyadh,2024-08-25,1,37.3,43.6,29.5,35.8,0.0,0.0,0.0,23.3,False,open_meteo_historical_weather_api,2026-06-11T10:40:28Z
8,Riyadh,2024-08-26,3,38.3,44.2,31.7,36.2,0.0,0.0,0.0,22.5,False,open_meteo_historical_weather_api,2026-06-11T10:40:28Z
8,Riyadh,2024-08-27,3,38.0,45.0,30.9,35.4,0.0,0.0,0.0,25.0,False,open_meteo_historical_weather_api,2026-06-11T10:40:28Z
8,Riyadh,2024-08-28,0,38.1,43.7,31.9,33.9,0.0,0.0,0.0,32.1,False,open_meteo_historical_weather_api,2026-06-11T10:40:28Z
8,Riyadh,2024-08-29,3,37.4,42.8,32.0,33.0,0.0,0.0,0.0,33.0,False,open_meteo_historical_weather_api,2026-06-11T10:40:28Z
8,Riyadh,2024-08-30,3,35.7,42.0,29.3,31.6,0.0,0.0,0.0,34.7,False,open_meteo_historical_weather_api,2026-06-11T10:40:28Z
8,Riyadh,2024-08-31,3,34.7,40.5,29.0,31.0,0.0,0.0,0.0,24.3,False,open_meteo_historical_weather_api,2026-06-11T10:40:28Z
8,Riyadh,2024-09-01,3,34.1,40.5,27.2,31.2,0.0,0.0,0.0,19.3,False,open_meteo_historical_weather_api,2026-06-11T10:40:28Z
8,Riyadh,2024-09-02,0,34.3,40.7,27.4,31.0,0.0,0.0,0.0,27.3,False,open_meteo_historical_weather_api,2026-06-11T10:40:28Z
8,Riyadh,2024-09-03,3,34.4,40.3,28.2,30.9,0.0,0.0,0.0,27.2,False,open_meteo_historical_weather_api,2026-06-11T10:40:28Z
8,Riyadh,2024-09-04,2,33.9,39.8,27.5,30.8,0.0,0.0,0.0,22.0,False,open_meteo_historical_weather_api,2026-06-11T10:40:28Z
8,Riyadh,2024-09-05,0,34.1,40.2,27.5,30.9,0.0,0.0,0.0,20.2,False,open_meteo_historical_weather_api,2026-06-11T10:40:28Z
8,Riyadh,2024-09-06,0,34.2,41.0,27.4,31.2,0.0,0.0,0.0,24.8,False,open_meteo_historical_weather_api,2026-06-11T10:40:28Z
8,Riyadh,2024-09-07,1,35.9,42.3,27.7,33.7,0.0,0.0,0.0,25.1,False,open_meteo_historical_weather_api,2026-06-11T10:40:28Z
8,Riyadh,2024-09-08,0,35.4,41.5,28.1,32.8,0.0,0.0,0.0,24.7,False,open_meteo_historical_weather_api,2026-06-11T10:40:28Z
8,Riyadh,2024-09-09,0,34.6,41.2,28.9,32.3,0.0,0.0,0.0,15.5,False,open_meteo_historical_weather_api,2026-06-11T10:40:28Z
8,Riyadh,2024-09-10,3,35.8,42.8,27.2,32.8,0.0,0.0,0.0,24.7,False,open_meteo_historical_weather_api,2026-06-11T10:40:28Z
8,Riyadh,2024-09-11,3,36.8,43.3,28.5,33.3,0.0,0.0,0.0,27.1,False,open_meteo_historical_weather_api,2026-06-11T10:40:28Z
8,Riyadh,2024-09-12,3,36.3,43.5,28.5,32.2,0.0,0.0,0.0,29.2,False,open_meteo_historical_weather_api,2026-06-11T10:40:28Z
8,Riyadh,2024-09-13,0,35.4,41.5,28.8,32.9,0.0,0.0,0.0,17.3,False,open_meteo_historical_weather_api,2026-06-11T10:40:28Z
8,Riyadh,2024-09-14,0,34.4,40.5,27.8,33.1,0.0,0.0,0.0,10.7,False,open_meteo_historical_weather_api,2026-06-11T10:40:28Z
8,Riyadh,2024-09-15,0,34.7,41.1,27.6,32.4,0.0,0.0,0.0,16.6,False,open_meteo_historical_weather_api,2026-06-11T10:40:28Z
8,Riyadh,2024-09-16,1,34.8,41.7,27.0,32.1,0.0,0.0,0.0,24.3,False,open_meteo_historical_weather_api,2026-06-11T10:40:28Z
8,Riyadh,2024-09-17,0,34.1,40.2,27.0,31.5,0.0,0.0,0.0,19.9,False,open_meteo_historical_weather_api,2026-06-11T10:40:28Z
8,Riyadh,2024-09-18,0,33.5,39.3,26.8,31.7,0.0,0.0,0.0,15.8,False,open_meteo_historical_weather_api,2026-06-11T10:40:28Z
8,Riyadh,2024-09-19,0,32.8,38.0,26.1,30.7,0.0,0.0,0.0,23.2,False,open_meteo_historical_weather_api,2026-06-11T10:40:28Z
8,Riyadh,2024-09-20,0,32.4,38.1,25.9,30.1,0.0,0.0,0.0,21.7,False,open_meteo_historical_weather_api,2026-06-11T10:40:28Z
8,Riyadh,2024-09-21,0,33.6,40.5,26.4,30.9,0.0,0.0,0.0,24.1,False,open_meteo_historical_weather_api,2026-06-11T10:40:28Z
8,Riyadh,2024-09-22,0,33.2,39.5,26.2,31.0,0.0,0.0,0.0,19.7,False,open_meteo_historical_weather_api,2026-06-11T10:40:28Z
8,Riyadh,2024-09-23,0,32.0,38.5,25.4,29.9,0.0,0.0,0.0,17.4,False,open_meteo_historical_weather_api,2026-06-11T10:40:28Z
8,Riyadh,2024-09-24,0,32.2,38.0,24.9,29.4,0.0,0.0,0.0,19.4,False,open_meteo_historical_weather_api,2026-06-11T10:40:28Z
8,Riyadh,2024-09-25,0,33.0,39.2,25.9,29.6,0.0,0.0,0.0,18.0,False,open_meteo_historical_weather_api,2026-06-11T10:40:28Z
8,Riyadh,2024-09-26,2,32.2,38.7,25.8,28.7,0.0,0.0,0.0,27.0,False,open_meteo_historical_weather_api,2026-06-11T10:40:28Z
8,Riyadh,2024-09-27,3,31.8,38.3,24.9,29.2,0.0,0.0,0.0,22.1,False,open_meteo_historical_weather_api,2026-06-11T10:40:28Z
8,Riyadh,2024-09-28,2,32.3,38.4,25.2,30.4,0.0,0.0,0.0,15.8,False,open_meteo_historical_weather_api,2026-06-11T10:40:28Z
8,Riyadh,2024-09-29,0,32.8,38.9,25.9,30.4,0.0,0.0,0.0,21.6,False,open_meteo_historical_weather_api,2026-06-11T10:40:28Z
8,Riyadh,2024-09-30,0,32.4,39.3,25.2,28.4,0.0,0.0,0.0,29.2,False,open_meteo_historical_weather_api,2026-06-11T10:40:28Z
8,Riyadh,2024-10-01,2,33.4,40.0,27.3,29.4,0.0,0.0,0.0,27.0,False,open_meteo_historical_weather_api,2026-06-11T10:40:28Z
8,Riyadh,2024-10-02,3,33.6,39.3,28.4,30.8,0.0,0.0,0.0,20.8,False,open_meteo_historical_weather_api,2026-06-11T10:40:28Z
8,Riyadh,2024-10-03,3,33.0,39.0,26.8,30.6,0.0,0.0,0.0,19.9,False,open_meteo_historical_weather_api,2026-06-11T10:40:28Z
8,Riyadh,2024-10-04,1,31.5,36.9,25.3,30.6,0.0,0.0,0.0,19.6,False,open_meteo_historical_weather_api,2026-06-11T10:40:28Z
8,Riyadh,2024-10-05,0,30.7,36.0,24.4,28.7,0.0,0.0,0.0,15.3,False,open_meteo_historical_weather_api,2026-06-11T10:40:28Z
8,Riyadh,2024-10-06,0,30.5,35.9,25.4,27.9,0.0,0.0,0.0,15.5,False,open_meteo_historical_weather_api,2026-06-11T10:40:28Z
8,Riyadh,2024-10-07,0,30.2,36.2,24.5,27.8,0.0,0.0,0.0,17.1,False,open_meteo_historical_weather_api,2026-06-11T10:40:28Z
8,Riyadh,2024-10-08,0,28.1,34.0,22.9,25.1,0.0,0.0,0.0,14.5,False,open_meteo_historical_weather_api,2026-06-11T10:40:28Z
8,Riyadh,2024-10-09,0,28.2,34.8,21.4,25.4,0.0,0.0,0.0,14.7,False,open_meteo_historical_weather_api,2026-06-11T10:40:28Z
8,Riyadh,2024-10-10,0,29.7,36.3,23.2,27.4,0.0,0.0,0.0,10.8,False,open_meteo_historical_weather_api,2026-06-11T10:40:28Z
8,Riyadh,2024-10-11,1,30.1,36.9,23.6,27.4,0.0,0.0,0.0,17.2,False,open_meteo_historical_weather_api,2026-06-11T10:40:28Z
8,Riyadh,2024-10-12,2,31.3,38.8,23.0,28.0,0.0,0.0,0.0,29.0,False,open_meteo_historical_weather_api,2026-06-11T10:40:28Z
8,Riyadh,2024-10-13,0,30.5,37.9,22.7,27.5,0.0,0.0,0.0,17.5,False,open_meteo_historical_weather_api,2026-06-11T10:40:28Z
8,Riyadh,2024-10-14,0,30.0,36.6,22.0,27.4,0.0,0.0,0.0,21.3,False,open_meteo_historical_weather_api,2026-06-11T10:40:28Z
8,Riyadh,2024-10-15,0,29.4,35.8,22.0,26.3,0.0,0.0,0.0,16.6,False,open_meteo_historical_weather_api,2026-06-11T10:40:28Z
8,Riyadh,2024-10-16,0,29.0,35.5,22.4,26.0,0.0,0.0,0.0,18.7,False,open_meteo_historical_weather_api,2026-06-11T10:40:28Z
8,Riyadh,2024-10-17,0,28.9,35.0,21.7,25.8,0.0,0.0,0.0,16.0,False,open_meteo_historical_weather_api,2026-06-11T10:40:28Z
8,Riyadh,2024-10-18,0,28.8,35.7,20.2,25.6,0.0,0.0,0.0,15.5,False,open_meteo_historical_weather_api,2026-06-11T10:40:28Z
8,Riyadh,2024-10-19,0,29.3,36.0,22.1,26.6,0.0,0.0,0.0,17.2,False,open_meteo_historical_weather_api,2026-06-11T10:40:28Z
8,Riyadh,2024-10-20,0,29.9,36.5,22.2,27.5,0.0,0.0,0.0,15.0,False,open_meteo_historical_weather_api,2026-06-11T10:40:28Z
8,Riyadh,2024-10-21,0,28.9,35.1,22.9,27.0,0.0,0.0,0.0,20.6,False,open_meteo_historical_weather_api,2026-06-11T10:40:28Z
8,Riyadh,2024-10-22,0,26.5,31.9,19.8,22.8,0.0,0.0,0.0,30.1,False,open_meteo_historical_weather_api,2026-06-11T10:40:28Z
8,Riyadh,2024-10-23,3,28.7,36.1,22.9,26.4,0.0,0.0,0.0,28.9,False,open_meteo_historical_weather_api,2026-06-11T10:40:28Z
8,Riyadh,2024-10-24,3,24.9,30.8,19.9,22.8,0.0,0.0,0.0,29.7,False,open_meteo_historical_weather_api,2026-06-11T10:40:28Z
8,Riyadh,2024-10-25,1,22.0,27.8,17.0,17.9,0.0,0.0,0.0,24.1,False,open_meteo_historical_weather_api,2026-06-11T10:40:28Z
8,Riyadh,2024-10-26,53,21.9,28.0,15.6,18.3,0.8,0.8,2.0,18.9,True,open_meteo_historical_weather_api,2026-06-11T10:40:28Z
8,Riyadh,2024-10-27,1,23.4,29.3,17.3,22.0,0.0,0.0,0.0,20.3,False,open_meteo_historical_weather_api,2026-06-11T10:40:28Z
8,Riyadh,2024-10-28,1,23.9,29.0,18.5,22.5,0.0,0.0,0.0,16.1,False,open_meteo_historical_weather_api,2026-06-11T10:40:28Z
8,Riyadh,2024-10-29,3,23.9,29.1,18.7,21.3,0.0,0.0,0.0,13.8,False,open_meteo_historical_weather_api,2026-06-11T10:40:28Z
8,Riyadh,2024-10-30,2,24.8,30.6,19.1,21.4,0.0,0.0,0.0,20.7,False,open_meteo_historical_weather_api,2026-06-11T10:40:28Z
8,Riyadh,2024-10-31,53,25.0,29.5,20.7,22.8,0.5,0.5,1.0,24.4,True,open_meteo_historical_weather_api,2026-06-11T10:40:28Z
8,Riyadh,2024-11-01,55,24.4,29.2,21.0,23.2,2.3,2.3,2.0,26.4,True,open_meteo_historical_weather_api,2026-06-11T10:40:28Z
8,Riyadh,2024-11-02,2,24.9,30.6,19.5,23.8,0.0,0.0,0.0,23.1,False,open_meteo_historical_weather_api,2026-06-11T10:40:28Z
8,Riyadh,2024-11-03,0,25.7,32.0,19.1,23.6,0.0,0.0,0.0,19.6,False,open_meteo_historical_weather_api,2026-06-11T10:40:28Z
8,Riyadh,2024-11-04,0,26.5,32.8,20.5,23.5,0.0,0.0,0.0,21.2,False,open_meteo_historical_weather_api,2026-06-11T10:40:28Z
8,Riyadh,2024-11-05,0,25.8,31.9,19.7,23.1,0.0,0.0,0.0,13.8,False,open_meteo_historical_weather_api,2026-06-11T10:40:28Z
8,Riyadh,2024-11-06,0,24.5,30.8,18.1,22.9,0.0,0.0,0.0,21.1,False,open_meteo_historical_weather_api,2026-06-11T10:40:28Z
8,Riyadh,2024-11-07,0,23.9,30.5,17.9,21.7,0.0,0.0,0.0,22.2,False,open_meteo_historical_weather_api,2026-06-11T10:40:28Z
8,Riyadh,2024-11-08,0,22.9,29.0,17.6,20.9,0.0,0.0,0.0,17.4,False,open_meteo_historical_weather_api,2026-06-11T10:40:28Z
8,Riyadh,2024-11-09,0,23.2,29.8,17.6,21.2,0.0,0.0,0.0,19.0,False,open_meteo_historical_weather_api,2026-06-11T10:40:28Z
8,Riyadh,2024-11-10,3,24.3,30.8,18.4,22.2,0.0,0.0,0.0,19.9,False,open_meteo_historical_weather_api,2026-06-11T10:40:28Z
8,Riyadh,2024-11-11,0,24.3,30.2,18.1,22.8,0.0,0.0,0.0,12.6,False,open_meteo_historical_weather_api,2026-06-11T10:40:28Z
8,Riyadh,2024-11-12,0,25.6,30.9,19.0,23.7,0.0,0.0,0.0,16.1,False,open_meteo_historical_weather_api,2026-06-11T10:40:28Z
8,Riyadh,2024-11-13,1,26.4,31.3,20.8,24.7,0.0,0.0,0.0,5.8,False,open_meteo_historical_weather_api,2026-06-11T10:40:28Z
8,Riyadh,2024-11-14,1,23.5,28.5,18.5,22.2,0.0,0.0,0.0,9.1,False,open_meteo_historical_weather_api,2026-06-11T10:40:28Z
8,Riyadh,2024-11-15,0,22.7,27.0,18.0,20.7,0.0,0.0,0.0,8.8,False,open_meteo_historical_weather_api,2026-06-11T10:40:28Z
8,Riyadh,2024-11-16,0,23.7,28.9,18.4,21.1,0.0,0.0,0.0,10.2,False,open_meteo_historical_weather_api,2026-06-11T10:40:28Z
8,Riyadh,2024-11-17,0,25.0,29.8,19.5,23.1,0.0,0.0,0.0,7.5,False,open_meteo_historical_weather_api,2026-06-11T10:40:28Z
8,Riyadh,2024-11-18,0,25.9,30.8,20.5,24.3,0.0,0.0,0.0,7.9,False,open_meteo_historical_weather_api,2026-06-11T10:40:28Z
8,Riyadh,2024-11-19,0,26.3,31.0,20.2,24.1,0.0,0.0,0.0,8.4,False,open_meteo_historical_weather_api,2026-06-11T10:40:28Z
8,Riyadh,2024-11-20,0,25.8,30.6,20.8,23.7,0.0,0.0,0.0,10.3,False,open_meteo_historical_weather_api,2026-06-11T10:40:28Z
8,Riyadh,2024-11-21,0,24.8,29.4,20.1,22.0,0.0,0.0,0.0,9.1,False,open_meteo_historical_weather_api,2026-06-11T10:40:28Z
8,Riyadh,2024-11-22,3,24.1,28.5,19.8,21.7,0.0,0.0,0.0,8.9,False,open_meteo_historical_weather_api,2026-06-11T10:40:28Z
8,Riyadh,2024-11-23,3,22.4,26.2,18.3,20.7,0.0,0.0,0.0,8.2,False,open_meteo_historical_weather_api,2026-06-11T10:40:28Z
8,Riyadh,2024-11-24,3,23.4,28.0,19.0,21.0,0.0,0.0,0.0,10.6,False,open_meteo_historical_weather_api,2026-06-11T10:40:28Z
8,Riyadh,2024-11-25,3,25.0,29.8,21.0,22.3,0.0,0.0,0.0,13.2,False,open_meteo_historical_weather_api,2026-06-11T10:40:28Z
8,Riyadh,2024-11-26,51,26.3,31.7,21.4,23.7,0.1,0.1,1.0,13.4,True,open_meteo_historical_weather_api,2026-06-11T10:40:28Z
8,Riyadh,2024-11-27,3,23.5,28.3,17.4,22.9,0.0,0.0,0.0,14.1,False,open_meteo_historical_weather_api,2026-06-11T10:40:28Z
8,Riyadh,2024-11-28,63,13.8,16.5,10.8,11.2,6.8,6.8,7.0,13.5,True,open_meteo_historical_weather_api,2026-06-11T10:40:28Z
8,Riyadh,2024-11-29,3,14.4,18.6,10.4,11.7,0.0,0.0,0.0,7.2,False,open_meteo_historical_weather_api,2026-06-11T10:40:28Z
8,Riyadh,2024-11-30,1,16.4,21.4,12.2,13.7,0.0,0.0,0.0,7.8,False,open_meteo_historical_weather_api,2026-06-11T10:40:28Z
8,Riyadh,2024-12-01,1,16.6,21.0,12.4,13.9,0.0,0.0,0.0,7.2,False,open_meteo_historical_weather_api,2026-06-11T10:40:28Z
8,Riyadh,2024-12-02,1,16.8,21.1,12.6,14.1,0.0,0.0,0.0,8.3,False,open_meteo_historical_weather_api,2026-06-11T10:40:28Z
8,Riyadh,2024-12-03,0,16.9,21.0,12.7,13.7,0.0,0.0,0.0,10.8,False,open_meteo_historical_weather_api,2026-06-11T10:40:28Z
8,Riyadh,2024-12-04,2,19.4,25.2,14.4,16.7,0.0,0.0,0.0,11.3,False,open_meteo_historical_weather_api,2026-06-11T10:40:28Z
8,Riyadh,2024-12-05,3,22.1,27.5,16.7,20.3,0.0,0.0,0.0,11.0,False,open_meteo_historical_weather_api,2026-06-11T10:40:28Z
8,Riyadh,2024-12-06,0,23.2,27.4,18.8,21.4,0.0,0.0,0.0,9.6,False,open_meteo_historical_weather_api,2026-06-11T10:40:28Z
8,Riyadh,2024-12-07,0,22.5,27.1,18.0,21.2,0.0,0.0,0.0,7.4,False,open_meteo_historical_weather_api,2026-06-11T10:40:28Z
8,Riyadh,2024-12-08,0,22.4,27.7,17.5,21.1,0.0,0.0,0.0,9.4,False,open_meteo_historical_weather_api,2026-06-11T10:40:28Z
8,Riyadh,2024-12-09,3,22.7,28.0,17.5,20.7,0.0,0.0,0.0,11.2,False,open_meteo_historical_weather_api,2026-06-11T10:40:28Z
8,Riyadh,2024-12-10,0,17.7,21.4,13.8,14.4,0.0,0.0,0.0,11.6,False,open_meteo_historical_weather_api,2026-06-11T10:40:28Z
8,Riyadh,2024-12-11,0,16.1,20.8,10.8,13.2,0.0,0.0,0.0,8.0,False,open_meteo_historical_weather_api,2026-06-11T10:40:28Z
8,Riyadh,2024-12-12,0,16.7,22.5,10.1,13.8,0.0,0.0,0.0,7.7,False,open_meteo_historical_weather_api,2026-06-11T10:40:28Z
8,Riyadh,2024-12-13,3,18.4,24.2,11.9,15.1,0.0,0.0,0.0,7.6,False,open_meteo_historical_weather_api,2026-06-11T10:40:28Z
8,Riyadh,2024-12-14,0,16.4,20.1,12.6,13.0,0.0,0.0,0.0,11.9,False,open_meteo_historical_weather_api,2026-06-11T10:40:28Z
8,Riyadh,2024-12-15,0,12.0,15.4,9.1,7.6,0.0,0.0,0.0,11.1,False,open_meteo_historical_weather_api,2026-06-11T10:40:28Z
8,Riyadh,2024-12-16,0,10.7,16.0,5.5,6.4,0.0,0.0,0.0,8.2,False,open_meteo_historical_weather_api,2026-06-11T10:40:28Z
8,Riyadh,2024-12-17,3,14.5,21.6,7.8,11.0,0.0,0.0,0.0,6.8,False,open_meteo_historical_weather_api,2026-06-11T10:40:28Z
8,Riyadh,2024-12-18,3,15.6,21.0,10.8,12.0,0.0,0.0,0.0,8.5,False,open_meteo_historical_weather_api,2026-06-11T10:40:28Z
8,Riyadh,2024-12-19,3,14.9,20.2,9.4,11.0,0.0,0.0,0.0,5.5,False,open_meteo_historical_weather_api,2026-06-11T10:40:28Z
8,Riyadh,2024-12-20,3,16.4,22.6,10.2,12.5,0.0,0.0,0.0,10.2,False,open_meteo_historical_weather_api,2026-06-11T10:40:28Z
8,Riyadh,2024-12-21,3,17.7,20.6,13.4,14.4,0.0,0.0,0.0,13.6,False,open_meteo_historical_weather_api,2026-06-11T10:40:28Z
8,Riyadh,2024-12-22,0,12.8,17.0,8.9,9.6,0.0,0.0,0.0,11.4,False,open_meteo_historical_weather_api,2026-06-11T10:40:28Z
8,Riyadh,2024-12-23,0,12.7,18.5,6.9,10.1,0.0,0.0,0.0,7.4,False,open_meteo_historical_weather_api,2026-06-11T10:40:28Z
8,Riyadh,2024-12-24,3,16.2,21.3,11.1,13.6,0.0,0.0,0.0,8.9,False,open_meteo_historical_weather_api,2026-06-11T10:40:28Z
8,Riyadh,2024-12-25,2,17.9,23.6,12.6,15.4,0.0,0.0,0.0,10.7,False,open_meteo_historical_weather_api,2026-06-11T10:40:28Z
8,Riyadh,2024-12-26,3,18.3,22.6,14.4,15.5,0.0,0.0,0.0,12.5,False,open_meteo_historical_weather_api,2026-06-11T10:40:28Z
8,Riyadh,2024-12-27,3,19.1,24.0,14.4,16.2,0.0,0.0,0.0,16.5,False,open_meteo_historical_weather_api,2026-06-11T10:40:28Z
8,Riyadh,2024-12-28,3,21.0,26.9,15.7,18.3,0.0,0.0,0.0,12.0,False,open_meteo_historical_weather_api,2026-06-11T10:40:28Z
8,Riyadh,2024-12-29,3,19.4,24.0,13.9,17.1,0.0,0.0,0.0,8.4,False,open_meteo_historical_weather_api,2026-06-11T10:40:28Z
8,Riyadh,2024-12-30,3,21.5,27.1,16.5,19.1,0.0,0.0,0.0,10.2,False,open_meteo_historical_weather_api,2026-06-11T10:40:28Z
8,Riyadh,2024-12-31,3,17.7,20.3,14.4,16.1,0.0,0.0,0.0,10.1,False,open_meteo_historical_weather_api,2026-06-11T10:40:28Z
9,London,2024-01-01,61,7.7,10.1,5.8,3.1,8.3,8.3,8.0,30.6,True,open_meteo_historical_weather_api,2026-06-11T10:40:28Z
9,London,2024-01-02,61,11.1,12.9,8.8,6.5,9.6,9.6,11.0,52.3,True,open_meteo_historical_weather_api,2026-06-11T10:40:28Z
9,London,2024-01-03,61,8.4,10.4,6.4,4.3,2.3,2.3,6.0,25.9,True,open_meteo_historical_weather_api,2026-06-11T10:40:28Z
9,London,2024-01-04,65,6.8,8.2,4.9,3.5,27.7,27.7,8.0,27.4,True,open_meteo_historical_weather_api,2026-06-11T10:40:28Z
9,London,2024-01-05,63,5.7,7.1,4.4,1.4,4.6,4.6,8.0,33.7,True,open_meteo_historical_weather_api,2026-06-11T10:40:28Z
9,London,2024-01-06,51,4.8,6.3,3.8,1.6,0.2,0.2,2.0,16.6,True,open_meteo_historical_weather_api,2026-06-11T10:40:28Z
9,London,2024-01-07,3,3.1,4.7,1.5,-1.7,0.0,0.0,0.0,22.2,False,open_meteo_historical_weather_api,2026-06-11T10:40:28Z
9,London,2024-01-08,71,2.0,3.3,1.0,-3.6,0.7,0.4,4.0,27.6,True,open_meteo_historical_weather_api,2026-06-11T10:40:28Z
9,London,2024-01-09,3,1.6,4.0,0.6,-4.4,0.0,0.0,0.0,31.4,False,open_meteo_historical_weather_api,2026-06-11T10:40:28Z
9,London,2024-01-10,3,1.9,4.8,0.4,-3.5,0.0,0.0,0.0,22.5,False,open_meteo_historical_weather_api,2026-06-11T10:40:28Z
9,London,2024-01-11,3,2.4,5.5,-0.9,-2.0,0.0,0.0,0.0,24.0,False,open_meteo_historical_weather_api,2026-06-11T10:40:28Z
9,London,2024-01-12,3,5.1,6.8,3.8,1.9,0.0,0.0,0.0,18.1,False,open_meteo_historical_weather_api,2026-06-11T10:40:28Z
9,London,2024-01-13,3,3.3,4.4,1.5,0.1,0.0,0.0,0.0,10.7,False,open_meteo_historical_weather_api,2026-06-11T10:40:28Z
9,London,2024-01-14,53,3.6,5.7,1.6,-0.1,1.6,1.6,8.0,17.1,True,open_meteo_historical_weather_api,2026-06-11T10:40:28Z
9,London,2024-01-15,3,-0.6,2.5,-4.0,-4.9,0.0,0.0,0.0,18.8,False,open_meteo_historical_weather_api,2026-06-11T10:40:28Z
9,London,2024-01-16,3,-1.7,3.8,-4.5,-5.7,0.0,0.0,0.0,11.8,False,open_meteo_historical_weather_api,2026-06-11T10:40:28Z
9,London,2024-01-17,3,0.2,2.4,-2.3,-3.7,0.0,0.0,0.0,19.9,False,open_meteo_historical_weather_api,2026-06-11T10:40:28Z
9,London,2024-01-18,0,-2.3,2.5,-5.1,-6.8,0.0,0.0,0.0,15.3,False,open_meteo_historical_weather_api,2026-06-11T10:40:28Z
9,London,2024-01-19,2,-0.8,4.8,-3.8,-5.1,0.0,0.0,0.0,13.7,False,open_meteo_historical_weather_api,2026-06-11T10:40:28Z
9,London,2024-01-20,3,2.4,5.2,-0.9,-2.8,0.0,0.0,0.0,26.9,False,open_meteo_historical_weather_api,2026-06-11T10:40:28Z
9,London,2024-01-21,51,8.9,11.8,4.2,2.7,1.3,1.3,5.0,49.0,True,open_meteo_historical_weather_api,2026-06-11T10:40:28Z
9,London,2024-01-22,61,9.5,12.4,6.8,3.6,6.0,6.0,7.0,50.1,True,open_meteo_historical_weather_api,2026-06-11T10:40:28Z
9,London,2024-01-23,53,8.7,12.9,4.1,4.0,2.9,2.9,9.0,37.4,True,open_meteo_historical_weather_api,2026-06-11T10:40:28Z
9,London,2024-01-24,51,9.7,12.9,6.7,4.9,0.1,0.1,1.0,36.1,True,open_meteo_historical_weather_api,2026-06-11T10:40:28Z
9,London,2024-01-25,51,8.9,11.8,3.6,6.1,0.1,0.1,1.0,27.1,True,open_meteo_historical_weather_api,2026-06-11T10:40:28Z
9,London,2024-01-26,53,8.0,12.1,2.5,3.6,1.6,1.6,4.0,33.2,True,open_meteo_historical_weather_api,2026-06-11T10:40:28Z
9,London,2024-01-27,3,3.7,8.4,-0.4,0.3,0.0,0.0,0.0,18.7,False,open_meteo_historical_weather_api,2026-06-11T10:40:28Z
9,London,2024-01-28,3,5.7,10.8,1.4,2.6,0.0,0.0,0.0,13.7,False,open_meteo_historical_weather_api,2026-06-11T10:40:28Z
9,London,2024-01-29,3,10.6,12.9,7.7,8.0,0.0,0.0,0.0,23.7,False,open_meteo_historical_weather_api,2026-06-11T10:40:28Z
9,London,2024-01-30,3,8.6,12.6,5.9,4.9,0.0,0.0,0.0,27.9,False,open_meteo_historical_weather_api,2026-06-11T10:40:28Z
9,London,2024-01-31,51,7.3,10.9,3.2,3.5,0.4,0.4,2.0,29.0,True,open_meteo_historical_weather_api,2026-06-11T10:40:28Z
9,London,2024-02-01,51,6.2,10.8,2.3,3.1,0.2,0.2,2.0,21.1,True,open_meteo_historical_weather_api,2026-06-11T10:40:28Z
9,London,2024-02-02,3,9.1,12.6,3.0,4.9,0.0,0.0,0.0,31.8,False,open_meteo_historical_weather_api,2026-06-11T10:40:28Z
9,London,2024-02-03,53,11.3,12.8,10.2,7.8,0.7,0.7,1.0,27.1,True,open_meteo_historical_weather_api,2026-06-11T10:40:28Z
9,London,2024-02-04,51,11.5,13.2,9.9,7.3,0.1,0.1,1.0,35.4,True,open_meteo_historical_weather_api,2026-06-11T10:40:28Z
9,London,2024-02-05,3,9.5,11.5,7.3,4.4,0.0,0.0,0.0,37.2,False,open_meteo_historical_weather_api,2026-06-11T10:40:28Z
9,London,2024-02-06,61,11.7,13.2,10.5,6.5,5.8,5.8,10.0,38.7,True,open_meteo_historical_weather_api,2026-06-11T10:40:28Z
9,London,2024-02-07,63,6.1,11.2,4.5,2.9,12.3,12.3,7.0,30.3,True,open_meteo_historical_weather_api,2026-06-11T10:40:28Z
9,London,2024-02-08,61,7.2,12.2,2.9,3.9,16.1,16.1,18.0,25.3,True,open_meteo_historical_weather_api,2026-06-11T10:40:28Z
9,London,2024-02-09,61,10.5,12.6,9.2,6.7,7.0,7.0,13.0,32.8,True,open_meteo_historical_weather_api,2026-06-11T10:40:28Z
9,London,2024-02-10,55,9.3,11.4,7.7,7.5,3.3,3.3,9.0,13.9,True,open_meteo_historical_weather_api,2026-06-11T10:40:28Z
9,London,2024-02-11,61,7.2,10.5,4.4,4.7,7.3,7.3,10.0,19.5,True,open_meteo_historical_weather_api,2026-06-11T10:40:28Z
9,London,2024-02-12,3,4.8,9.1,2.0,1.3,0.0,0.0,0.0,16.3,False,open_meteo_historical_weather_api,2026-06-11T10:40:28Z
9,London,2024-02-13,53,7.7,11.4,3.7,3.8,2.6,2.6,7.0,27.6,True,open_meteo_historical_weather_api,2026-06-11T10:40:28Z
9,London,2024-02-14,53,12.1,13.9,10.6,9.0,2.2,2.2,5.0,26.8,True,open_meteo_historical_weather_api,2026-06-11T10:40:28Z
9,London,2024-02-15,51,13.0,16.6,10.5,11.0,1.1,1.1,5.0,20.7,True,open_meteo_historical_weather_api,2026-06-11T10:40:28Z
9,London,2024-02-16,53,10.6,12.9,6.8,7.8,2.0,2.0,5.0,23.8,True,open_meteo_historical_weather_api,2026-06-11T10:40:28Z
9,London,2024-02-17,51,9.8,13.3,5.6,7.2,0.7,0.7,4.0,27.2,True,open_meteo_historical_weather_api,2026-06-11T10:40:28Z
9,London,2024-02-18,63,11.5,14.8,8.1,8.6,13.2,13.2,15.0,27.2,True,open_meteo_historical_weather_api,2026-06-11T10:40:28Z
9,London,2024-02-19,61,9.0,13.2,6.2,5.9,2.2,2.2,4.0,21.5,True,open_meteo_historical_weather_api,2026-06-11T10:40:28Z
9,London,2024-02-20,51,8.5,11.9,5.4,4.9,0.1,0.1,1.0,30.0,True,open_meteo_historical_weather_api,2026-06-11T10:40:28Z
9,London,2024-02-21,53,9.9,11.9,8.8,5.8,3.5,3.5,12.0,36.1,True,open_meteo_historical_weather_api,2026-06-11T10:40:28Z
9,London,2024-02-22,63,8.2,11.6,3.4,4.1,11.5,11.5,10.0,33.4,True,open_meteo_historical_weather_api,2026-06-11T10:40:28Z
9,London,2024-02-23,73,4.8,8.4,1.9,0.5,2.0,1.5,5.0,23.5,True,open_meteo_historical_weather_api,2026-06-11T10:40:28Z
9,London,2024-02-24,53,2.9,8.1,-1.6,0.1,1.6,1.6,6.0,8.7,True,open_meteo_historical_weather_api,2026-06-11T10:40:28Z
9,London,2024-02-25,53,4.4,8.9,-0.2,0.3,2.9,2.9,8.0,33.0,True,open_meteo_historical_weather_api,2026-06-11T10:40:28Z
9,London,2024-02-26,53,6.2,8.6,3.3,-0.4,1.4,1.4,4.0,43.7,True,open_meteo_historical_weather_api,2026-06-11T10:40:28Z
9,London,2024-02-27,53,4.6,7.6,1.8,1.2,0.5,0.5,1.0,15.0,True,open_meteo_historical_weather_api,2026-06-11T10:40:28Z
9,London,2024-02-28,51,8.4,10.8,5.5,5.4,1.3,1.3,7.0,25.1,True,open_meteo_historical_weather_api,2026-06-11T10:40:28Z
9,London,2024-02-29,61,9.3,10.9,5.9,6.1,8.3,8.3,15.0,26.1,True,open_meteo_historical_weather_api,2026-06-11T10:40:28Z
9,London,2024-03-01,71,5.2,8.4,3.2,0.6,6.6,6.5,9.0,34.9,True,open_meteo_historical_weather_api,2026-06-11T10:40:28Z
9,London,2024-03-02,53,5.1,8.0,1.6,0.9,2.2,2.2,11.0,27.0,True,open_meteo_historical_weather_api,2026-06-11T10:40:28Z
9,London,2024-03-03,3,3.8,9.0,-1.0,0.8,0.0,0.0,0.0,12.0,False,open_meteo_historical_weather_api,2026-06-11T10:40:28Z
9,London,2024-03-04,51,5.1,11.1,-0.8,1.0,1.0,1.0,5.0,23.3,True,open_meteo_historical_weather_api,2026-06-11T10:40:28Z
9,London,2024-03-05,53,7.1,10.6,4.3,4.7,1.9,1.9,8.0,21.8,True,open_meteo_historical_weather_api,2026-06-11T10:40:28Z
9,London,2024-03-06,3,5.5,10.5,2.2,3.0,0.0,0.0,0.0,9.7,False,open_meteo_historical_weather_api,2026-06-11T10:40:28Z
9,London,2024-03-07,51,6.6,10.4,2.9,2.8,0.3,0.3,3.0,25.6,True,open_meteo_historical_weather_api,2026-06-11T10:40:28Z
9,London,2024-03-08,3,6.5,9.6,3.7,1.8,0.0,0.0,0.0,28.0,False,open_meteo_historical_weather_api,2026-06-11T10:40:28Z
9,London,2024-03-09,51,8.9,12.8,6.4,5.1,0.4,0.4,2.0,24.5,True,open_meteo_historical_weather_api,2026-06-11T10:40:28Z
9,London,2024-03-10,61,8.0,9.1,7.2,5.7,8.5,8.5,20.0,17.9,True,open_meteo_historical_weather_api,2026-06-11T10:40:28Z
9,London,2024-03-11,53,8.0,10.4,6.6,5.1,2.0,2.0,7.0,19.8,True,open_meteo_historical_weather_api,2026-06-11T10:40:28Z
9,London,2024-03-12,61,9.9,13.4,6.3,7.2,13.3,13.3,11.0,22.0,True,open_meteo_historical_weather_api,2026-06-11T10:40:28Z
9,London,2024-03-13,51,11.4,13.1,10.1,7.7,0.5,0.5,4.0,31.4,True,open_meteo_historical_weather_api,2026-06-11T10:40:28Z
9,London,2024-03-14,51,11.5,16.2,8.3,8.1,1.2,1.2,5.0,28.1,True,open_meteo_historical_weather_api,2026-06-11T10:40:28Z
9,London,2024-03-15,53,11.8,14.3,9.8,8.0,1.3,1.3,8.0,31.8,True,open_meteo_historical_weather_api,2026-06-11T10:40:28Z
9,London,2024-03-16,53,9.2,13.3,5.1,6.3,1.3,1.3,3.0,18.5,True,open_meteo_historical_weather_api,2026-06-11T10:40:28Z
9,London,2024-03-17,61,11.4,15.2,9.2,9.0,6.4,6.4,9.0,20.5,True,open_meteo_historical_weather_api,2026-06-11T10:40:28Z
9,London,2024-03-18,51,10.7,14.6,7.6,8.2,0.2,0.2,2.0,21.9,True,open_meteo_historical_weather_api,2026-06-11T10:40:28Z
9,London,2024-03-19,51,11.1,12.4,9.8,8.0,0.2,0.2,2.0,23.2,True,open_meteo_historical_weather_api,2026-06-11T10:40:28Z
9,London,2024-03-20,51,12.0,16.1,9.9,10.6,0.8,0.8,6.0,12.8,True,open_meteo_historical_weather_api,2026-06-11T10:40:28Z
9,London,2024-03-21,3,10.6,14.4,5.8,8.5,0.0,0.0,0.0,22.1,False,open_meteo_historical_weather_api,2026-06-11T10:40:28Z
9,London,2024-03-22,51,9.7,11.7,5.8,6.4,0.4,0.4,2.0,19.7,True,open_meteo_historical_weather_api,2026-06-11T10:40:28Z
9,London,2024-03-23,73,6.2,9.7,3.3,1.0,1.7,1.1,3.0,32.0,True,open_meteo_historical_weather_api,2026-06-11T10:40:28Z
9,London,2024-03-24,3,7.9,11.4,5.2,3.0,0.0,0.0,0.0,32.3,False,open_meteo_historical_weather_api,2026-06-11T10:40:28Z
9,London,2024-03-25,53,7.6,11.6,3.2,4.1,0.9,0.9,3.0,22.3,True,open_meteo_historical_weather_api,2026-06-11T10:40:28Z
9,London,2024-03-26,61,9.3,13.7,6.2,6.6,10.9,10.9,8.0,25.3,True,open_meteo_historical_weather_api,2026-06-11T10:40:28Z
9,London,2024-03-27,61,7.3,11.0,5.0,3.0,3.9,3.9,7.0,35.0,True,open_meteo_historical_weather_api,2026-06-11T10:40:28Z
9,London,2024-03-28,63,7.9,10.4,4.5,1.9,10.2,10.2,14.0,44.7,True,open_meteo_historical_weather_api,2026-06-11T10:40:28Z
9,London,2024-03-29,63,9.4,12.9,7.2,4.8,5.0,5.0,8.0,31.6,True,open_meteo_historical_weather_api,2026-06-11T10:40:28Z
9,London,2024-03-30,3,8.7,14.1,3.7,6.1,0.0,0.0,0.0,14.2,False,open_meteo_historical_weather_api,2026-06-11T10:40:28Z
9,London,2024-03-31,51,8.5,12.0,5.1,5.4,0.3,0.3,1.0,25.3,True,open_meteo_historical_weather_api,2026-06-11T10:40:28Z
9,London,2024-04-01,61,9.6,13.4,6.7,6.4,6.0,6.0,10.0,21.8,True,open_meteo_historical_weather_api,2026-06-11T10:40:28Z
9,London,2024-04-02,61,10.2,14.2,7.9,6.6,4.3,4.3,12.0,27.1,True,open_meteo_historical_weather_api,2026-06-11T10:40:28Z
9,London,2024-04-03,51,11.4,13.9,9.6,7.3,0.7,0.7,4.0,35.3,True,open_meteo_historical_weather_api,2026-06-11T10:40:28Z
9,London,2024-04-04,61,12.0,14.9,9.4,8.2,3.5,3.5,11.0,32.8,True,open_meteo_historical_weather_api,2026-06-11T10:40:28Z
9,London,2024-04-05,61,13.6,16.5,11.9,9.7,5.5,5.5,15.0,37.7,True,open_meteo_historical_weather_api,2026-06-11T10:40:28Z
9,London,2024-04-06,51,16.0,19.4,13.1,11.8,0.1,0.1,1.0,36.1,True,open_meteo_historical_weather_api,2026-06-11T10:40:28Z
9,London,2024-04-07,3,12.7,15.4,10.2,7.4,0.0,0.0,0.0,44.7,False,open_meteo_historical_weather_api,2026-06-11T10:40:28Z
9,London,2024-04-08,55,12.1,17.0,8.6,9.6,1.7,1.7,4.0,22.0,True,open_meteo_historical_weather_api,2026-06-11T10:40:28Z
9,London,2024-04-09,51,9.4,11.7,7.4,3.7,0.5,0.5,4.0,40.3,True,open_meteo_historical_weather_api,2026-06-11T10:40:28Z
9,London,2024-04-10,53,9.2,12.9,4.5,5.5,1.7,1.7,7.0,32.2,True,open_meteo_historical_weather_api,2026-06-11T10:40:28Z
9,London,2024-04-11,51,14.5,18.4,12.1,12.3,0.4,0.4,4.0,24.2,True,open_meteo_historical_weather_api,2026-06-11T10:40:28Z
9,London,2024-04-12,3,14.0,19.4,9.8,11.0,0.0,0.0,0.0,26.2,False,open_meteo_historical_weather_api,2026-06-11T10:40:28Z
9,London,2024-04-13,3,14.2,18.6,10.4,11.5,0.0,0.0,0.0,23.8,False,open_meteo_historical_weather_api,2026-06-11T10:40:28Z
9,London,2024-04-14,3,10.6,13.8,7.8,7.4,0.0,0.0,0.0,19.7,False,open_meteo_historical_weather_api,2026-06-11T10:40:28Z
9,London,2024-04-15,61,8.5,11.4,6.6,2.6,4.6,4.6,7.0,38.4,True,open_meteo_historical_weather_api,2026-06-11T10:40:28Z
9,London,2024-04-16,71,8.9,13.0,5.5,4.3,4.6,4.4,11.0,32.1,True,open_meteo_historical_weather_api,2026-06-11T10:40:28Z
9,London,2024-04-17,51,7.3,11.2,4.2,3.0,0.5,0.5,3.0,23.2,True,open_meteo_historical_weather_api,2026-06-11T10:40:28Z
9,London,2024-04-18,53,8.3,12.6,3.2,4.3,0.9,0.9,4.0,21.0,True,open_meteo_historical_weather_api,2026-06-11T10:40:28Z
9,London,2024-04-19,53,10.0,13.6,7.6,5.8,1.2,1.2,5.0,28.8,True,open_meteo_historical_weather_api,2026-06-11T10:40:28Z
9,London,2024-04-20,51,6.9,10.2,3.2,2.4,0.2,0.2,2.0,24.2,True,open_meteo_historical_weather_api,2026-06-11T10:40:28Z
9,London,2024-04-21,3,7.4,10.6,3.7,2.8,0.0,0.0,0.0,26.9,False,open_meteo_historical_weather_api,2026-06-11T10:40:28Z
9,London,2024-04-22,51,6.1,8.1,3.0,3.1,1.0,1.0,6.0,12.2,True,open_meteo_historical_weather_api,2026-06-11T10:40:28Z
9,London,2024-04-23,51,7.7,10.9,5.9,4.7,1.5,1.5,11.0,21.7,True,open_meteo_historical_weather_api,2026-06-11T10:40:28Z
9,London,2024-04-24,3,6.8,9.1,2.4,2.8,0.0,0.0,0.0,21.1,False,open_meteo_historical_weather_api,2026-06-11T10:40:28Z
9,London,2024-04-25,61,7.1,12.0,1.2,4.0,4.2,4.2,11.0,18.0,True,open_meteo_historical_weather_api,2026-06-11T10:40:28Z
9,London,2024-04-26,3,7.3,11.9,2.0,4.4,0.0,0.0,0.0,13.1,False,open_meteo_historical_weather_api,2026-06-11T10:40:28Z
9,London,2024-04-27,61,8.9,12.1,6.6,5.4,7.5,7.5,16.0,22.8,True,open_meteo_historical_weather_api,2026-06-11T10:40:28Z
9,London,2024-04-28,63,8.3,11.4,6.6,4.6,14.0,14.0,19.0,27.1,True,open_meteo_historical_weather_api,2026-06-11T10:40:28Z
9,London,2024-04-29,51,10.3,14.6,5.8,6.4,0.3,0.3,3.0,27.7,True,open_meteo_historical_weather_api,2026-06-11T10:40:28Z
9,London,2024-04-30,51,12.5,17.4,7.2,9.9,0.4,0.4,4.0,25.2,True,open_meteo_historical_weather_api,2026-06-11T10:40:28Z
9,London,2024-05-01,51,13.8,19.1,8.0,13.1,0.1,0.1,1.0,12.8,True,open_meteo_historical_weather_api,2026-06-11T10:40:28Z
9,London,2024-05-02,55,13.8,19.6,10.6,12.3,2.5,2.5,7.0,22.4,True,open_meteo_historical_weather_api,2026-06-11T10:40:28Z
9,London,2024-05-03,53,10.6,12.6,9.2,7.6,9.0,9.0,19.0,24.7,True,open_meteo_historical_weather_api,2026-06-11T10:40:28Z
9,London,2024-05-04,61,11.4,15.4,6.8,9.7,2.7,2.7,7.0,13.1,True,open_meteo_historical_weather_api,2026-06-11T10:40:28Z
9,London,2024-05-05,51,11.5,16.5,6.1,9.8,0.3,0.3,3.0,17.8,True,open_meteo_historical_weather_api,2026-06-11T10:40:28Z
9,London,2024-05-06,63,11.6,15.2,7.8,10.1,9.7,9.7,16.0,15.8,True,open_meteo_historical_weather_api,2026-06-11T10:40:28Z
9,London,2024-05-07,51,13.7,19.1,8.6,12.2,0.5,0.5,4.0,15.0,True,open_meteo_historical_weather_api,2026-06-11T10:40:28Z
9,London,2024-05-08,3,13.2,19.5,7.9,12.2,0.0,0.0,0.0,9.9,False,open_meteo_historical_weather_api,2026-06-11T10:40:28Z
9,London,2024-05-09,3,15.2,21.9,9.1,14.8,0.0,0.0,0.0,11.4,False,open_meteo_historical_weather_api,2026-06-11T10:40:28Z
9,London,2024-05-10,3,15.4,22.1,9.9,14.4,0.0,0.0,0.0,17.4,False,open_meteo_historical_weather_api,2026-06-11T10:40:28Z
9,London,2024-05-11,3,15.1,21.0,9.2,13.6,0.0,0.0,0.0,20.9,False,open_meteo_historical_weather_api,2026-06-11T10:40:28Z
9,London,2024-05-12,3,17.6,24.8,12.0,16.6,0.0,0.0,0.0,19.5,False,open_meteo_historical_weather_api,2026-06-11T10:40:28Z
9,London,2024-05-13,51,15.1,18.1,10.9,12.7,0.3,0.3,3.0,27.1,True,open_meteo_historical_weather_api,2026-06-11T10:40:28Z
9,London,2024-05-14,61,14.7,16.9,13.4,13.1,6.6,6.6,12.0,21.0,True,open_meteo_historical_weather_api,2026-06-11T10:40:28Z
9,London,2024-05-15,51,15.0,19.5,11.4,13.7,0.6,0.6,5.0,14.7,True,open_meteo_historical_weather_api,2026-06-11T10:40:28Z
9,London,2024-05-16,53,13.7,17.3,9.5,13.2,2.1,2.1,9.0,10.0,True,open_meteo_historical_weather_api,2026-06-11T10:40:28Z
9,London,2024-05-17,51,15.1,19.8,9.1,14.8,0.2,0.2,2.0,7.9,True,open_meteo_historical_weather_api,2026-06-11T10:40:28Z
9,London,2024-05-18,55,15.3,19.3,11.2,14.5,1.6,1.6,5.0,13.8,True,open_meteo_historical_weather_api,2026-06-11T10:40:28Z
9,London,2024-05-19,51,15.3,21.4,8.6,13.6,0.2,0.2,2.0,19.3,True,open_meteo_historical_weather_api,2026-06-11T10:40:28Z
9,London,2024-05-20,51,14.4,20.1,8.8,12.8,0.1,0.1,1.0,16.2,True,open_meteo_historical_weather_api,2026-06-11T10:40:28Z
9,London,2024-05-21,61,13.1,15.9,9.8,12.1,8.4,8.4,14.0,12.9,True,open_meteo_historical_weather_api,2026-06-11T10:40:28Z
9,London,2024-05-22,61,13.6,15.1,12.5,12.1,14.3,14.3,22.0,22.4,True,open_meteo_historical_weather_api,2026-06-11T10:40:28Z
9,London,2024-05-23,3,14.1,17.5,11.3,11.4,0.0,0.0,0.0,22.7,False,open_meteo_historical_weather_api,2026-06-11T10:40:28Z
9,London,2024-05-24,3,13.0,17.5,7.2,11.1,0.0,0.0,0.0,12.9,False,open_meteo_historical_weather_api,2026-06-11T10:40:28Z
9,London,2024-05-25,51,14.6,19.9,8.9,13.5,0.1,0.1,1.0,15.4,True,open_meteo_historical_weather_api,2026-06-11T10:40:28Z
9,London,2024-05-26,61,15.0,18.5,12.1,12.7,5.4,5.4,15.0,27.9,True,open_meteo_historical_weather_api,2026-06-11T10:40:28Z
9,London,2024-05-27,51,12.9,16.5,9.5,10.3,0.8,0.8,4.0,19.9,True,open_meteo_historical_weather_api,2026-06-11T10:40:28Z
9,London,2024-05-28,61,14.0,18.4,9.7,11.8,4.0,4.0,9.0,32.0,True,open_meteo_historical_weather_api,2026-06-11T10:40:28Z
9,London,2024-05-29,51,15.5,19.1,11.9,13.0,0.5,0.5,5.0,24.0,True,open_meteo_historical_weather_api,2026-06-11T10:40:28Z
9,London,2024-05-30,53,13.8,17.5,11.1,11.3,3.4,3.4,10.0,22.9,True,open_meteo_historical_weather_api,2026-06-11T10:40:28Z
9,London,2024-05-31,53,13.3,15.4,11.4,9.5,1.1,1.1,3.0,37.8,True,open_meteo_historical_weather_api,2026-06-11T10:40:28Z
9,London,2024-06-01,3,13.2,16.5,8.9,9.9,0.0,0.0,0.0,27.8,False,open_meteo_historical_weather_api,2026-06-11T10:40:28Z
9,London,2024-06-02,3,15.2,21.5,7.9,13.9,0.0,0.0,0.0,14.9,False,open_meteo_historical_weather_api,2026-06-11T10:40:28Z
9,London,2024-06-03,51,16.1,19.6,10.4,15.5,0.3,0.3,3.0,12.6,True,open_meteo_historical_weather_api,2026-06-11T10:40:28Z
9,London,2024-06-04,61,15.7,19.6,12.3,14.1,3.7,3.7,7.0,23.4,True,open_meteo_historical_weather_api,2026-06-11T10:40:28Z
9,London,2024-06-05,3,12.2,15.4,6.2,9.2,0.0,0.0,0.0,20.9,False,open_meteo_historical_weather_api,2026-06-11T10:40:28Z
9,London,2024-06-06,51,13.0,16.7,8.6,10.5,0.1,0.1,1.0,15.3,True,open_meteo_historical_weather_api,2026-06-11T10:40:28Z
9,London,2024-06-07,51,13.7,18.1,7.4,11.1,0.1,0.1,1.0,20.9,True,open_meteo_historical_weather_api,2026-06-11T10:40:28Z
9,London,2024-06-08,51,14.0,17.6,9.6,11.3,0.6,0.6,5.0,19.8,True,open_meteo_historical_weather_api,2026-06-11T10:40:28Z
9,London,2024-06-09,3,12.6,16.9,6.3,9.7,0.0,0.0,0.0,22.3,False,open_meteo_historical_weather_api,2026-06-11T10:40:28Z
9,London,2024-06-10,61,12.0,14.6,8.6,8.8,8.0,8.0,15.0,29.5,True,open_meteo_historical_weather_api,2026-06-11T10:40:28Z
9,London,2024-06-11,53,11.1,15.1,6.6,8.9,2.0,2.0,10.0,14.1,True,open_meteo_historical_weather_api,2026-06-11T10:40:28Z
9,London,2024-06-12,51,12.1,15.9,7.5,10.3,1.0,1.0,7.0,12.1,True,open_meteo_historical_weather_api,2026-06-11T10:40:28Z
9,London,2024-06-13,53,12.3,15.9,7.1,9.2,1.6,1.6,5.0,26.2,True,open_meteo_historical_weather_api,2026-06-11T10:40:28Z
9,London,2024-06-14,55,14.9,18.0,12.2,11.7,2.4,2.4,9.0,28.7,True,open_meteo_historical_weather_api,2026-06-11T10:40:28Z
9,London,2024-06-15,53,13.4,17.3,9.6,9.8,2.6,2.6,8.0,34.8,True,open_meteo_historical_weather_api,2026-06-11T10:40:28Z
9,London,2024-06-16,51,15.0,19.8,10.6,12.1,0.1,0.1,1.0,23.3,True,open_meteo_historical_weather_api,2026-06-11T10:40:28Z
9,London,2024-06-17,3,15.8,20.7,9.9,14.0,0.0,0.0,0.0,17.1,False,open_meteo_historical_weather_api,2026-06-11T10:40:28Z
9,London,2024-06-18,51,16.4,21.0,11.4,15.2,0.3,0.3,3.0,15.5,True,open_meteo_historical_weather_api,2026-06-11T10:40:28Z
9,London,2024-06-19,3,15.2,19.7,11.4,12.7,0.0,0.0,0.0,22.9,False,open_meteo_historical_weather_api,2026-06-11T10:40:28Z
9,London,2024-06-20,3,15.4,21.1,8.1,14.0,0.0,0.0,0.0,13.1,False,open_meteo_historical_weather_api,2026-06-11T10:40:28Z
9,London,2024-06-21,51,17.0,23.0,10.3,15.6,0.1,0.1,1.0,25.5,True,open_meteo_historical_weather_api,2026-06-11T10:40:28Z
9,London,2024-06-22,51,17.4,21.8,13.6,15.8,1.6,1.6,10.0,17.3,True,open_meteo_historical_weather_api,2026-06-11T10:40:28Z
9,London,2024-06-23,3,17.8,23.0,10.6,17.4,0.0,0.0,0.0,10.8,False,open_meteo_historical_weather_api,2026-06-11T10:40:28Z
9,London,2024-06-24,3,20.5,26.3,14.0,21.2,0.0,0.0,0.0,14.3,False,open_meteo_historical_weather_api,2026-06-11T10:40:28Z
9,London,2024-06-25,3,20.8,28.0,12.9,21.2,0.0,0.0,0.0,18.1,False,open_meteo_historical_weather_api,2026-06-11T10:40:28Z
9,London,2024-06-26,3,21.6,27.9,14.3,22.1,0.0,0.0,0.0,18.4,False,open_meteo_historical_weather_api,2026-06-11T10:40:28Z
9,London,2024-06-27,3,19.6,23.2,15.0,17.7,0.0,0.0,0.0,26.0,False,open_meteo_historical_weather_api,2026-06-11T10:40:28Z
9,London,2024-06-28,3,16.8,21.6,12.1,13.7,0.0,0.0,0.0,25.9,False,open_meteo_historical_weather_api,2026-06-11T10:40:28Z
9,London,2024-06-29,3,17.5,22.8,10.1,16.7,0.0,0.0,0.0,7.6,False,open_meteo_historical_weather_api,2026-06-11T10:40:28Z
9,London,2024-06-30,51,17.1,19.9,15.4,15.3,0.3,0.3,2.0,17.7,True,open_meteo_historical_weather_api,2026-06-11T10:40:28Z
9,London,2024-07-01,51,16.5,19.4,12.7,14.4,0.1,0.1,1.0,20.5,True,open_meteo_historical_weather_api,2026-06-11T10:40:28Z
9,London,2024-07-02,51,15.4,17.6,12.8,13.2,0.1,0.1,1.0,20.0,True,open_meteo_historical_weather_api,2026-06-11T10:40:28Z
9,London,2024-07-03,53,15.3,18.5,12.6,13.6,1.6,1.6,6.0,21.6,True,open_meteo_historical_weather_api,2026-06-11T10:40:28Z
9,London,2024-07-04,51,15.9,19.6,12.3,12.2,0.4,0.4,1.0,30.8,True,open_meteo_historical_weather_api,2026-06-11T10:40:28Z
9,London,2024-07-05,63,16.2,21.0,13.4,14.7,22.0,22.0,18.0,28.7,True,open_meteo_historical_weather_api,2026-06-11T10:40:28Z
9,London,2024-07-06,63,14.7,16.6,11.7,11.6,10.3,10.3,17.0,29.7,True,open_meteo_historical_weather_api,2026-06-11T10:40:28Z
9,London,2024-07-07,63,13.5,17.5,10.1,11.2,12.3,12.3,9.0,24.7,True,open_meteo_historical_weather_api,2026-06-11T10:40:28Z
9,London,2024-07-08,55,14.6,18.5,8.9,13.5,4.6,4.6,11.0,16.2,True,open_meteo_historical_weather_api,2026-06-11T10:40:28Z
9,London,2024-07-09,63,17.0,19.9,14.7,16.3,18.3,18.3,17.0,20.4,True,open_meteo_historical_weather_api,2026-06-11T10:40:28Z
9,London,2024-07-10,51,17.7,20.5,14.6,15.6,0.2,0.2,2.0,28.0,True,open_meteo_historical_weather_api,2026-06-11T10:40:28Z
9,London,2024-07-11,51,16.9,21.4,11.6,15.5,0.3,0.3,2.0,18.9,True,open_meteo_historical_weather_api,2026-06-11T10:40:28Z
9,London,2024-07-12,3,14.9,17.6,13.1,12.8,0.0,0.0,0.0,19.2,False,open_meteo_historical_weather_api,2026-06-11T10:40:28Z
9,London,2024-07-13,51,14.7,18.4,10.9,13.3,0.6,0.6,5.0,14.3,True,open_meteo_historical_weather_api,2026-06-11T10:40:28Z
9,London,2024-07-14,51,16.0,20.9,10.1,14.9,0.1,0.1,1.0,16.0,True,open_meteo_historical_weather_api,2026-06-11T10:40:28Z
9,London,2024-07-15,63,16.3,21.5,10.9,16.0,7.0,7.0,10.0,18.9,True,open_meteo_historical_weather_api,2026-06-11T10:40:28Z
9,London,2024-07-16,51,17.4,20.8,13.9,16.3,1.4,1.4,8.0,19.5,True,open_meteo_historical_weather_api,2026-06-11T10:40:28Z
9,London,2024-07-17,3,17.6,22.4,11.6,17.3,0.0,0.0,0.0,14.3,False,open_meteo_historical_weather_api,2026-06-11T10:40:28Z
9,London,2024-07-18,3,19.3,26.2,12.1,19.5,0.0,0.0,0.0,17.6,False,open_meteo_historical_weather_api,2026-06-11T10:40:28Z
9,London,2024-07-19,2,22.3,29.5,14.5,23.1,0.0,0.0,0.0,14.8,False,open_meteo_historical_weather_api,2026-06-11T10:40:28Z
9,London,2024-07-20,51,19.9,24.0,15.6,19.8,0.1,0.1,1.0,19.8,True,open_meteo_historical_weather_api,2026-06-11T10:40:28Z
9,London,2024-07-21,3,19.1,21.9,16.5,18.6,0.0,0.0,0.0,15.5,False,open_meteo_historical_weather_api,2026-06-11T10:40:28Z
9,London,2024-07-22,51,18.4,23.3,12.8,16.8,0.4,0.4,4.0,30.6,True,open_meteo_historical_weather_api,2026-06-11T10:40:28Z
9,London,2024-07-23,53,19.3,23.0,16.7,19.0,2.1,2.1,9.0,20.2,True,open_meteo_historical_weather_api,2026-06-11T10:40:28Z
9,London,2024-07-24,51,18.7,23.4,13.9,18.3,0.5,0.5,2.0,21.4,True,open_meteo_historical_weather_api,2026-06-11T10:40:28Z
9,London,2024-07-25,53,17.9,20.2,15.8,17.0,2.3,2.3,9.0,26.5,True,open_meteo_historical_weather_api,2026-06-11T10:40:28Z
9,London,2024-07-26,3,17.9,21.9,13.0,16.5,0.0,0.0,0.0,18.2,False,open_meteo_historical_weather_api,2026-06-11T10:40:28Z
9,London,2024-07-27,3,17.5,22.0,12.6,16.5,0.0,0.0,0.0,14.7,False,open_meteo_historical_weather_api,2026-06-11T10:40:28Z
9,London,2024-07-28,3,18.4,24.6,11.4,18.4,0.0,0.0,0.0,14.9,False,open_meteo_historical_weather_api,2026-06-11T10:40:28Z
9,London,2024-07-29,0,20.4,27.0,12.9,20.2,0.0,0.0,0.0,16.0,False,open_meteo_historical_weather_api,2026-06-11T10:40:28Z
9,London,2024-07-30,3,22.2,29.1,15.1,22.7,0.0,0.0,0.0,16.2,False,open_meteo_historical_weather_api,2026-06-11T10:40:28Z
9,London,2024-07-31,51,21.4,26.5,17.7,20.7,0.3,0.3,1.0,21.3,True,open_meteo_historical_weather_api,2026-06-11T10:40:28Z
9,London,2024-08-01,63,21.5,27.0,17.2,22.9,7.7,7.7,7.0,13.1,True,open_meteo_historical_weather_api,2026-06-11T10:40:28Z
9,London,2024-08-02,53,21.1,26.1,16.8,22.0,1.5,1.5,8.0,19.5,True,open_meteo_historical_weather_api,2026-06-11T10:40:28Z
9,London,2024-08-03,51,20.2,24.0,17.0,19.3,0.8,0.8,4.0,21.2,True,open_meteo_historical_weather_api,2026-06-11T10:40:28Z
9,London,2024-08-04,3,17.3,22.4,12.4,15.9,0.0,0.0,0.0,17.2,False,open_meteo_historical_weather_api,2026-06-11T10:40:28Z
9,London,2024-08-05,3,19.1,24.5,13.7,18.2,0.0,0.0,0.0,20.7,False,open_meteo_historical_weather_api,2026-06-11T10:40:28Z
9,London,2024-08-06,53,18.9,21.9,15.4,18.4,2.2,2.2,6.0,22.4,True,open_meteo_historical_weather_api,2026-06-11T10:40:28Z
9,London,2024-08-07,3,17.1,21.6,11.6,15.2,0.0,0.0,0.0,24.0,False,open_meteo_historical_weather_api,2026-06-11T10:40:28Z
9,London,2024-08-08,51,17.6,21.0,12.4,15.7,0.1,0.1,1.0,33.8,True,open_meteo_historical_weather_api,2026-06-11T10:40:28Z
9,London,2024-08-09,3,20.4,24.1,16.3,18.5,0.0,0.0,0.0,26.5,False,open_meteo_historical_weather_api,2026-06-11T10:40:28Z
9,London,2024-08-10,3,19.0,23.5,13.9,18.1,0.0,0.0,0.0,24.8,False,open_meteo_historical_weather_api,2026-06-11T10:40:28Z
9,London,2024-08-11,3,20.9,27.2,15.2,21.1,0.0,0.0,0.0,21.4,False,open_meteo_historical_weather_api,2026-06-11T10:40:28Z
9,London,2024-08-12,2,24.3,31.2,18.2,25.1,0.0,0.0,0.0,20.0,False,open_meteo_historical_weather_api,2026-06-11T10:40:28Z
9,London,2024-08-13,3,19.7,25.5,13.7,18.7,0.0,0.0,0.0,19.4,False,open_meteo_historical_weather_api,2026-06-11T10:40:28Z
9,London,2024-08-14,51,19.9,24.1,16.5,20.6,0.6,0.6,4.0,11.3,True,open_meteo_historical_weather_api,2026-06-11T10:40:28Z
9,London,2024-08-15,51,18.7,23.0,13.4,17.1,0.1,0.1,1.0,33.9,True,open_meteo_historical_weather_api,2026-06-11T10:40:28Z
9,London,2024-08-16,53,19.5,23.4,15.9,19.4,1.2,1.2,3.0,20.5,True,open_meteo_historical_weather_api,2026-06-11T10:40:28Z
9,London,2024-08-17,3,17.2,22.1,11.2,16.1,0.0,0.0,0.0,12.1,False,open_meteo_historical_weather_api,2026-06-11T10:40:28Z
9,London,2024-08-18,3,18.3,25.0,12.3,16.7,0.0,0.0,0.0,17.3,False,open_meteo_historical_weather_api,2026-06-11T10:40:28Z
9,London,2024-08-19,61,16.9,21.3,11.2,15.3,1.7,1.7,1.0,30.5,True,open_meteo_historical_weather_api,2026-06-11T10:40:28Z
9,London,2024-08-20,51,19.0,22.4,14.8,16.8,0.3,0.3,3.0,25.1,True,open_meteo_historical_weather_api,2026-06-11T10:40:28Z
9,London,2024-08-21,51,16.1,20.0,11.4,13.0,0.1,0.1,1.0,24.8,True,open_meteo_historical_weather_api,2026-06-11T10:40:28Z
9,London,2024-08-22,51,17.6,19.8,15.3,14.6,0.7,0.7,4.0,40.2,True,open_meteo_historical_weather_api,2026-06-11T10:40:28Z
9,London,2024-08-23,51,18.8,21.9,15.8,15.8,0.9,0.9,5.0,37.4,True,open_meteo_historical_weather_api,2026-06-11T10:40:28Z
9,London,2024-08-24,63,15.6,17.6,13.0,14.5,11.4,11.4,11.0,19.8,True,open_meteo_historical_weather_api,2026-06-11T10:40:28Z
9,London,2024-08-25,3,15.0,19.6,10.0,11.9,0.0,0.0,0.0,30.9,False,open_meteo_historical_weather_api,2026-06-11T10:40:28Z
9,London,2024-08-26,3,17.6,22.0,13.9,15.8,0.0,0.0,0.0,22.3,False,open_meteo_historical_weather_api,2026-06-11T10:40:28Z
9,London,2024-08-27,3,18.5,23.8,14.4,17.6,0.0,0.0,0.0,22.2,False,open_meteo_historical_weather_api,2026-06-11T10:40:28Z
9,London,2024-08-28,3,20.0,27.0,12.6,19.7,0.0,0.0,0.0,17.8,False,open_meteo_historical_weather_api,2026-06-11T10:40:28Z
9,London,2024-08-29,3,17.1,21.8,12.4,15.6,0.0,0.0,0.0,18.4,False,open_meteo_historical_weather_api,2026-06-11T10:40:28Z
9,London,2024-08-30,3,16.3,22.1,10.8,14.7,0.0,0.0,0.0,18.3,False,open_meteo_historical_weather_api,2026-06-11T10:40:28Z
9,London,2024-08-31,3,17.0,20.8,13.1,14.7,0.0,0.0,0.0,29.4,False,open_meteo_historical_weather_api,2026-06-11T10:40:28Z
9,London,2024-09-01,3,20.6,26.8,16.0,21.0,0.0,0.0,0.0,22.0,False,open_meteo_historical_weather_api,2026-06-11T10:40:28Z
9,London,2024-09-02,53,19.6,23.0,17.5,20.0,1.4,1.4,3.0,22.6,True,open_meteo_historical_weather_api,2026-06-11T10:40:28Z
9,London,2024-09-03,53,18.3,21.8,14.6,18.4,2.9,2.9,12.0,16.1,True,open_meteo_historical_weather_api,2026-06-11T10:40:28Z
9,London,2024-09-04,51,16.3,19.0,13.5,15.6,0.5,0.5,3.0,13.2,True,open_meteo_historical_weather_api,2026-06-11T10:40:28Z
9,London,2024-09-05,63,17.2,21.3,13.7,16.3,9.3,9.3,12.0,34.2,True,open_meteo_historical_weather_api,2026-06-11T10:40:28Z
9,London,2024-09-06,63,18.2,23.0,15.4,19.2,9.4,9.4,10.0,19.2,True,open_meteo_historical_weather_api,2026-06-11T10:40:28Z
9,London,2024-09-07,63,16.5,21.0,12.6,17.2,6.2,6.2,5.0,11.0,True,open_meteo_historical_weather_api,2026-06-11T10:40:28Z
9,London,2024-09-08,63,16.1,19.5,13.7,16.2,8.8,8.8,9.0,13.7,True,open_meteo_historical_weather_api,2026-06-11T10:40:28Z
9,London,2024-09-09,3,15.2,17.6,12.6,13.2,0.0,0.0,0.0,26.3,False,open_meteo_historical_weather_api,2026-06-11T10:40:28Z
9,London,2024-09-10,53,14.2,18.4,10.6,11.1,2.2,2.2,6.0,32.2,True,open_meteo_historical_weather_api,2026-06-11T10:40:28Z
9,London,2024-09-11,61,11.2,15.5,8.0,7.3,3.9,3.9,3.0,30.1,True,open_meteo_historical_weather_api,2026-06-11T10:40:28Z
9,London,2024-09-12,61,9.8,14.3,6.4,6.7,2.6,2.6,7.0,17.1,True,open_meteo_historical_weather_api,2026-06-11T10:40:28Z
9,London,2024-09-13,3,10.7,15.8,5.6,8.3,0.0,0.0,0.0,10.8,False,open_meteo_historical_weather_api,2026-06-11T10:40:28Z
9,London,2024-09-14,3,11.7,18.6,4.7,9.4,0.0,0.0,0.0,15.8,False,open_meteo_historical_weather_api,2026-06-11T10:40:28Z
9,London,2024-09-15,55,13.5,19.2,8.0,12.0,1.5,1.5,3.0,17.8,True,open_meteo_historical_weather_api,2026-06-11T10:40:28Z
9,London,2024-09-16,3,15.1,19.8,11.2,13.6,0.0,0.0,0.0,15.7,False,open_meteo_historical_weather_api,2026-06-11T10:40:28Z
9,London,2024-09-17,3,14.7,20.5,9.6,12.3,0.0,0.0,0.0,22.4,False,open_meteo_historical_weather_api,2026-06-11T10:40:28Z
9,London,2024-09-18,3,17.5,23.0,12.9,15.5,0.0,0.0,0.0,26.2,False,open_meteo_historical_weather_api,2026-06-11T10:40:28Z
9,London,2024-09-19,51,18.4,24.0,14.7,16.8,0.1,0.1,1.0,26.1,True,open_meteo_historical_weather_api,2026-06-11T10:40:28Z
9,London,2024-09-20,63,17.4,22.3,13.4,15.9,4.3,4.3,4.0,24.1,True,open_meteo_historical_weather_api,2026-06-11T10:40:28Z
9,London,2024-09-21,51,18.3,23.0,14.9,17.9,0.4,0.4,2.0,15.5,True,open_meteo_historical_weather_api,2026-06-11T10:40:28Z
9,London,2024-09-22,63,17.3,20.5,15.1,17.5,18.8,18.8,19.0,17.0,True,open_meteo_historical_weather_api,2026-06-11T10:40:28Z
9,London,2024-09-23,65,15.7,18.0,14.7,14.8,48.7,48.7,21.0,23.7,True,open_meteo_historical_weather_api,2026-06-11T10:40:28Z
9,London,2024-09-24,63,14.6,16.4,11.8,13.1,5.5,5.5,9.0,18.0,True,open_meteo_historical_weather_api,2026-06-11T10:40:28Z
9,London,2024-09-25,61,13.6,17.0,10.6,12.0,10.0,10.0,13.0,21.9,True,open_meteo_historical_weather_api,2026-06-11T10:40:28Z
9,London,2024-09-26,63,13.8,16.2,11.9,11.6,13.1,13.1,16.0,29.9,True,open_meteo_historical_weather_api,2026-06-11T10:40:28Z
9,London,2024-09-27,53,10.7,12.8,7.5,7.1,2.9,2.9,10.0,29.3,True,open_meteo_historical_weather_api,2026-06-11T10:40:28Z
9,London,2024-09-28,3,9.2,13.6,4.4,6.5,0.0,0.0,0.0,15.8,False,open_meteo_historical_weather_api,2026-06-11T10:40:28Z
9,London,2024-09-29,63,10.9,14.6,6.1,7.4,5.1,5.1,4.0,27.6,True,open_meteo_historical_weather_api,2026-06-11T10:40:28Z
9,London,2024-09-30,63,13.9,16.0,11.8,10.6,11.7,11.7,12.0,32.4,True,open_meteo_historical_weather_api,2026-06-11T10:40:28Z
9,London,2024-10-01,63,12.4,14.3,10.6,9.3,12.7,12.7,10.0,27.5,True,open_meteo_historical_weather_api,2026-06-11T10:40:28Z
9,London,2024-10-02,51,13.8,17.0,11.1,11.1,1.0,1.0,7.0,26.8,True,open_meteo_historical_weather_api,2026-06-11T10:40:28Z
9,London,2024-10-03,2,11.5,15.4,8.0,9.1,0.0,0.0,0.0,18.3,False,open_meteo_historical_weather_api,2026-06-11T10:40:28Z
9,London,2024-10-04,3,10.3,16.0,5.7,8.4,0.0,0.0,0.0,11.1,False,open_meteo_historical_weather_api,2026-06-11T10:40:28Z
9,London,2024-10-05,3,11.6,16.7,6.1,8.9,0.0,0.0,0.0,18.6,False,open_meteo_historical_weather_api,2026-06-11T10:40:28Z
9,London,2024-10-06,63,13.7,15.4,11.6,11.4,4.0,4.0,4.0,23.7,True,open_meteo_historical_weather_api,2026-06-11T10:40:28Z
9,London,2024-10-07,63,14.1,17.4,11.5,12.4,10.2,10.2,9.0,20.7,True,open_meteo_historical_weather_api,2026-06-11T10:40:28Z
9,London,2024-10-08,61,14.1,17.0,12.1,12.0,4.3,4.3,12.0,27.0,True,open_meteo_historical_weather_api,2026-06-11T10:40:28Z
9,London,2024-10-09,55,13.8,16.4,12.4,11.8,2.1,2.1,11.0,22.1,True,open_meteo_historical_weather_api,2026-06-11T10:40:28Z
9,London,2024-10-10,55,9.6,12.4,4.2,6.5,3.4,3.4,10.0,21.5,True,open_meteo_historical_weather_api,2026-06-11T10:40:28Z
9,London,2024-10-11,3,7.0,12.0,1.9,4.5,0.0,0.0,0.0,12.1,False,open_meteo_historical_weather_api,2026-06-11T10:40:28Z
9,London,2024-10-12,55,10.6,14.8,7.9,7.5,3.4,3.4,10.0,21.9,True,open_meteo_historical_weather_api,2026-06-11T10:40:28Z
9,London,2024-10-13,3,7.9,10.6,4.8,5.0,0.0,0.0,0.0,21.6,False,open_meteo_historical_weather_api,2026-06-11T10:40:28Z
9,London,2024-10-14,63,10.2,13.1,7.3,7.4,14.1,14.1,9.0,24.6,True,open_meteo_historical_weather_api,2026-06-11T10:40:28Z
9,London,2024-10-15,51,13.1,16.8,9.8,11.5,0.2,0.2,2.0,19.7,True,open_meteo_historical_weather_api,2026-06-11T10:40:28Z
9,London,2024-10-16,63,17.2,21.4,14.4,16.4,6.2,6.2,6.0,24.6,True,open_meteo_historical_weather_api,2026-06-11T10:40:28Z
9,London,2024-10-17,61,14.8,17.4,9.4,13.9,2.7,2.7,5.0,17.2,True,open_meteo_historical_weather_api,2026-06-11T10:40:28Z
9,London,2024-10-18,53,11.3,16.1,8.1,9.7,0.6,0.6,2.0,18.5,True,open_meteo_historical_weather_api,2026-06-11T10:40:28Z
9,London,2024-10-19,61,13.7,16.4,9.9,12.2,7.3,7.3,12.0,21.1,True,open_meteo_historical_weather_api,2026-06-11T10:40:28Z
9,London,2024-10-20,53,13.9,17.4,10.6,11.0,3.6,3.6,9.0,36.7,True,open_meteo_historical_weather_api,2026-06-11T10:40:28Z
9,London,2024-10-21,51,12.5,14.1,9.9,10.4,1.7,1.7,10.0,23.7,True,open_meteo_historical_weather_api,2026-06-11T10:40:28Z
9,London,2024-10-22,51,11.2,15.8,8.1,9.3,0.2,0.2,2.0,23.3,True,open_meteo_historical_weather_api,2026-06-11T10:40:28Z
9,London,2024-10-23,51,11.4,16.2,7.9,10.1,0.2,0.2,2.0,15.5,True,open_meteo_historical_weather_api,2026-06-11T10:40:28Z
9,London,2024-10-24,3,12.5,16.7,9.6,10.9,0.0,0.0,0.0,17.5,False,open_meteo_historical_weather_api,2026-06-11T10:40:28Z
9,London,2024-10-25,63,13.9,17.6,10.6,13.1,4.2,4.2,5.0,15.9,True,open_meteo_historical_weather_api,2026-06-11T10:40:28Z
9,London,2024-10-26,3,11.6,16.0,8.4,11.0,0.0,0.0,0.0,11.3,False,open_meteo_historical_weather_api,2026-06-11T10:40:28Z
9,London,2024-10-27,3,10.1,14.2,6.0,8.4,0.0,0.0,0.0,15.3,False,open_meteo_historical_weather_api,2026-06-11T10:40:28Z
9,London,2024-10-28,51,13.4,15.8,10.8,11.1,0.5,0.5,4.0,24.8,True,open_meteo_historical_weather_api,2026-06-11T10:40:28Z
9,London,2024-10-29,51,14.0,15.6,11.6,13.5,0.6,0.6,5.0,11.5,True,open_meteo_historical_weather_api,2026-06-11T10:40:28Z
9,London,2024-10-30,3,10.7,14.4,7.3,9.6,0.0,0.0,0.0,9.2,False,open_meteo_historical_weather_api,2026-06-11T10:40:28Z
9,London,2024-10-31,3,9.6,14.2,6.4,8.7,0.0,0.0,0.0,8.0,False,open_meteo_historical_weather_api,2026-06-11T10:40:28Z
9,London,2024-11-01,3,10.1,12.7,7.2,8.6,0.0,0.0,0.0,12.6,False,open_meteo_historical_weather_api,2026-06-11T10:40:28Z
9,London,2024-11-02,51,12.2,14.4,10.2,10.9,0.1,0.1,1.0,13.4,True,open_meteo_historical_weather_api,2026-06-11T10:40:28Z
9,London,2024-11-03,3,12.0,13.6,10.9,10.3,0.0,0.0,0.0,14.2,False,open_meteo_historical_weather_api,2026-06-11T10:40:28Z
9,London,2024-11-04,3,10.9,12.6,9.4,9.3,0.0,0.0,0.0,11.0,False,open_meteo_historical_weather_api,2026-06-11T10:40:28Z
9,London,2024-11-05,3,10.8,13.1,9.3,9.9,0.0,0.0,0.0,8.5,False,open_meteo_historical_weather_api,2026-06-11T10:40:28Z
9,London,2024-11-06,3,10.8,12.3,9.6,10.2,0.0,0.0,0.0,6.8,False,open_meteo_historical_weather_api,2026-06-11T10:40:28Z
9,London,2024-11-07,3,10.9,12.6,9.8,9.3,0.0,0.0,0.0,13.5,False,open_meteo_historical_weather_api,2026-06-11T10:40:28Z
9,London,2024-11-08,51,8.8,10.2,7.6,6.4,0.2,0.2,2.0,14.1,True,open_meteo_historical_weather_api,2026-06-11T10:40:28Z
9,London,2024-11-09,3,7.9,9.1,6.7,6.2,0.0,0.0,0.0,5.5,False,open_meteo_historical_weather_api,2026-06-11T10:40:28Z
9,London,2024-11-10,3,8.4,11.2,4.2,6.7,0.0,0.0,0.0,11.2,False,open_meteo_historical_weather_api,2026-06-11T10:40:28Z
9,London,2024-11-11,3,9.0,11.3,5.8,6.5,0.0,0.0,0.0,14.7,False,open_meteo_historical_weather_api,2026-06-11T10:40:28Z
9,London,2024-11-12,3,8.7,12.1,5.7,5.1,0.0,0.0,0.0,28.9,False,open_meteo_historical_weather_api,2026-06-11T10:40:28Z
9,London,2024-11-13,3,8.7,11.2,6.6,6.7,0.0,0.0,0.0,11.9,False,open_meteo_historical_weather_api,2026-06-11T10:40:28Z
9,London,2024-11-14,51,9.4,11.5,6.8,7.9,0.5,0.5,3.0,11.3,True,open_meteo_historical_weather_api,2026-06-11T10:40:28Z
9,London,2024-11-15,3,8.2,9.8,6.6,6.3,0.0,0.0,0.0,7.8,False,open_meteo_historical_weather_api,2026-06-11T10:40:28Z
9,London,2024-11-16,53,7.4,10.6,3.8,5.2,0.6,0.6,2.0,11.4,True,open_meteo_historical_weather_api,2026-06-11T10:40:28Z
9,London,2024-11-17,51,8.2,9.8,6.8,5.4,0.5,0.5,3.0,14.3,True,open_meteo_historical_weather_api,2026-06-11T10:40:28Z
9,London,2024-11-18,61,7.1,7.8,5.3,5.3,9.2,9.2,13.0,13.1,True,open_meteo_historical_weather_api,2026-06-11T10:40:28Z
9,London,2024-11-19,73,4.5,11.1,1.2,1.2,11.1,9.7,15.0,20.4,True,open_meteo_historical_weather_api,2026-06-11T10:40:28Z
9,London,2024-11-20,3,1.5,4.8,-0.2,-2.7,0.0,0.0,0.0,16.5,False,open_meteo_historical_weather_api,2026-06-11T10:40:28Z
9,London,2024-11-21,3,0.5,3.0,-0.5,-2.9,0.0,0.0,0.0,12.7,False,open_meteo_historical_weather_api,2026-06-11T10:40:28Z
9,London,2024-11-22,75,3.0,6.2,0.3,-1.2,1.5,0.0,2.0,18.7,True,open_meteo_historical_weather_api,2026-06-11T10:40:28Z
9,London,2024-11-23,61,8.2,14.1,1.2,4.2,9.7,9.7,18.0,32.2,True,open_meteo_historical_weather_api,2026-06-11T10:40:28Z
9,London,2024-11-24,61,16.0,17.3,13.3,12.1,9.0,9.0,14.0,32.8,True,open_meteo_historical_weather_api,2026-06-11T10:40:28Z
9,London,2024-11-25,53,10.2,12.1,7.1,7.1,1.7,1.7,6.0,17.8,True,open_meteo_historical_weather_api,2026-06-11T10:40:28Z
9,London,2024-11-26,51,6.9,9.3,5.2,4.3,0.1,0.1,1.0,12.0,True,open_meteo_historical_weather_api,2026-06-11T10:40:28Z
9,London,2024-11-27,63,6.0,8.3,2.9,3.1,18.5,18.5,10.0,18.9,True,open_meteo_historical_weather_api,2026-06-11T10:40:28Z
9,London,2024-11-28,3,2.4,4.7,0.4,-0.2,0.0,0.0,0.0,8.4,False,open_meteo_historical_weather_api,2026-06-11T10:40:28Z
9,London,2024-11-29,3,6.1,9.5,3.2,3.1,0.0,0.0,0.0,11.6,False,open_meteo_historical_weather_api,2026-06-11T10:40:28Z
9,London,2024-11-30,3,11.3,13.7,7.7,9.8,0.0,0.0,0.0,12.0,False,open_meteo_historical_weather_api,2026-06-11T10:40:28Z
9,London,2024-12-01,53,11.7,13.2,10.7,9.7,2.2,2.2,6.0,16.9,True,open_meteo_historical_weather_api,2026-06-11T10:40:28Z
9,London,2024-12-02,51,9.1,11.6,7.7,6.4,0.4,0.4,4.0,17.5,True,open_meteo_historical_weather_api,2026-06-11T10:40:28Z
9,London,2024-12-03,3,5.8,7.6,4.1,3.6,0.0,0.0,0.0,9.4,False,open_meteo_historical_weather_api,2026-06-11T10:40:28Z
9,London,2024-12-04,51,6.0,9.4,2.5,3.5,0.7,0.7,2.0,18.3,True,open_meteo_historical_weather_api,2026-06-11T10:40:28Z
9,London,2024-12-05,61,11.8,14.1,9.2,8.8,8.5,8.5,19.0,29.3,True,open_meteo_historical_weather_api,2026-06-11T10:40:28Z
9,London,2024-12-06,51,8.0,10.4,6.4,4.2,0.3,0.3,2.0,26.7,True,open_meteo_historical_weather_api,2026-06-11T10:40:28Z
9,London,2024-12-07,61,8.2,12.5,6.1,3.3,6.2,6.2,12.0,30.7,True,open_meteo_historical_weather_api,2026-06-11T10:40:28Z
9,London,2024-12-08,63,7.1,7.7,6.6,2.1,8.1,8.1,20.0,28.5,True,open_meteo_historical_weather_api,2026-06-11T10:40:28Z
9,London,2024-12-09,51,7.4,7.8,6.9,3.3,0.1,0.1,1.0,22.0,True,open_meteo_historical_weather_api,2026-06-11T10:40:28Z
9,London,2024-12-10,51,6.8,7.0,6.1,2.8,0.1,0.1,1.0,18.8,True,open_meteo_historical_weather_api,2026-06-11T10:40:28Z
9,London,2024-12-11,51,6.2,6.7,5.8,2.9,0.1,0.1,1.0,15.0,True,open_meteo_historical_weather_api,2026-06-11T10:40:28Z
9,London,2024-12-12,51,6.4,7.2,5.2,4.4,0.2,0.2,2.0,9.3,True,open_meteo_historical_weather_api,2026-06-11T10:40:28Z
9,London,2024-12-13,51,5.2,6.6,3.8,3.0,0.1,0.1,1.0,6.8,True,open_meteo_historical_weather_api,2026-06-11T10:40:28Z
9,London,2024-12-14,51,5.3,7.7,3.8,2.4,0.3,0.3,3.0,12.1,True,open_meteo_historical_weather_api,2026-06-11T10:40:28Z
9,London,2024-12-15,3,8.8,11.6,4.8,6.3,0.0,0.0,0.0,17.6,False,open_meteo_historical_weather_api,2026-06-11T10:40:28Z
9,London,2024-12-16,51,10.2,11.1,8.1,7.4,0.2,0.2,2.0,17.8,True,open_meteo_historical_weather_api,2026-06-11T10:40:28Z
9,London,2024-12-17,3,8.3,10.6,5.2,5.9,0.0,0.0,0.0,17.1,False,open_meteo_historical_weather_api,2026-06-11T10:40:28Z
9,London,2024-12-18,61,12.6,13.9,10.3,9.4,3.8,3.8,7.0,28.8,True,open_meteo_historical_weather_api,2026-06-11T10:40:28Z
9,London,2024-12-19,61,6.9,12.5,4.4,2.9,3.0,3.0,6.0,27.8,True,open_meteo_historical_weather_api,2026-06-11T10:40:28Z
9,London,2024-12-20,51,5.4,8.3,2.5,2.1,0.7,0.7,4.0,15.6,True,open_meteo_historical_weather_api,2026-06-11T10:40:28Z
9,London,2024-12-21,53,8.1,12.2,4.7,4.7,2.3,2.3,6.0,23.3,True,open_meteo_historical_weather_api,2026-06-11T10:40:28Z
9,London,2024-12-22,71,5.7,7.8,4.2,0.6,1.8,1.6,5.0,24.6,True,open_meteo_historical_weather_api,2026-06-11T10:40:28Z
9,London,2024-12-23,51,5.2,5.9,4.1,1.4,1.7,1.7,8.0,21.0,True,open_meteo_historical_weather_api,2026-06-11T10:40:28Z
9,London,2024-12-24,3,9.3,12.1,6.1,7.7,0.0,0.0,0.0,12.1,False,open_meteo_historical_weather_api,2026-06-11T10:40:28Z
9,London,2024-12-25,3,9.3,10.2,8.8,7.9,0.0,0.0,0.0,9.9,False,open_meteo_historical_weather_api,2026-06-11T10:40:28Z
9,London,2024-12-26,3,7.4,8.8,6.8,6.1,0.0,0.0,0.0,4.4,False,open_meteo_historical_weather_api,2026-06-11T10:40:28Z
9,London,2024-12-27,3,6.5,7.8,6.1,5.2,0.0,0.0,0.0,3.5,False,open_meteo_historical_weather_api,2026-06-11T10:40:28Z
9,London,2024-12-28,3,5.4,6.4,4.8,3.5,0.0,0.0,0.0,8.3,False,open_meteo_historical_weather_api,2026-06-11T10:40:28Z
9,London,2024-12-29,3,5.7,7.2,4.8,3.3,0.0,0.0,0.0,11.4,False,open_meteo_historical_weather_api,2026-06-11T10:40:28Z
9,London,2024-12-30,3,7.3,8.9,6.3,4.4,0.0,0.0,0.0,16.4,False,open_meteo_historical_weather_api,2026-06-11T10:40:28Z
9,London,2024-12-31,3,9.4,11.1,7.4,6.0,0.0,0.0,0.0,24.7,False,open_meteo_historical_weather_api,2026-06-11T10:40:28Z
10,New York,2024-01-01,3,3.5,7.7,0.2,0.1,0.0,0.0,0.0,14.3,False,open_meteo_historical_weather_api,2026-06-11T10:40:28Z
10,New York,2024-01-02,0,0.0,5.7,-4.6,-4.2,0.0,0.0,0.0,13.7,False,open_meteo_historical_weather_api,2026-06-11T10:40:28Z
10,New York,2024-01-03,3,1.5,7.7,-2.3,-2.5,0.0,0.0,0.0,14.4,False,open_meteo_historical_weather_api,2026-06-11T10:40:28Z
10,New York,2024-01-04,3,2.0,6.8,-2.1,-2.8,0.0,0.0,0.0,26.9,False,open_meteo_historical_weather_api,2026-06-11T10:40:28Z
10,New York,2024-01-05,3,-1.8,3.1,-5.3,-6.7,0.0,0.0,0.0,20.5,False,open_meteo_historical_weather_api,2026-06-11T10:40:28Z
10,New York,2024-01-06,75,-1.1,2.8,-5.2,-5.4,11.0,3.4,8.0,29.1,True,open_meteo_historical_weather_api,2026-06-11T10:40:28Z
10,New York,2024-01-07,73,1.5,2.5,-0.2,-3.0,7.3,5.9,14.0,27.0,True,open_meteo_historical_weather_api,2026-06-11T10:40:28Z
10,New York,2024-01-08,1,1.5,6.3,-3.2,-2.9,0.0,0.0,0.0,20.1,False,open_meteo_historical_weather_api,2026-06-11T10:40:28Z
10,New York,2024-01-09,63,3.2,12.6,-4.6,-1.4,31.5,31.5,12.0,57.3,True,open_meteo_historical_weather_api,2026-06-11T10:40:28Z
10,New York,2024-01-10,65,9.2,13.8,5.2,3.7,28.2,28.2,5.0,48.6,True,open_meteo_historical_weather_api,2026-06-11T10:40:28Z
10,New York,2024-01-11,3,4.5,8.1,0.1,-0.1,0.0,0.0,0.0,22.9,False,open_meteo_historical_weather_api,2026-06-11T10:40:28Z
10,New York,2024-01-12,53,4.0,8.1,-2.0,0.1,0.8,0.8,2.0,22.1,True,open_meteo_historical_weather_api,2026-06-11T10:40:28Z
10,New York,2024-01-13,63,9.1,14.6,1.8,3.8,22.9,22.9,11.0,34.2,True,open_meteo_historical_weather_api,2026-06-11T10:40:28Z
10,New York,2024-01-14,71,0.2,6.3,-3.8,-6.4,0.5,0.1,3.0,36.4,True,open_meteo_historical_weather_api,2026-06-11T10:40:28Z
10,New York,2024-01-15,73,-3.4,-0.8,-5.8,-8.2,0.8,0.0,3.0,11.4,True,open_meteo_historical_weather_api,2026-06-11T10:40:28Z
10,New York,2024-01-16,73,-2.8,-0.9,-5.7,-7.6,9.5,4.2,19.0,23.2,True,open_meteo_historical_weather_api,2026-06-11T10:40:28Z
10,New York,2024-01-17,0,-6.5,-4.2,-8.9,-12.8,0.0,0.0,0.0,23.8,False,open_meteo_historical_weather_api,2026-06-11T10:40:28Z
10,New York,2024-01-18,71,-3.5,0.4,-6.8,-8.6,0.3,0.0,3.0,17.1,True,open_meteo_historical_weather_api,2026-06-11T10:40:28Z
10,New York,2024-01-19,73,-2.5,-0.9,-4.6,-6.9,2.7,0.0,14.0,16.5,True,open_meteo_historical_weather_api,2026-06-11T10:40:28Z
10,New York,2024-01-20,3,-6.1,-3.3,-8.1,-12.7,0.0,0.0,0.0,26.2,False,open_meteo_historical_weather_api,2026-06-11T10:40:28Z
10,New York,2024-01-21,3,-5.0,-1.1,-7.5,-11.4,0.0,0.0,0.0,23.6,False,open_meteo_historical_weather_api,2026-06-11T10:40:28Z
10,New York,2024-01-22,3,-2.5,3.6,-6.9,-7.5,0.0,0.0,0.0,17.6,False,open_meteo_historical_weather_api,2026-06-11T10:40:28Z
10,New York,2024-01-23,53,1.0,4.6,-1.6,-3.0,1.7,1.7,4.0,18.8,True,open_meteo_historical_weather_api,2026-06-11T10:40:28Z
10,New York,2024-01-24,51,2.8,5.6,0.1,0.2,3.2,3.2,18.0,10.5,True,open_meteo_historical_weather_api,2026-06-11T10:40:28Z
10,New York,2024-01-25,55,8.8,11.4,5.2,6.9,5.6,5.6,19.0,21.2,True,open_meteo_historical_weather_api,2026-06-11T10:40:28Z
10,New York,2024-01-26,53,6.2,8.3,3.2,3.6,4.6,4.6,13.0,15.7,True,open_meteo_historical_weather_api,2026-06-11T10:40:28Z
10,New York,2024-01-27,3,5.4,8.6,2.8,2.5,0.0,0.0,0.0,13.0,False,open_meteo_historical_weather_api,2026-06-11T10:40:28Z
10,New York,2024-01-28,63,3.4,4.2,2.5,-0.8,21.3,21.3,23.0,28.8,True,open_meteo_historical_weather_api,2026-06-11T10:40:28Z
10,New York,2024-01-29,51,2.9,5.8,0.6,-2.0,0.7,0.7,6.0,27.6,True,open_meteo_historical_weather_api,2026-06-11T10:40:28Z
10,New York,2024-01-30,3,0.4,4.3,-4.0,-3.7,0.0,0.0,0.0,12.1,False,open_meteo_historical_weather_api,2026-06-11T10:40:28Z
10,New York,2024-01-31,51,2.2,4.4,-1.1,-1.4,0.2,0.2,2.0,11.2,True,open_meteo_historical_weather_api,2026-06-11T10:40:28Z
10,New York,2024-02-01,51,2.3,9.0,-3.4,-1.4,0.6,0.6,2.0,19.8,True,open_meteo_historical_weather_api,2026-06-11T10:40:28Z
10,New York,2024-02-02,55,3.8,6.0,2.0,0.2,6.3,6.3,15.0,22.6,True,open_meteo_historical_weather_api,2026-06-11T10:40:28Z
10,New York,2024-02-03,2,1.1,6.0,-3.2,-4.3,0.0,0.0,0.0,24.2,False,open_meteo_historical_weather_api,2026-06-11T10:40:28Z
10,New York,2024-02-04,1,0.9,7.5,-3.8,-3.6,0.0,0.0,0.0,14.8,False,open_meteo_historical_weather_api,2026-06-11T10:40:28Z
10,New York,2024-02-05,0,0.9,7.1,-3.2,-4.6,0.0,0.0,0.0,28.2,False,open_meteo_historical_weather_api,2026-06-11T10:40:28Z
10,New York,2024-02-06,0,-0.3,5.7,-4.9,-5.4,0.0,0.0,0.0,19.1,False,open_meteo_historical_weather_api,2026-06-11T10:40:28Z
10,New York,2024-02-07,2,1.6,8.1,-3.7,-2.6,0.0,0.0,0.0,12.7,False,open_meteo_historical_weather_api,2026-06-11T10:40:28Z
10,New York,2024-02-08,3,2.1,10.0,-3.8,-1.3,0.0,0.0,0.0,10.5,False,open_meteo_historical_weather_api,2026-06-11T10:40:28Z
10,New York,2024-02-09,3,5.2,11.4,0.9,2.1,0.0,0.0,0.0,14.9,False,open_meteo_historical_weather_api,2026-06-11T10:40:28Z
10,New York,2024-02-10,51,8.3,15.9,1.8,5.6,0.1,0.1,1.0,16.6,True,open_meteo_historical_weather_api,2026-06-11T10:40:28Z
10,New York,2024-02-11,3,6.8,9.0,3.6,3.6,0.0,0.0,0.0,15.6,False,open_meteo_historical_weather_api,2026-06-11T10:40:28Z
10,New York,2024-02-12,51,4.0,9.1,-1.8,0.7,0.1,0.1,1.0,11.3,True,open_meteo_historical_weather_api,2026-06-11T10:40:28Z
10,New York,2024-02-13,75,0.9,3.4,-1.2,-4.0,27.7,0.4,14.0,25.6,True,open_meteo_historical_weather_api,2026-06-11T10:40:28Z
10,New York,2024-02-14,2,-1.9,0.3,-4.3,-7.8,0.0,0.0,0.0,25.7,False,open_meteo_historical_weather_api,2026-06-11T10:40:28Z
10,New York,2024-02-15,71,-1.0,2.8,-5.4,-6.1,0.2,0.0,1.0,22.3,True,open_meteo_historical_weather_api,2026-06-11T10:40:28Z
10,New York,2024-02-16,3,1.3,5.1,-2.0,-4.5,0.0,0.0,0.0,31.2,False,open_meteo_historical_weather_api,2026-06-11T10:40:28Z
10,New York,2024-02-17,75,-1.0,2.2,-4.6,-5.5,5.9,0.1,14.0,21.7,True,open_meteo_historical_weather_api,2026-06-11T10:40:28Z
10,New York,2024-02-18,0,-1.9,4.9,-6.3,-7.5,0.0,0.0,0.0,29.4,False,open_meteo_historical_weather_api,2026-06-11T10:40:28Z
10,New York,2024-02-19,0,-0.3,4.1,-4.1,-5.4,0.0,0.0,0.0,20.8,False,open_meteo_historical_weather_api,2026-06-11T10:40:28Z
10,New York,2024-02-20,1,-2.7,2.3,-6.4,-7.3,0.0,0.0,0.0,13.1,False,open_meteo_historical_weather_api,2026-06-11T10:40:28Z
10,New York,2024-02-21,3,-1.1,4.6,-5.6,-5.4,0.0,0.0,0.0,15.0,False,open_meteo_historical_weather_api,2026-06-11T10:40:28Z
10,New York,2024-02-22,51,1.0,6.8,-5.1,-2.8,0.3,0.3,3.0,19.8,True,open_meteo_historical_weather_api,2026-06-11T10:40:28Z
10,New York,2024-02-23,53,4.5,8.2,1.4,1.8,3.1,3.1,10.0,12.8,True,open_meteo_historical_weather_api,2026-06-11T10:40:28Z
10,New York,2024-02-24,3,2.3,5.6,-2.8,-3.0,0.0,0.0,0.0,21.4,False,open_meteo_historical_weather_api,2026-06-11T10:40:28Z
10,New York,2024-02-25,2,-2.2,4.1,-7.3,-6.6,0.0,0.0,0.0,16.2,False,open_meteo_historical_weather_api,2026-06-11T10:40:28Z
10,New York,2024-02-26,75,3.4,11.4,-2.2,-0.3,2.9,0.5,2.0,13.5,True,open_meteo_historical_weather_api,2026-06-11T10:40:28Z
10,New York,2024-02-27,61,7.7,13.9,-0.1,4.5,3.8,3.8,4.0,26.1,True,open_meteo_historical_weather_api,2026-06-11T10:40:28Z
10,New York,2024-02-28,63,13.6,17.1,10.1,11.0,15.7,15.7,19.0,34.2,True,open_meteo_historical_weather_api,2026-06-11T10:40:28Z
10,New York,2024-02-29,51,1.0,6.7,-2.8,-5.2,0.1,0.1,1.0,30.7,True,open_meteo_historical_weather_api,2026-06-11T10:40:28Z
10,New York,2024-03-01,3,0.8,5.9,-4.4,-3.6,0.0,0.0,0.0,20.3,False,open_meteo_historical_weather_api,2026-06-11T10:40:28Z
10,New York,2024-03-02,63,6.6,10.1,1.8,3.9,28.1,28.1,16.0,26.5,True,open_meteo_historical_weather_api,2026-06-11T10:40:28Z
10,New York,2024-03-03,3,11.6,18.7,5.9,9.5,0.0,0.0,0.0,15.8,False,open_meteo_historical_weather_api,2026-06-11T10:40:28Z
10,New York,2024-03-04,3,8.2,14.4,3.7,5.5,0.0,0.0,0.0,21.8,False,open_meteo_historical_weather_api,2026-06-11T10:40:28Z
10,New York,2024-03-05,63,6.5,8.4,4.0,3.7,20.3,20.3,15.0,20.1,True,open_meteo_historical_weather_api,2026-06-11T10:40:28Z
10,New York,2024-03-06,65,7.1,9.8,3.7,4.8,33.2,33.2,10.0,20.6,True,open_meteo_historical_weather_api,2026-06-11T10:40:28Z
10,New York,2024-03-07,53,9.7,12.6,5.8,5.6,3.5,3.5,9.0,28.0,True,open_meteo_historical_weather_api,2026-06-11T10:40:28Z
10,New York,2024-03-08,3,6.0,12.4,0.8,2.1,0.0,0.0,0.0,21.6,False,open_meteo_historical_weather_api,2026-06-11T10:40:28Z
10,New York,2024-03-09,65,5.3,7.9,3.8,0.7,28.7,28.7,11.0,33.5,True,open_meteo_historical_weather_api,2026-06-11T10:40:28Z
10,New York,2024-03-10,65,7.3,10.9,2.2,2.5,20.9,20.9,9.0,30.6,True,open_meteo_historical_weather_api,2026-06-11T10:40:28Z
10,New York,2024-03-11,3,5.0,10.1,1.0,-2.3,0.0,0.0,0.0,45.9,False,open_meteo_historical_weather_api,2026-06-11T10:40:28Z
10,New York,2024-03-12,3,9.3,17.5,2.5,5.0,0.0,0.0,0.0,21.5,False,open_meteo_historical_weather_api,2026-06-11T10:40:28Z
10,New York,2024-03-13,3,8.7,15.4,2.5,6.0,0.0,0.0,0.0,15.0,False,open_meteo_historical_weather_api,2026-06-11T10:40:28Z
10,New York,2024-03-14,3,11.6,21.2,4.0,9.5,0.0,0.0,0.0,15.8,False,open_meteo_historical_weather_api,2026-06-11T10:40:28Z
10,New York,2024-03-15,53,14.9,21.6,8.2,12.1,0.8,0.8,1.0,24.1,True,open_meteo_historical_weather_api,2026-06-11T10:40:28Z
10,New York,2024-03-16,51,9.3,14.4,4.8,6.3,0.1,0.1,1.0,20.7,True,open_meteo_historical_weather_api,2026-06-11T10:40:28Z
10,New York,2024-03-17,51,10.9,15.8,7.2,6.7,0.4,0.4,2.0,28.8,True,open_meteo_historical_weather_api,2026-06-11T10:40:28Z
10,New York,2024-03-18,3,6.7,9.2,2.4,1.6,0.0,0.0,0.0,20.6,False,open_meteo_historical_weather_api,2026-06-11T10:40:28Z
10,New York,2024-03-19,71,3.6,7.5,0.2,-1.9,0.5,0.3,3.0,27.8,True,open_meteo_historical_weather_api,2026-06-11T10:40:28Z
10,New York,2024-03-20,55,5.9,11.9,1.1,1.5,2.8,2.8,4.0,30.7,True,open_meteo_historical_weather_api,2026-06-11T10:40:28Z
10,New York,2024-03-21,3,0.8,5.6,-3.7,-5.3,0.0,0.0,0.0,30.3,False,open_meteo_historical_weather_api,2026-06-11T10:40:28Z
10,New York,2024-03-22,3,0.9,5.7,-5.2,-3.4,0.0,0.0,0.0,18.9,False,open_meteo_historical_weather_api,2026-06-11T10:40:28Z
10,New York,2024-03-23,65,5.8,10.0,1.1,1.9,63.6,63.6,15.0,33.3,True,open_meteo_historical_weather_api,2026-06-11T10:40:28Z
10,New York,2024-03-24,0,2.6,8.6,-2.4,-3.1,0.0,0.0,0.0,33.5,False,open_meteo_historical_weather_api,2026-06-11T10:40:28Z
10,New York,2024-03-25,0,4.0,10.2,-1.5,-0.7,0.0,0.0,0.0,22.1,False,open_meteo_historical_weather_api,2026-06-11T10:40:28Z
10,New York,2024-03-26,3,5.6,9.9,0.1,1.5,0.0,0.0,0.0,18.8,False,open_meteo_historical_weather_api,2026-06-11T10:40:28Z
10,New York,2024-03-27,53,7.4,10.9,4.8,5.3,0.6,0.6,1.0,11.2,True,open_meteo_historical_weather_api,2026-06-11T10:40:28Z
10,New York,2024-03-28,63,8.5,10.7,6.4,6.4,21.5,21.5,24.0,18.5,True,open_meteo_historical_weather_api,2026-06-11T10:40:28Z
10,New York,2024-03-29,51,7.4,12.6,4.0,1.2,0.4,0.4,2.0,34.5,True,open_meteo_historical_weather_api,2026-06-11T10:40:28Z
10,New York,2024-03-30,51,8.1,14.6,2.4,3.3,0.1,0.1,1.0,24.3,True,open_meteo_historical_weather_api,2026-06-11T10:40:28Z
10,New York,2024-03-31,51,10.5,16.2,4.5,7.0,0.2,0.2,1.0,20.3,True,open_meteo_historical_weather_api,2026-06-11T10:40:28Z
10,New York,2024-04-01,53,8.5,12.6,5.5,6.3,3.3,3.3,8.0,13.2,True,open_meteo_historical_weather_api,2026-06-11T10:40:28Z
10,New York,2024-04-02,63,7.3,8.9,6.2,4.4,19.0,19.0,16.0,20.7,True,open_meteo_historical_weather_api,2026-06-11T10:40:28Z
10,New York,2024-04-03,63,5.8,6.9,4.4,0.3,25.6,25.6,19.0,39.8,True,open_meteo_historical_weather_api,2026-06-11T10:40:28Z
10,New York,2024-04-04,63,5.7,9.2,3.0,0.9,9.1,9.1,9.0,38.8,True,open_meteo_historical_weather_api,2026-06-11T10:40:28Z
10,New York,2024-04-05,3,5.4,9.6,1.6,0.3,0.0,0.0,0.0,28.5,False,open_meteo_historical_weather_api,2026-06-11T10:40:28Z
10,New York,2024-04-06,51,6.9,11.5,3.1,1.8,0.2,0.2,2.0,27.9,True,open_meteo_historical_weather_api,2026-06-11T10:40:28Z
10,New York,2024-04-07,51,7.1,14.3,1.5,2.8,0.1,0.1,1.0,24.1,True,open_meteo_historical_weather_api,2026-06-11T10:40:28Z
10,New York,2024-04-08,53,8.9,18.0,0.9,6.3,1.0,1.0,3.0,14.2,True,open_meteo_historical_weather_api,2026-06-11T10:40:28Z
10,New York,2024-04-09,3,14.1,24.0,4.9,12.3,0.0,0.0,0.0,18.2,False,open_meteo_historical_weather_api,2026-06-11T10:40:28Z
10,New York,2024-04-10,53,12.2,15.9,8.2,10.4,0.6,0.6,2.0,16.6,True,open_meteo_historical_weather_api,2026-06-11T10:40:28Z
10,New York,2024-04-11,61,12.5,17.1,9.3,10.3,6.5,6.5,12.0,29.4,True,open_meteo_historical_weather_api,2026-06-11T10:40:28Z
10,New York,2024-04-12,63,15.6,19.6,12.6,11.8,14.9,14.9,12.0,39.0,True,open_meteo_historical_weather_api,2026-06-11T10:40:28Z
10,New York,2024-04-13,53,9.6,12.1,7.7,4.1,2.0,2.0,8.0,35.3,True,open_meteo_historical_weather_api,2026-06-11T10:40:28Z
10,New York,2024-04-14,53,14.2,22.2,5.9,10.2,0.9,0.9,2.0,23.8,True,open_meteo_historical_weather_api,2026-06-11T10:40:28Z
10,New York,2024-04-15,3,18.2,24.8,10.4,16.2,0.0,0.0,0.0,24.6,False,open_meteo_historical_weather_api,2026-06-11T10:40:28Z
10,New York,2024-04-16,0,14.3,20.5,6.9,11.4,0.0,0.0,0.0,18.5,False,open_meteo_historical_weather_api,2026-06-11T10:40:28Z
10,New York,2024-04-17,53,10.7,15.6,7.4,7.7,3.0,3.0,7.0,18.4,True,open_meteo_historical_weather_api,2026-06-11T10:40:28Z
10,New York,2024-04-18,63,8.6,9.4,5.6,4.9,6.2,6.2,13.0,25.0,True,open_meteo_historical_weather_api,2026-06-11T10:40:28Z
10,New York,2024-04-19,3,8.6,13.2,4.1,5.8,0.0,0.0,0.0,20.4,False,open_meteo_historical_weather_api,2026-06-11T10:40:28Z
10,New York,2024-04-20,53,12.9,20.1,8.4,10.0,2.3,2.3,6.0,28.8,True,open_meteo_historical_weather_api,2026-06-11T10:40:28Z
10,New York,2024-04-21,3,7.6,12.1,2.1,3.2,0.0,0.0,0.0,23.0,False,open_meteo_historical_weather_api,2026-06-11T10:40:28Z
10,New York,2024-04-22,3,8.7,15.0,2.1,5.2,0.0,0.0,0.0,17.0,False,open_meteo_historical_weather_api,2026-06-11T10:40:28Z
10,New York,2024-04-23,3,9.3,14.8,2.2,5.5,0.0,0.0,0.0,27.8,False,open_meteo_historical_weather_api,2026-06-11T10:40:28Z
10,New York,2024-04-24,61,13.5,21.4,8.6,10.3,1.6,1.6,1.0,32.0,True,open_meteo_historical_weather_api,2026-06-11T10:40:28Z
10,New York,2024-04-25,3,7.7,12.3,3.2,3.6,0.0,0.0,0.0,22.0,False,open_meteo_historical_weather_api,2026-06-11T10:40:28Z
10,New York,2024-04-26,2,8.0,14.6,1.7,5.1,0.0,0.0,0.0,19.2,False,open_meteo_historical_weather_api,2026-06-11T10:40:28Z
10,New York,2024-04-27,51,9.1,14.5,3.0,5.5,0.3,0.3,1.0,27.1,True,open_meteo_historical_weather_api,2026-06-11T10:40:28Z
10,New York,2024-04-28,51,15.3,22.8,8.8,14.7,0.6,0.6,2.0,16.3,True,open_meteo_historical_weather_api,2026-06-11T10:40:28Z
10,New York,2024-04-29,61,19.8,28.3,13.4,21.0,3.4,3.4,4.0,15.5,True,open_meteo_historical_weather_api,2026-06-11T10:40:28Z
10,New York,2024-04-30,55,15.5,22.9,11.2,14.6,2.2,2.2,2.0,14.6,True,open_meteo_historical_weather_api,2026-06-11T10:40:28Z
10,New York,2024-05-01,53,15.4,24.8,10.4,14.8,1.5,1.5,4.0,19.8,True,open_meteo_historical_weather_api,2026-06-11T10:40:28Z
10,New York,2024-05-02,3,18.4,27.8,10.2,17.5,0.0,0.0,0.0,22.7,False,open_meteo_historical_weather_api,2026-06-11T10:40:28Z
10,New York,2024-05-03,3,13.6,17.2,9.8,11.3,0.0,0.0,0.0,19.2,False,open_meteo_historical_weather_api,2026-06-11T10:40:28Z
10,New York,2024-05-04,3,11.5,16.5,7.8,9.3,0.0,0.0,0.0,21.2,False,open_meteo_historical_weather_api,2026-06-11T10:40:28Z
10,New York,2024-05-05,61,10.6,12.1,9.1,7.9,8.6,8.6,15.0,23.7,True,open_meteo_historical_weather_api,2026-06-11T10:40:28Z
10,New York,2024-05-06,51,16.8,22.6,11.9,17.4,0.8,0.8,5.0,11.6,True,open_meteo_historical_weather_api,2026-06-11T10:40:28Z
10,New York,2024-05-07,3,19.1,26.1,12.2,18.4,0.0,0.0,0.0,15.2,False,open_meteo_historical_weather_api,2026-06-11T10:40:28Z
10,New York,2024-05-08,3,23.0,30.9,15.9,22.3,0.0,0.0,0.0,26.6,False,open_meteo_historical_weather_api,2026-06-11T10:40:28Z
10,New York,2024-05-09,3,17.5,21.0,14.3,15.9,0.0,0.0,0.0,16.6,False,open_meteo_historical_weather_api,2026-06-11T10:40:28Z
10,New York,2024-05-10,63,10.6,15.1,9.4,7.9,12.9,12.9,18.0,19.7,True,open_meteo_historical_weather_api,2026-06-11T10:40:28Z
10,New York,2024-05-11,3,11.4,16.5,6.5,8.9,0.0,0.0,0.0,19.8,False,open_meteo_historical_weather_api,2026-06-11T10:40:28Z
10,New York,2024-05-12,61,10.6,13.4,8.6,8.4,7.6,7.6,13.0,14.8,True,open_meteo_historical_weather_api,2026-06-11T10:40:28Z
10,New York,2024-05-13,3,12.9,20.0,5.8,10.9,0.0,0.0,0.0,23.6,False,open_meteo_historical_weather_api,2026-06-11T10:40:28Z
10,New York,2024-05-14,61,16.3,22.5,9.4,15.5,3.2,3.2,6.0,21.3,True,open_meteo_historical_weather_api,2026-06-11T10:40:28Z
10,New York,2024-05-15,55,15.7,19.8,13.5,14.7,6.8,6.8,23.0,26.0,True,open_meteo_historical_weather_api,2026-06-11T10:40:28Z
10,New York,2024-05-16,53,16.5,19.0,14.9,14.4,4.8,4.8,22.0,31.4,True,open_meteo_historical_weather_api,2026-06-11T10:40:28Z
10,New York,2024-05-17,3,17.4,22.6,12.1,16.7,0.0,0.0,0.0,18.3,False,open_meteo_historical_weather_api,2026-06-11T10:40:28Z
10,New York,2024-05-18,51,16.6,22.8,13.2,16.4,2.2,2.2,8.0,15.7,True,open_meteo_historical_weather_api,2026-06-11T10:40:28Z
10,New York,2024-05-19,51,16.7,23.4,12.5,16.0,0.2,0.2,2.0,19.7,True,open_meteo_historical_weather_api,2026-06-11T10:40:28Z
10,New York,2024-05-20,3,16.4,23.8,10.7,16.4,0.0,0.0,0.0,19.0,False,open_meteo_historical_weather_api,2026-06-11T10:40:28Z
10,New York,2024-05-21,3,19.2,27.1,12.4,20.2,0.0,0.0,0.0,17.0,False,open_meteo_historical_weather_api,2026-06-11T10:40:28Z
10,New York,2024-05-22,3,22.0,28.5,15.8,22.6,0.0,0.0,0.0,22.8,False,open_meteo_historical_weather_api,2026-06-11T10:40:28Z
10,New York,2024-05-23,61,22.7,27.1,19.0,24.3,3.0,3.0,4.0,16.1,True,open_meteo_historical_weather_api,2026-06-11T10:40:28Z
10,New York,2024-05-24,3,22.6,29.4,15.8,22.7,0.0,0.0,0.0,15.5,False,open_meteo_historical_weather_api,2026-06-11T10:40:28Z
10,New York,2024-05-25,3,19.6,26.0,13.9,19.3,0.0,0.0,0.0,17.5,False,open_meteo_historical_weather_api,2026-06-11T10:40:28Z
10,New York,2024-05-26,51,20.0,26.0,15.7,21.5,0.2,0.2,2.0,16.0,True,open_meteo_historical_weather_api,2026-06-11T10:40:28Z
10,New York,2024-05-27,65,19.2,22.5,17.1,20.0,34.6,34.6,16.0,26.5,True,open_meteo_historical_weather_api,2026-06-11T10:40:28Z
10,New York,2024-05-28,3,22.0,27.1,17.8,22.0,0.0,0.0,0.0,26.7,False,open_meteo_historical_weather_api,2026-06-11T10:40:28Z
10,New York,2024-05-29,63,19.0,25.1,14.0,19.3,12.4,12.4,7.0,17.6,True,open_meteo_historical_weather_api,2026-06-11T10:40:28Z
10,New York,2024-05-30,61,17.6,21.7,13.9,16.3,2.2,2.2,3.0,21.7,True,open_meteo_historical_weather_api,2026-06-11T10:40:28Z
10,New York,2024-05-31,3,18.6,25.0,13.2,15.9,0.0,0.0,0.0,20.4,False,open_meteo_historical_weather_api,2026-06-11T10:40:28Z
10,New York,2024-06-01,3,20.8,28.1,13.1,19.2,0.0,0.0,0.0,16.0,False,open_meteo_historical_weather_api,2026-06-11T10:40:28Z
10,New York,2024-06-02,3,21.1,27.3,14.2,20.4,0.0,0.0,0.0,21.3,False,open_meteo_historical_weather_api,2026-06-11T10:40:28Z
10,New York,2024-06-03,51,23.7,30.0,17.5,24.9,0.2,0.2,2.0,15.2,True,open_meteo_historical_weather_api,2026-06-11T10:40:28Z
10,New York,2024-06-04,3,20.8,25.6,16.5,21.9,0.0,0.0,0.0,18.4,False,open_meteo_historical_weather_api,2026-06-11T10:40:28Z
10,New York,2024-06-05,63,20.3,26.2,14.7,21.8,6.6,6.6,5.0,23.6,True,open_meteo_historical_weather_api,2026-06-11T10:40:28Z
10,New York,2024-06-06,65,23.2,27.8,19.4,25.5,40.5,40.5,15.0,32.8,True,open_meteo_historical_weather_api,2026-06-11T10:40:28Z
10,New York,2024-06-07,51,23.1,28.5,17.5,23.1,0.5,0.5,2.0,23.4,True,open_meteo_historical_weather_api,2026-06-11T10:40:28Z
10,New York,2024-06-08,3,20.4,25.3,15.4,18.5,0.0,0.0,0.0,26.3,False,open_meteo_historical_weather_api,2026-06-11T10:40:28Z
10,New York,2024-06-09,51,20.4,25.4,14.6,19.1,0.1,0.1,1.0,27.0,True,open_meteo_historical_weather_api,2026-06-11T10:40:28Z
10,New York,2024-06-10,3,19.5,24.5,14.6,17.7,0.0,0.0,0.0,17.7,False,open_meteo_historical_weather_api,2026-06-11T10:40:28Z
10,New York,2024-06-11,51,18.9,23.4,13.9,18.6,1.1,1.1,5.0,11.4,True,open_meteo_historical_weather_api,2026-06-11T10:40:28Z
10,New York,2024-06-12,3,19.9,25.8,14.5,19.7,0.0,0.0,0.0,18.0,False,open_meteo_historical_weather_api,2026-06-11T10:40:28Z
10,New York,2024-06-13,3,21.8,29.0,13.9,21.5,0.0,0.0,0.0,31.2,False,open_meteo_historical_weather_api,2026-06-11T10:40:28Z
10,New York,2024-06-14,65,23.2,29.6,19.5,25.1,18.9,18.9,7.0,15.5,True,open_meteo_historical_weather_api,2026-06-11T10:40:28Z
10,New York,2024-06-15,3,21.8,27.4,17.1,21.2,0.0,0.0,0.0,22.6,False,open_meteo_historical_weather_api,2026-06-11T10:40:28Z
10,New York,2024-06-16,3,19.2,24.0,14.5,18.2,0.0,0.0,0.0,18.6,False,open_meteo_historical_weather_api,2026-06-11T10:40:28Z
10,New York,2024-06-17,3,22.8,29.5,16.1,23.5,0.0,0.0,0.0,25.8,False,open_meteo_historical_weather_api,2026-06-11T10:40:28Z
10,New York,2024-06-18,3,25.1,30.0,20.5,26.5,0.0,0.0,0.0,24.4,False,open_meteo_historical_weather_api,2026-06-11T10:40:28Z
10,New York,2024-06-19,3,25.0,31.1,19.8,26.0,0.0,0.0,0.0,25.0,False,open_meteo_historical_weather_api,2026-06-11T10:40:28Z
10,New York,2024-06-20,3,26.4,33.4,19.9,27.9,0.0,0.0,0.0,21.3,False,open_meteo_historical_weather_api,2026-06-11T10:40:28Z
10,New York,2024-06-21,3,27.9,35.5,22.7,29.8,0.0,0.0,0.0,21.2,False,open_meteo_historical_weather_api,2026-06-11T10:40:28Z
10,New York,2024-06-22,61,27.1,34.7,22.3,30.7,5.0,5.0,5.0,16.7,True,open_meteo_historical_weather_api,2026-06-11T10:40:28Z
10,New York,2024-06-23,51,29.3,36.3,22.6,30.7,0.1,0.1,1.0,26.7,True,open_meteo_historical_weather_api,2026-06-11T10:40:28Z
10,New York,2024-06-24,3,25.3,27.2,22.3,23.4,0.0,0.0,0.0,39.0,False,open_meteo_historical_weather_api,2026-06-11T10:40:28Z
10,New York,2024-06-25,3,26.4,33.8,20.1,25.0,0.0,0.0,0.0,23.7,False,open_meteo_historical_weather_api,2026-06-11T10:40:28Z
10,New York,2024-06-26,51,28.4,35.8,23.2,29.0,0.1,0.1,1.0,28.0,True,open_meteo_historical_weather_api,2026-06-11T10:40:28Z
10,New York,2024-06-27,63,25.2,30.4,21.6,26.0,10.6,10.6,5.0,19.2,True,open_meteo_historical_weather_api,2026-06-11T10:40:28Z
10,New York,2024-06-28,3,20.2,25.5,15.4,18.8,0.0,0.0,0.0,21.6,False,open_meteo_historical_weather_api,2026-06-11T10:40:28Z
10,New York,2024-06-29,53,23.1,26.9,17.9,23.5,1.7,1.7,6.0,34.1,True,open_meteo_historical_weather_api,2026-06-11T10:40:28Z
10,New York,2024-06-30,65,26.3,33.5,22.0,29.3,20.8,20.8,11.0,24.0,True,open_meteo_historical_weather_api,2026-06-11T10:40:28Z
10,New York,2024-07-01,51,21.9,26.9,16.5,20.3,0.1,0.1,1.0,24.7,True,open_meteo_historical_weather_api,2026-06-11T10:40:28Z
10,New York,2024-07-02,3,22.8,28.8,16.5,22.5,0.0,0.0,0.0,15.5,False,open_meteo_historical_weather_api,2026-06-11T10:40:28Z
10,New York,2024-07-03,3,22.8,28.1,17.2,22.0,0.0,0.0,0.0,27.9,False,open_meteo_historical_weather_api,2026-06-11T10:40:28Z
10,New York,2024-07-04,55,24.8,30.5,19.5,26.5,1.8,1.8,4.0,19.7,True,open_meteo_historical_weather_api,2026-06-11T10:40:28Z
10,New York,2024-07-05,53,26.9,32.2,22.1,30.9,1.7,1.7,5.0,18.2,True,open_meteo_historical_weather_api,2026-06-11T10:40:28Z
10,New York,2024-07-06,61,28.1,33.2,23.0,32.5,3.2,3.2,4.0,16.6,True,open_meteo_historical_weather_api,2026-06-11T10:40:28Z
10,New York,2024-07-07,55,27.9,32.7,23.9,31.6,1.6,1.6,4.0,15.9,True,open_meteo_historical_weather_api,2026-06-11T10:40:28Z
10,New York,2024-07-08,3,27.0,33.0,23.3,31.1,0.0,0.0,0.0,15.3,False,open_meteo_historical_weather_api,2026-06-11T10:40:28Z
10,New York,2024-07-09,51,27.0,31.0,22.5,31.2,0.2,0.2,2.0,24.9,True,open_meteo_historical_weather_api,2026-06-11T10:40:28Z
10,New York,2024-07-10,51,28.1,32.1,24.8,31.1,0.3,0.3,3.0,34.5,True,open_meteo_historical_weather_api,2026-06-11T10:40:28Z
10,New York,2024-07-11,63,28.1,34.5,24.2,29.9,5.6,5.6,4.0,28.2,True,open_meteo_historical_weather_api,2026-06-11T10:40:28Z
10,New York,2024-07-12,61,25.2,29.5,21.9,28.2,6.0,6.0,12.0,19.9,True,open_meteo_historical_weather_api,2026-06-11T10:40:28Z
10,New York,2024-07-13,65,25.4,30.8,21.6,29.4,27.5,27.5,12.0,17.1,True,open_meteo_historical_weather_api,2026-06-11T10:40:28Z
10,New York,2024-07-14,53,27.1,31.4,22.0,31.0,1.2,1.2,3.0,15.9,True,open_meteo_historical_weather_api,2026-06-11T10:40:28Z
10,New York,2024-07-15,51,28.8,35.2,23.1,32.5,0.5,0.5,2.0,20.8,True,open_meteo_historical_weather_api,2026-06-11T10:40:28Z
10,New York,2024-07-16,51,29.0,35.2,22.7,31.6,0.8,0.8,3.0,24.5,True,open_meteo_historical_weather_api,2026-06-11T10:40:28Z
10,New York,2024-07-17,65,27.4,32.1,23.9,31.9,33.7,33.7,7.0,18.3,True,open_meteo_historical_weather_api,2026-06-11T10:40:28Z
10,New York,2024-07-18,51,25.7,30.9,21.5,27.7,0.4,0.4,1.0,13.7,True,open_meteo_historical_weather_api,2026-06-11T10:40:28Z
10,New York,2024-07-19,2,23.8,29.0,18.0,23.8,0.0,0.0,0.0,15.6,False,open_meteo_historical_weather_api,2026-06-11T10:40:28Z
10,New York,2024-07-20,61,24.1,28.9,17.8,25.4,2.1,2.1,2.0,17.6,True,open_meteo_historical_weather_api,2026-06-11T10:40:28Z
10,New York,2024-07-21,51,26.0,31.5,19.8,28.0,0.1,0.1,1.0,21.6,True,open_meteo_historical_weather_api,2026-06-11T10:40:28Z
10,New York,2024-07-22,61,24.7,28.5,21.1,27.1,4.5,4.5,4.0,20.7,True,open_meteo_historical_weather_api,2026-06-11T10:40:28Z
10,New York,2024-07-23,55,24.6,29.6,21.1,28.5,3.3,3.3,14.0,8.5,True,open_meteo_historical_weather_api,2026-06-11T10:40:28Z
10,New York,2024-07-24,65,24.6,29.5,21.2,27.9,8.8,8.8,3.0,14.9,True,open_meteo_historical_weather_api,2026-06-11T10:40:28Z
10,New York,2024-07-25,3,25.1,30.8,20.7,27.0,0.0,0.0,0.0,16.3,False,open_meteo_historical_weather_api,2026-06-11T10:40:28Z
10,New York,2024-07-26,3,23.9,29.5,18.2,23.0,0.0,0.0,0.0,21.1,False,open_meteo_historical_weather_api,2026-06-11T10:40:28Z
10,New York,2024-07-27,3,24.4,30.0,17.7,24.7,0.0,0.0,0.0,15.0,False,open_meteo_historical_weather_api,2026-06-11T10:40:28Z
10,New York,2024-07-28,3,24.5,31.5,18.1,25.0,0.0,0.0,0.0,23.1,False,open_meteo_historical_weather_api,2026-06-11T10:40:28Z
10,New York,2024-07-29,63,25.0,29.5,21.6,27.6,4.0,4.0,3.0,17.9,True,open_meteo_historical_weather_api,2026-06-11T10:40:28Z
10,New York,2024-07-30,3,26.3,32.1,21.4,28.5,0.0,0.0,0.0,28.8,False,open_meteo_historical_weather_api,2026-06-11T10:40:28Z
10,New York,2024-07-31,63,26.1,32.0,23.2,29.1,9.9,9.9,12.0,18.2,True,open_meteo_historical_weather_api,2026-06-11T10:40:28Z
10,New York,2024-08-01,51,27.7,34.9,20.5,31.2,0.1,0.1,1.0,16.9,True,open_meteo_historical_weather_api,2026-06-11T10:40:28Z
10,New York,2024-08-02,63,27.3,33.0,23.7,31.5,10.0,10.0,10.0,21.6,True,open_meteo_historical_weather_api,2026-06-11T10:40:28Z
10,New York,2024-08-03,63,26.9,33.1,23.5,31.2,13.1,13.1,9.0,19.5,True,open_meteo_historical_weather_api,2026-06-11T10:40:28Z
10,New York,2024-08-04,65,24.6,28.3,23.1,28.1,13.7,13.7,11.0,14.3,True,open_meteo_historical_weather_api,2026-06-11T10:40:28Z
10,New York,2024-08-05,3,26.7,32.0,20.4,29.5,0.0,0.0,0.0,19.8,False,open_meteo_historical_weather_api,2026-06-11T10:40:28Z
10,New York,2024-08-06,65,25.9,32.6,22.1,29.5,37.5,37.5,13.0,15.9,True,open_meteo_historical_weather_api,2026-06-11T10:40:28Z
10,New York,2024-08-07,63,21.2,22.7,18.6,22.2,24.0,24.0,14.0,21.2,True,open_meteo_historical_weather_api,2026-06-11T10:40:28Z
10,New York,2024-08-08,53,20.7,23.5,18.2,21.6,5.7,5.7,16.0,24.3,True,open_meteo_historical_weather_api,2026-06-11T10:40:28Z
10,New York,2024-08-09,63,24.8,28.5,22.1,26.6,23.7,23.7,22.0,44.3,True,open_meteo_historical_weather_api,2026-06-11T10:40:28Z
10,New York,2024-08-10,53,25.3,29.5,21.8,27.4,1.0,1.0,2.0,18.2,True,open_meteo_historical_weather_api,2026-06-11T10:40:28Z
10,New York,2024-08-11,3,23.2,27.5,19.1,23.6,0.0,0.0,0.0,19.7,False,open_meteo_historical_weather_api,2026-06-11T10:40:28Z
10,New York,2024-08-12,3,21.9,26.4,16.5,21.8,0.0,0.0,0.0,20.4,False,open_meteo_historical_weather_api,2026-06-11T10:40:28Z
10,New York,2024-08-13,3,21.6,27.1,16.5,21.7,0.0,0.0,0.0,14.7,False,open_meteo_historical_weather_api,2026-06-11T10:40:28Z
10,New York,2024-08-14,51,23.0,28.5,17.6,23.7,0.1,0.1,1.0,15.8,True,open_meteo_historical_weather_api,2026-06-11T10:40:28Z
10,New York,2024-08-15,2,24.0,30.4,17.2,25.3,0.0,0.0,0.0,11.6,False,open_meteo_historical_weather_api,2026-06-11T10:40:28Z
10,New York,2024-08-16,3,24.1,30.5,18.5,26.3,0.0,0.0,0.0,18.4,False,open_meteo_historical_weather_api,2026-06-11T10:40:28Z
10,New York,2024-08-17,63,23.4,26.5,20.9,25.4,4.6,4.6,5.0,24.3,True,open_meteo_historical_weather_api,2026-06-11T10:40:28Z
10,New York,2024-08-18,63,22.9,25.8,21.1,24.9,27.5,27.5,22.0,25.1,True,open_meteo_historical_weather_api,2026-06-11T10:40:28Z
10,New York,2024-08-19,65,22.9,28.5,20.4,25.7,29.7,29.7,16.0,19.8,True,open_meteo_historical_weather_api,2026-06-11T10:40:28Z
10,New York,2024-08-20,51,19.1,22.5,16.5,17.2,0.1,0.1,1.0,22.7,True,open_meteo_historical_weather_api,2026-06-11T10:40:28Z
10,New York,2024-08-21,1,18.0,22.8,13.0,16.1,0.0,0.0,0.0,20.9,False,open_meteo_historical_weather_api,2026-06-11T10:40:28Z
10,New York,2024-08-22,3,18.9,24.6,12.6,17.8,0.0,0.0,0.0,19.2,False,open_meteo_historical_weather_api,2026-06-11T10:40:28Z
10,New York,2024-08-23,2,20.6,27.5,13.4,20.7,0.0,0.0,0.0,14.0,False,open_meteo_historical_weather_api,2026-06-11T10:40:28Z
10,New York,2024-08-24,3,22.1,30.0,14.9,22.7,0.0,0.0,0.0,14.8,False,open_meteo_historical_weather_api,2026-06-11T10:40:28Z
10,New York,2024-08-25,51,23.0,30.2,16.4,23.7,0.2,0.2,2.0,17.3,True,open_meteo_historical_weather_api,2026-06-11T10:40:28Z
10,New York,2024-08-26,53,23.3,30.0,18.2,25.0,0.9,0.9,2.0,22.7,True,open_meteo_historical_weather_api,2026-06-11T10:40:28Z
10,New York,2024-08-27,3,23.3,29.9,17.8,25.4,0.0,0.0,0.0,20.2,False,open_meteo_historical_weather_api,2026-06-11T10:40:28Z
10,New York,2024-08-28,3,27.2,34.2,21.5,29.6,0.0,0.0,0.0,15.9,False,open_meteo_historical_weather_api,2026-06-11T10:40:28Z
10,New York,2024-08-29,61,23.3,27.0,20.2,24.2,4.6,4.6,7.0,19.1,True,open_meteo_historical_weather_api,2026-06-11T10:40:28Z
10,New York,2024-08-30,61,20.7,24.0,18.3,20.8,3.9,3.9,5.0,18.1,True,open_meteo_historical_weather_api,2026-06-11T10:40:28Z
10,New York,2024-08-31,51,21.8,25.8,17.8,23.3,0.9,0.9,4.0,17.7,True,open_meteo_historical_weather_api,2026-06-11T10:40:28Z
10,New York,2024-09-01,61,24.3,29.1,21.0,26.6,4.8,4.8,9.0,19.8,True,open_meteo_historical_weather_api,2026-06-11T10:40:28Z
10,New York,2024-09-02,3,21.8,26.2,17.6,20.7,0.0,0.0,0.0,19.9,False,open_meteo_historical_weather_api,2026-06-11T10:40:28Z
10,New York,2024-09-03,0,17.8,23.0,12.3,15.9,0.0,0.0,0.0,17.1,False,open_meteo_historical_weather_api,2026-06-11T10:40:28Z
10,New York,2024-09-04,0,18.4,25.1,12.4,17.7,0.0,0.0,0.0,14.0,False,open_meteo_historical_weather_api,2026-06-11T10:40:28Z
10,New York,2024-09-05,0,18.9,25.6,12.7,18.6,0.0,0.0,0.0,17.4,False,open_meteo_historical_weather_api,2026-06-11T10:40:28Z
10,New York,2024-09-06,51,20.0,26.5,14.6,20.6,0.1,0.1,1.0,17.7,True,open_meteo_historical_weather_api,2026-06-11T10:40:28Z
10,New York,2024-09-07,55,19.8,24.5,14.2,20.2,3.1,3.1,12.0,25.2,True,open_meteo_historical_weather_api,2026-06-11T10:40:28Z
10,New York,2024-09-08,0,16.5,21.9,11.4,13.9,0.0,0.0,0.0,21.0,False,open_meteo_historical_weather_api,2026-06-11T10:40:28Z
10,New York,2024-09-09,2,18.0,25.0,10.6,15.8,0.0,0.0,0.0,20.9,False,open_meteo_historical_weather_api,2026-06-11T10:40:28Z
10,New York,2024-09-10,0,19.5,26.1,13.8,18.4,0.0,0.0,0.0,14.5,False,open_meteo_historical_weather_api,2026-06-11T10:40:28Z
10,New York,2024-09-11,3,18.5,25.5,12.1,17.9,0.0,0.0,0.0,12.7,False,open_meteo_historical_weather_api,2026-06-11T10:40:28Z
10,New York,2024-09-12,3,19.5,26.3,14.9,20.5,0.0,0.0,0.0,16.3,False,open_meteo_historical_weather_api,2026-06-11T10:40:28Z
10,New York,2024-09-13,3,19.9,27.5,13.9,21.1,0.0,0.0,0.0,13.7,False,open_meteo_historical_weather_api,2026-06-11T10:40:28Z
10,New York,2024-09-14,3,21.8,29.6,14.9,23.0,0.0,0.0,0.0,14.0,False,open_meteo_historical_weather_api,2026-06-11T10:40:28Z
10,New York,2024-09-15,1,20.9,28.1,15.5,21.3,0.0,0.0,0.0,19.1,False,open_meteo_historical_weather_api,2026-06-11T10:40:28Z
10,New York,2024-09-16,3,18.9,25.8,13.1,19.1,0.0,0.0,0.0,14.4,False,open_meteo_historical_weather_api,2026-06-11T10:40:28Z
10,New York,2024-09-17,3,20.1,27.2,14.8,20.6,0.0,0.0,0.0,18.1,False,open_meteo_historical_weather_api,2026-06-11T10:40:28Z
10,New York,2024-09-18,3,20.7,23.9,17.9,20.9,0.0,0.0,0.0,17.5,False,open_meteo_historical_weather_api,2026-06-11T10:40:28Z
10,New York,2024-09-19,3,22.8,29.8,16.4,22.5,0.0,0.0,0.0,17.3,False,open_meteo_historical_weather_api,2026-06-11T10:40:28Z
10,New York,2024-09-20,3,22.0,27.8,17.4,22.1,0.0,0.0,0.0,20.3,False,open_meteo_historical_weather_api,2026-06-11T10:40:28Z
10,New York,2024-09-21,3,20.3,27.1,15.4,19.3,0.0,0.0,0.0,18.1,False,open_meteo_historical_weather_api,2026-06-11T10:40:28Z
10,New York,2024-09-22,3,18.8,25.4,13.6,17.9,0.0,0.0,0.0,17.2,False,open_meteo_historical_weather_api,2026-06-11T10:40:28Z
10,New York,2024-09-23,51,17.3,21.1,13.2,15.9,0.1,0.1,1.0,16.9,True,open_meteo_historical_weather_api,2026-06-11T10:40:28Z
10,New York,2024-09-24,3,17.4,20.2,13.9,15.9,0.0,0.0,0.0,17.2,False,open_meteo_historical_weather_api,2026-06-11T10:40:28Z
10,New York,2024-09-25,53,17.9,20.8,16.0,16.6,1.1,1.1,2.0,20.8,True,open_meteo_historical_weather_api,2026-06-11T10:40:28Z
10,New York,2024-09-26,55,20.4,23.4,17.1,22.0,4.4,4.4,10.0,17.7,True,open_meteo_historical_weather_api,2026-06-11T10:40:28Z
10,New York,2024-09-27,53,20.4,22.3,18.6,21.8,0.9,0.9,4.0,15.4,True,open_meteo_historical_weather_api,2026-06-11T10:40:28Z
10,New York,2024-09-28,63,17.9,20.0,16.0,17.5,13.7,13.7,15.0,19.8,True,open_meteo_historical_weather_api,2026-06-11T10:40:28Z
10,New York,2024-09-29,51,17.2,18.6,16.5,16.6,1.2,1.2,12.0,17.8,True,open_meteo_historical_weather_api,2026-06-11T10:40:28Z
10,New York,2024-09-30,3,18.1,22.9,14.4,17.5,0.0,0.0,0.0,18.5,False,open_meteo_historical_weather_api,2026-06-11T10:40:28Z
10,New York,2024-10-01,3,17.6,22.2,14.6,16.7,0.0,0.0,0.0,16.5,False,open_meteo_historical_weather_api,2026-06-11T10:40:28Z
10,New York,2024-10-02,3,16.4,20.7,13.0,15.7,0.0,0.0,0.0,14.3,False,open_meteo_historical_weather_api,2026-06-11T10:40:28Z
10,New York,2024-10-03,51,17.9,22.4,15.1,18.1,0.1,0.1,1.0,15.1,True,open_meteo_historical_weather_api,2026-06-11T10:40:28Z
10,New York,2024-10-04,51,17.5,23.4,12.4,17.6,0.2,0.2,1.0,16.9,True,open_meteo_historical_weather_api,2026-06-11T10:40:28Z
10,New York,2024-10-05,51,18.7,24.0,13.7,17.9,0.4,0.4,3.0,18.0,True,open_meteo_historical_weather_api,2026-06-11T10:40:28Z
10,New York,2024-10-06,3,16.0,21.9,10.1,14.9,0.0,0.0,0.0,17.2,False,open_meteo_historical_weather_api,2026-06-11T10:40:28Z
10,New York,2024-10-07,63,18.6,23.6,15.6,17.1,5.5,5.5,7.0,19.7,True,open_meteo_historical_weather_api,2026-06-11T10:40:28Z
10,New York,2024-10-08,3,15.5,20.9,10.4,12.9,0.0,0.0,0.0,16.7,False,open_meteo_historical_weather_api,2026-06-11T10:40:28Z
10,New York,2024-10-09,51,15.0,20.2,9.2,12.2,0.1,0.1,1.0,22.2,True,open_meteo_historical_weather_api,2026-06-11T10:40:28Z
10,New York,2024-10-10,1,12.3,18.0,7.7,8.2,0.0,0.0,0.0,21.3,False,open_meteo_historical_weather_api,2026-06-11T10:40:28Z
10,New York,2024-10-11,0,13.5,21.1,6.4,10.3,0.0,0.0,0.0,18.9,False,open_meteo_historical_weather_api,2026-06-11T10:40:28Z
10,New York,2024-10-12,2,17.5,23.1,12.3,14.1,0.0,0.0,0.0,24.0,False,open_meteo_historical_weather_api,2026-06-11T10:40:28Z
10,New York,2024-10-13,3,16.7,23.6,9.8,15.0,0.0,0.0,0.0,16.4,False,open_meteo_historical_weather_api,2026-06-11T10:40:28Z
10,New York,2024-10-14,3,13.6,19.5,8.6,10.3,0.0,0.0,0.0,36.2,False,open_meteo_historical_weather_api,2026-06-11T10:40:28Z
10,New York,2024-10-15,51,9.8,14.7,5.4,5.8,0.2,0.2,2.0,20.6,True,open_meteo_historical_weather_api,2026-06-11T10:40:28Z
10,New York,2024-10-16,3,9.9,15.5,5.4,5.5,0.0,0.0,0.0,22.0,False,open_meteo_historical_weather_api,2026-06-11T10:40:28Z
10,New York,2024-10-17,3,9.4,15.2,3.6,5.5,0.0,0.0,0.0,23.1,False,open_meteo_historical_weather_api,2026-06-11T10:40:28Z
10,New York,2024-10-18,0,12.2,19.5,6.8,8.2,0.0,0.0,0.0,20.4,False,open_meteo_historical_weather_api,2026-06-11T10:40:28Z
10,New York,2024-10-19,0,13.2,21.6,7.1,10.9,0.0,0.0,0.0,11.5,False,open_meteo_historical_weather_api,2026-06-11T10:40:28Z
10,New York,2024-10-20,2,14.3,24.6,5.8,12.0,0.0,0.0,0.0,11.0,False,open_meteo_historical_weather_api,2026-06-11T10:40:28Z
10,New York,2024-10-21,0,17.4,27.8,7.8,15.2,0.0,0.0,0.0,13.6,False,open_meteo_historical_weather_api,2026-06-11T10:40:28Z
10,New York,2024-10-22,0,18.9,27.8,12.8,18.0,0.0,0.0,0.0,12.5,False,open_meteo_historical_weather_api,2026-06-11T10:40:28Z
10,New York,2024-10-23,3,17.7,25.4,10.9,16.3,0.0,0.0,0.0,17.8,False,open_meteo_historical_weather_api,2026-06-11T10:40:28Z
10,New York,2024-10-24,53,16.3,20.8,11.6,13.2,0.6,0.6,1.0,25.8,True,open_meteo_historical_weather_api,2026-06-11T10:40:28Z
10,New York,2024-10-25,3,11.9,18.1,6.4,8.6,0.0,0.0,0.0,15.8,False,open_meteo_historical_weather_api,2026-06-11T10:40:28Z
10,New York,2024-10-26,3,13.5,18.3,9.6,9.5,0.0,0.0,0.0,24.8,False,open_meteo_historical_weather_api,2026-06-11T10:40:28Z
10,New York,2024-10-27,3,9.7,14.9,4.8,5.8,0.0,0.0,0.0,18.6,False,open_meteo_historical_weather_api,2026-06-11T10:40:28Z
10,New York,2024-10-28,2,9.3,16.2,2.9,6.3,0.0,0.0,0.0,15.1,False,open_meteo_historical_weather_api,2026-06-11T10:40:28Z
10,New York,2024-10-29,51,12.8,17.5,6.1,10.9,1.1,1.1,8.0,24.0,True,open_meteo_historical_weather_api,2026-06-11T10:40:28Z
10,New York,2024-10-30,3,17.3,25.9,11.1,16.4,0.0,0.0,0.0,13.9,False,open_meteo_historical_weather_api,2026-06-11T10:40:28Z
10,New York,2024-10-31,3,19.9,28.2,12.0,18.7,0.0,0.0,0.0,22.2,False,open_meteo_historical_weather_api,2026-06-11T10:40:28Z
10,New York,2024-11-01,51,21.1,26.6,15.1,18.0,0.3,0.3,1.0,30.4,True,open_meteo_historical_weather_api,2026-06-11T10:40:28Z
10,New York,2024-11-02,1,12.2,15.9,8.3,8.3,0.0,0.0,0.0,20.3,False,open_meteo_historical_weather_api,2026-06-11T10:40:28Z
10,New York,2024-11-03,3,7.5,13.2,3.7,3.4,0.0,0.0,0.0,14.5,False,open_meteo_historical_weather_api,2026-06-11T10:40:28Z
10,New York,2024-11-04,3,9.1,14.4,3.5,6.0,0.0,0.0,0.0,19.2,False,open_meteo_historical_weather_api,2026-06-11T10:40:28Z
10,New York,2024-11-05,3,15.6,22.5,8.8,14.1,0.0,0.0,0.0,21.3,False,open_meteo_historical_weather_api,2026-06-11T10:40:28Z
10,New York,2024-11-06,2,20.9,27.0,16.4,19.6,0.0,0.0,0.0,22.8,False,open_meteo_historical_weather_api,2026-06-11T10:40:28Z
10,New York,2024-11-07,3,18.1,23.0,12.5,16.5,0.0,0.0,0.0,21.3,False,open_meteo_historical_weather_api,2026-06-11T10:40:28Z
10,New York,2024-11-08,3,13.5,20.6,6.7,9.8,0.0,0.0,0.0,27.6,False,open_meteo_historical_weather_api,2026-06-11T10:40:28Z
10,New York,2024-11-09,3,8.7,13.0,4.5,3.9,0.0,0.0,0.0,23.5,False,open_meteo_historical_weather_api,2026-06-11T10:40:28Z
10,New York,2024-11-10,53,8.8,14.4,2.3,5.4,0.7,0.7,2.0,20.4,True,open_meteo_historical_weather_api,2026-06-11T10:40:28Z
10,New York,2024-11-11,61,15.8,21.0,10.9,13.2,3.3,3.3,6.0,25.7,True,open_meteo_historical_weather_api,2026-06-11T10:40:28Z
10,New York,2024-11-12,2,9.7,12.1,5.6,4.7,0.0,0.0,0.0,26.9,False,open_meteo_historical_weather_api,2026-06-11T10:40:28Z
10,New York,2024-11-13,2,5.1,9.1,1.4,0.8,0.0,0.0,0.0,13.6,False,open_meteo_historical_weather_api,2026-06-11T10:40:28Z
10,New York,2024-11-14,3,4.7,7.8,1.4,1.2,0.0,0.0,0.0,9.6,False,open_meteo_historical_weather_api,2026-06-11T10:40:28Z
10,New York,2024-11-15,3,8.3,14.8,3.0,4.8,0.0,0.0,0.0,14.5,False,open_meteo_historical_weather_api,2026-06-11T10:40:28Z
10,New York,2024-11-16,0,10.6,16.5,6.2,6.1,0.0,0.0,0.0,16.6,False,open_meteo_historical_weather_api,2026-06-11T10:40:28Z
10,New York,2024-11-17,3,11.3,18.0,6.5,7.7,0.0,0.0,0.0,14.5,False,open_meteo_historical_weather_api,2026-06-11T10:40:28Z
10,New York,2024-11-18,3,12.5,17.9,7.6,9.2,0.0,0.0,0.0,14.0,False,open_meteo_historical_weather_api,2026-06-11T10:40:28Z
10,New York,2024-11-19,3,10.8,14.8,5.9,7.9,0.0,0.0,0.0,13.1,False,open_meteo_historical_weather_api,2026-06-11T10:40:28Z
10,New York,2024-11-20,3,11.8,15.9,7.2,9.6,0.0,0.0,0.0,11.5,False,open_meteo_historical_weather_api,2026-06-11T10:40:28Z
10,New York,2024-11-21,63,8.6,12.2,4.2,6.0,42.3,42.3,20.0,17.5,True,open_meteo_historical_weather_api,2026-06-11T10:40:28Z
10,New York,2024-11-22,71,3.5,4.9,2.1,-0.8,14.9,14.8,24.0,24.8,True,open_meteo_historical_weather_api,2026-06-11T10:40:28Z
10,New York,2024-11-23,53,5.7,8.9,2.5,1.6,1.4,1.4,5.0,25.4,True,open_meteo_historical_weather_api,2026-06-11T10:40:28Z
10,New York,2024-11-24,3,8.1,10.9,5.5,4.0,0.0,0.0,0.0,22.3,False,open_meteo_historical_weather_api,2026-06-11T10:40:28Z
10,New York,2024-11-25,3,6.7,10.8,2.2,3.9,0.0,0.0,0.0,10.7,False,open_meteo_historical_weather_api,2026-06-11T10:40:28Z
10,New York,2024-11-26,61,10.7,14.9,6.6,8.7,3.7,3.7,4.0,15.4,True,open_meteo_historical_weather_api,2026-06-11T10:40:28Z
10,New York,2024-11-27,3,5.9,10.3,2.3,3.0,0.0,0.0,0.0,9.6,False,open_meteo_historical_weather_api,2026-06-11T10:40:28Z
10,New York,2024-11-28,63,6.8,11.7,4.9,3.9,13.1,13.1,12.0,20.0,True,open_meteo_historical_weather_api,2026-06-11T10:40:28Z
10,New York,2024-11-29,51,3.9,7.8,1.1,0.1,0.2,0.2,2.0,18.4,True,open_meteo_historical_weather_api,2026-06-11T10:40:28Z
10,New York,2024-11-30,3,0.4,3.5,-2.2,-4.2,0.0,0.0,0.0,16.9,False,open_meteo_historical_weather_api,2026-06-11T10:40:28Z
10,New York,2024-12-01,3,-1.0,2.7,-3.7,-5.6,0.0,0.0,0.0,17.9,False,open_meteo_historical_weather_api,2026-06-11T10:40:28Z
10,New York,2024-12-02,2,-0.4,4.0,-3.2,-4.3,0.0,0.0,0.0,10.5,False,open_meteo_historical_weather_api,2026-06-11T10:40:28Z
10,New York,2024-12-03,1,0.8,5.2,-2.2,-3.1,0.0,0.0,0.0,11.8,False,open_meteo_historical_weather_api,2026-06-11T10:40:28Z
10,New York,2024-12-04,3,0.2,3.8,-3.3,-3.9,0.0,0.0,0.0,15.8,False,open_meteo_historical_weather_api,2026-06-11T10:40:28Z
10,New York,2024-12-05,73,2.3,4.6,-0.1,-3.0,3.6,2.1,10.0,27.3,True,open_meteo_historical_weather_api,2026-06-11T10:40:28Z
10,New York,2024-12-06,3,-1.1,0.2,-2.3,-6.2,0.0,0.0,0.0,18.7,False,open_meteo_historical_weather_api,2026-06-11T10:40:28Z
10,New York,2024-12-07,3,0.6,4.7,-2.7,-3.9,0.0,0.0,0.0,13.9,False,open_meteo_historical_weather_api,2026-06-11T10:40:28Z
10,New York,2024-12-08,3,5.6,11.4,1.5,1.3,0.0,0.0,0.0,19.6,False,open_meteo_historical_weather_api,2026-06-11T10:40:28Z
10,New York,2024-12-09,61,5.5,10.4,1.0,3.3,7.4,7.4,6.0,11.6,True,open_meteo_historical_weather_api,2026-06-11T10:40:28Z
10,New York,2024-12-10,55,8.1,11.1,5.8,6.4,2.1,2.1,3.0,13.2,True,open_meteo_historical_weather_api,2026-06-11T10:40:28Z
10,New York,2024-12-11,63,12.9,16.1,5.9,11.3,34.3,34.3,23.0,24.0,True,open_meteo_historical_weather_api,2026-06-11T10:40:28Z
10,New York,2024-12-12,51,1.6,5.2,-2.0,-3.8,0.1,0.1,1.0,25.1,True,open_meteo_historical_weather_api,2026-06-11T10:40:28Z
10,New York,2024-12-13,1,-2.4,0.2,-4.0,-6.6,0.0,0.0,0.0,11.3,False,open_meteo_historical_weather_api,2026-06-11T10:40:28Z
10,New York,2024-12-14,3,-2.7,0.6,-5.6,-6.5,0.0,0.0,0.0,8.3,False,open_meteo_historical_weather_api,2026-06-11T10:40:28Z
10,New York,2024-12-15,51,-1.2,3.0,-4.9,-5.0,0.1,0.1,1.0,10.0,True,open_meteo_historical_weather_api,2026-06-11T10:40:28Z
10,New York,2024-12-16,63,5.5,9.5,1.6,2.9,15.4,15.4,17.0,12.5,True,open_meteo_historical_weather_api,2026-06-11T10:40:28Z
10,New York,2024-12-17,61,10.8,14.7,7.4,8.5,4.7,4.7,5.0,15.8,True,open_meteo_historical_weather_api,2026-06-11T10:40:28Z
10,New York,2024-12-18,55,6.3,9.9,1.5,4.0,2.5,2.5,5.0,10.9,True,open_meteo_historical_weather_api,2026-06-11T10:40:28Z
10,New York,2024-12-19,55,4.4,6.8,0.8,0.8,2.6,2.6,4.0,15.0,True,open_meteo_historical_weather_api,2026-06-11T10:40:28Z
10,New York,2024-12-20,71,0.9,2.5,-0.8,-3.0,1.7,0.9,12.0,14.6,True,open_meteo_historical_weather_api,2026-06-11T10:40:28Z
10,New York,2024-12-21,73,-2.6,0.3,-6.6,-7.5,4.1,0.0,10.0,19.9,True,open_meteo_historical_weather_api,2026-06-11T10:40:28Z
10,New York,2024-12-22,1,-9.1,-6.9,-12.1,-14.0,0.0,0.0,0.0,14.5,False,open_meteo_historical_weather_api,2026-06-11T10:40:28Z
10,New York,2024-12-23,3,-10.2,-4.0,-14.9,-14.4,0.0,0.0,0.0,9.2,False,open_meteo_historical_weather_api,2026-06-11T10:40:28Z
10,New York,2024-12-24,73,-1.7,1.5,-4.1,-5.4,1.9,0.0,3.0,10.5,True,open_meteo_historical_weather_api,2026-06-11T10:40:28Z
10,New York,2024-12-25,3,-2.9,0.2,-6.3,-6.7,0.0,0.0,0.0,10.2,False,open_meteo_historical_weather_api,2026-06-11T10:40:28Z
10,New York,2024-12-26,3,-5.0,-0.2,-8.1,-9.0,0.0,0.0,0.0,8.3,False,open_meteo_historical_weather_api,2026-06-11T10:40:28Z
10,New York,2024-12-27,3,-3.8,2.0,-9.4,-7.3,0.0,0.0,0.0,6.2,False,open_meteo_historical_weather_api,2026-06-11T10:40:28Z
10,New York,2024-12-28,53,4.0,7.2,1.8,1.8,5.6,5.6,15.0,6.7,True,open_meteo_historical_weather_api,2026-06-11T10:40:28Z
10,New York,2024-12-29,53,9.6,16.1,4.4,7.8,2.7,2.7,8.0,22.4,True,open_meteo_historical_weather_api,2026-06-11T10:40:28Z
10,New York,2024-12-30,63,11.4,13.0,7.8,8.5,5.8,5.8,7.0,25.5,True,open_meteo_historical_weather_api,2026-06-11T10:40:28Z
10,New York,2024-12-31,63,6.2,9.7,1.5,3.5,5.9,5.9,2.0,12.2,True,open_meteo_historical_weather_api,2026-06-11T10:40:28Z
11,Mexico City,2024-01-01,3,13.6,22.2,5.8,11.2,0.0,0.0,0.0,16.2,False,open_meteo_historical_weather_api,2026-06-11T10:40:28Z
11,Mexico City,2024-01-02,3,14.0,22.2,6.4,11.6,0.0,0.0,0.0,18.2,False,open_meteo_historical_weather_api,2026-06-11T10:40:28Z
11,Mexico City,2024-01-03,3,15.0,24.0,9.3,12.5,0.0,0.0,0.0,24.6,False,open_meteo_historical_weather_api,2026-06-11T10:40:28Z
11,Mexico City,2024-01-04,2,13.6,24.9,4.4,10.8,0.0,0.0,0.0,16.5,False,open_meteo_historical_weather_api,2026-06-11T10:40:28Z
11,Mexico City,2024-01-05,0,13.5,23.1,4.8,10.5,0.0,0.0,0.0,19.7,False,open_meteo_historical_weather_api,2026-06-11T10:40:28Z
11,Mexico City,2024-01-06,3,13.7,24.0,4.0,11.1,0.0,0.0,0.0,12.4,False,open_meteo_historical_weather_api,2026-06-11T10:40:28Z
11,Mexico City,2024-01-07,3,14.2,22.5,8.6,11.9,0.0,0.0,0.0,20.7,False,open_meteo_historical_weather_api,2026-06-11T10:40:28Z
11,Mexico City,2024-01-08,3,15.2,24.4,7.8,12.5,0.0,0.0,0.0,24.3,False,open_meteo_historical_weather_api,2026-06-11T10:40:28Z
11,Mexico City,2024-01-09,3,14.2,23.5,6.6,11.7,0.0,0.0,0.0,15.7,False,open_meteo_historical_weather_api,2026-06-11T10:40:28Z
11,Mexico City,2024-01-10,3,14.2,24.8,5.1,10.8,0.0,0.0,0.0,17.6,False,open_meteo_historical_weather_api,2026-06-11T10:40:28Z
11,Mexico City,2024-01-11,3,15.0,25.8,6.4,12.0,0.0,0.0,0.0,20.5,False,open_meteo_historical_weather_api,2026-06-11T10:40:28Z
11,Mexico City,2024-01-12,3,16.2,27.5,6.8,13.3,0.0,0.0,0.0,20.1,False,open_meteo_historical_weather_api,2026-06-11T10:40:28Z
11,Mexico City,2024-01-13,3,16.2,25.2,7.6,13.5,0.0,0.0,0.0,14.5,False,open_meteo_historical_weather_api,2026-06-11T10:40:28Z
11,Mexico City,2024-01-14,3,15.9,24.9,8.9,13.2,0.0,0.0,0.0,18.2,False,open_meteo_historical_weather_api,2026-06-11T10:40:28Z
11,Mexico City,2024-01-15,3,16.4,26.1,6.8,14.0,0.0,0.0,0.0,13.1,False,open_meteo_historical_weather_api,2026-06-11T10:40:28Z
11,Mexico City,2024-01-16,3,17.0,26.3,10.1,14.7,0.0,0.0,0.0,16.7,False,open_meteo_historical_weather_api,2026-06-11T10:40:28Z
11,Mexico City,2024-01-17,3,16.7,25.6,9.6,14.8,0.0,0.0,0.0,20.1,False,open_meteo_historical_weather_api,2026-06-11T10:40:28Z
11,Mexico City,2024-01-18,3,17.8,25.0,10.7,15.7,0.0,0.0,0.0,15.9,False,open_meteo_historical_weather_api,2026-06-11T10:40:28Z
11,Mexico City,2024-01-19,3,17.0,23.7,11.0,13.8,0.0,0.0,0.0,21.4,False,open_meteo_historical_weather_api,2026-06-11T10:40:28Z
11,Mexico City,2024-01-20,3,13.1,17.7,9.1,10.8,0.0,0.0,0.0,13.3,False,open_meteo_historical_weather_api,2026-06-11T10:40:28Z
11,Mexico City,2024-01-21,3,14.2,19.6,9.8,12.6,0.0,0.0,0.0,24.6,False,open_meteo_historical_weather_api,2026-06-11T10:40:28Z
11,Mexico City,2024-01-22,51,13.4,22.0,5.8,11.4,0.1,0.1,1.0,14.0,True,open_meteo_historical_weather_api,2026-06-11T10:40:28Z
11,Mexico City,2024-01-23,2,14.4,23.4,6.3,12.5,0.0,0.0,0.0,16.4,False,open_meteo_historical_weather_api,2026-06-11T10:40:28Z
11,Mexico City,2024-01-24,1,15.2,24.9,7.6,12.5,0.0,0.0,0.0,26.0,False,open_meteo_historical_weather_api,2026-06-11T10:40:28Z
11,Mexico City,2024-01-25,2,15.2,25.3,6.8,12.3,0.0,0.0,0.0,22.7,False,open_meteo_historical_weather_api,2026-06-11T10:40:28Z
11,Mexico City,2024-01-26,1,15.3,25.3,6.6,12.1,0.0,0.0,0.0,19.7,False,open_meteo_historical_weather_api,2026-06-11T10:40:28Z
11,Mexico City,2024-01-27,0,15.1,24.9,6.2,12.1,0.0,0.0,0.0,21.4,False,open_meteo_historical_weather_api,2026-06-11T10:40:28Z
11,Mexico City,2024-01-28,3,14.5,22.9,9.1,12.3,0.0,0.0,0.0,21.9,False,open_meteo_historical_weather_api,2026-06-11T10:40:28Z
11,Mexico City,2024-01-29,3,13.5,21.6,7.0,10.6,0.0,0.0,0.0,16.9,False,open_meteo_historical_weather_api,2026-06-11T10:40:28Z
11,Mexico City,2024-01-30,3,14.3,21.4,7.8,10.9,0.0,0.0,0.0,23.0,False,open_meteo_historical_weather_api,2026-06-11T10:40:28Z
11,Mexico City,2024-01-31,51,15.9,21.8,10.9,13.1,0.1,0.1,1.0,13.0,True,open_meteo_historical_weather_api,2026-06-11T10:40:28Z
11,Mexico City,2024-02-01,3,14.1,19.6,9.1,11.8,0.0,0.0,0.0,19.1,False,open_meteo_historical_weather_api,2026-06-11T10:40:28Z
11,Mexico City,2024-02-02,3,14.2,26.0,5.3,12.1,0.0,0.0,0.0,24.2,False,open_meteo_historical_weather_api,2026-06-11T10:40:28Z
11,Mexico City,2024-02-03,1,14.5,24.8,4.9,11.5,0.0,0.0,0.0,15.3,False,open_meteo_historical_weather_api,2026-06-11T10:40:28Z
11,Mexico City,2024-02-04,0,14.2,24.8,4.0,10.7,0.0,0.0,0.0,18.1,False,open_meteo_historical_weather_api,2026-06-11T10:40:28Z
11,Mexico City,2024-02-05,0,15.2,23.5,6.7,11.4,0.0,0.0,0.0,19.2,False,open_meteo_historical_weather_api,2026-06-11T10:40:28Z
11,Mexico City,2024-02-06,0,15.3,25.7,4.2,12.1,0.0,0.0,0.0,18.7,False,open_meteo_historical_weather_api,2026-06-11T10:40:28Z
11,Mexico City,2024-02-07,0,15.9,27.0,5.7,13.3,0.0,0.0,0.0,19.7,False,open_meteo_historical_weather_api,2026-06-11T10:40:28Z
11,Mexico City,2024-02-08,0,17.9,29.7,8.8,15.2,0.0,0.0,0.0,21.6,False,open_meteo_historical_weather_api,2026-06-11T10:40:28Z
11,Mexico City,2024-02-09,0,18.2,28.5,10.9,15.7,0.0,0.0,0.0,24.5,False,open_meteo_historical_weather_api,2026-06-11T10:40:28Z
11,Mexico City,2024-02-10,3,16.8,28.5,6.4,13.6,0.0,0.0,0.0,23.1,False,open_meteo_historical_weather_api,2026-06-11T10:40:28Z
11,Mexico City,2024-02-11,0,16.7,26.8,6.6,13.1,0.0,0.0,0.0,22.6,False,open_meteo_historical_weather_api,2026-06-11T10:40:28Z
11,Mexico City,2024-02-12,3,16.8,26.6,8.2,13.3,0.0,0.0,0.0,24.0,False,open_meteo_historical_weather_api,2026-06-11T10:40:28Z
11,Mexico City,2024-02-13,3,16.3,24.5,8.2,13.9,0.0,0.0,0.0,14.9,False,open_meteo_historical_weather_api,2026-06-11T10:40:28Z
11,Mexico City,2024-02-14,3,16.3,22.9,8.3,14.4,0.0,0.0,0.0,14.4,False,open_meteo_historical_weather_api,2026-06-11T10:40:28Z
11,Mexico City,2024-02-15,3,17.4,25.8,10.4,15.4,0.0,0.0,0.0,22.0,False,open_meteo_historical_weather_api,2026-06-11T10:40:28Z
11,Mexico City,2024-02-16,3,15.8,24.7,7.2,13.1,0.0,0.0,0.0,28.4,False,open_meteo_historical_weather_api,2026-06-11T10:40:28Z
11,Mexico City,2024-02-17,61,12.4,16.8,8.1,10.0,10.9,10.9,14.0,17.7,True,open_meteo_historical_weather_api,2026-06-11T10:40:28Z
11,Mexico City,2024-02-18,3,11.7,20.0,6.1,10.1,0.0,0.0,0.0,13.0,False,open_meteo_historical_weather_api,2026-06-11T10:40:28Z
11,Mexico City,2024-02-19,0,13.8,23.6,5.6,11.6,0.0,0.0,0.0,12.5,False,open_meteo_historical_weather_api,2026-06-11T10:40:28Z
11,Mexico City,2024-02-20,0,14.8,24.6,5.0,12.2,0.0,0.0,0.0,14.5,False,open_meteo_historical_weather_api,2026-06-11T10:40:28Z
11,Mexico City,2024-02-21,0,15.8,26.6,4.8,13.7,0.0,0.0,0.0,11.2,False,open_meteo_historical_weather_api,2026-06-11T10:40:28Z
11,Mexico City,2024-02-22,0,18.0,28.6,7.1,15.3,0.0,0.0,0.0,14.8,False,open_meteo_historical_weather_api,2026-06-11T10:40:28Z
11,Mexico City,2024-02-23,1,18.3,28.2,8.7,15.4,0.0,0.0,0.0,19.2,False,open_meteo_historical_weather_api,2026-06-11T10:40:28Z
11,Mexico City,2024-02-24,3,17.9,27.7,10.4,16.4,0.0,0.0,0.0,18.1,False,open_meteo_historical_weather_api,2026-06-11T10:40:28Z
11,Mexico City,2024-02-25,3,19.3,29.0,9.6,16.8,0.0,0.0,0.0,19.1,False,open_meteo_historical_weather_api,2026-06-11T10:40:28Z
11,Mexico City,2024-02-26,1,19.4,28.4,8.9,16.7,0.0,0.0,0.0,12.1,False,open_meteo_historical_weather_api,2026-06-11T10:40:28Z
11,Mexico City,2024-02-27,0,19.2,28.9,10.9,16.5,0.0,0.0,0.0,19.1,False,open_meteo_historical_weather_api,2026-06-11T10:40:28Z
11,Mexico City,2024-02-28,2,19.8,28.4,11.1,17.4,0.0,0.0,0.0,22.3,False,open_meteo_historical_weather_api,2026-06-11T10:40:28Z
11,Mexico City,2024-02-29,3,18.5,28.3,10.4,16.3,0.0,0.0,0.0,24.1,False,open_meteo_historical_weather_api,2026-06-11T10:40:28Z
11,Mexico City,2024-03-01,3,18.5,27.4,9.6,16.3,0.0,0.0,0.0,26.3,False,open_meteo_historical_weather_api,2026-06-11T10:40:28Z
11,Mexico City,2024-03-02,3,18.3,28.0,10.7,15.7,0.0,0.0,0.0,29.3,False,open_meteo_historical_weather_api,2026-06-11T10:40:28Z
11,Mexico City,2024-03-03,2,18.2,28.0,10.1,15.5,0.0,0.0,0.0,32.1,False,open_meteo_historical_weather_api,2026-06-11T10:40:28Z
11,Mexico City,2024-03-04,3,18.8,29.5,10.2,16.2,0.0,0.0,0.0,23.8,False,open_meteo_historical_weather_api,2026-06-11T10:40:28Z
11,Mexico City,2024-03-05,1,18.5,28.3,8.0,15.6,0.0,0.0,0.0,29.6,False,open_meteo_historical_weather_api,2026-06-11T10:40:28Z
11,Mexico City,2024-03-06,0,19.5,29.0,10.9,17.0,0.0,0.0,0.0,26.0,False,open_meteo_historical_weather_api,2026-06-11T10:40:28Z
11,Mexico City,2024-03-07,0,20.1,31.7,10.9,17.1,0.0,0.0,0.0,24.5,False,open_meteo_historical_weather_api,2026-06-11T10:40:28Z
11,Mexico City,2024-03-08,3,20.0,32.5,9.4,16.6,0.0,0.0,0.0,17.2,False,open_meteo_historical_weather_api,2026-06-11T10:40:28Z
11,Mexico City,2024-03-09,2,20.1,31.0,9.6,17.0,0.0,0.0,0.0,24.8,False,open_meteo_historical_weather_api,2026-06-11T10:40:28Z
11,Mexico City,2024-03-10,3,18.1,30.0,9.1,15.8,0.0,0.0,0.0,26.3,False,open_meteo_historical_weather_api,2026-06-11T10:40:28Z
11,Mexico City,2024-03-11,3,18.9,29.4,9.3,16.7,0.0,0.0,0.0,21.4,False,open_meteo_historical_weather_api,2026-06-11T10:40:28Z
11,Mexico City,2024-03-12,3,19.5,27.6,10.9,17.2,0.0,0.0,0.0,23.5,False,open_meteo_historical_weather_api,2026-06-11T10:40:28Z
11,Mexico City,2024-03-13,3,19.3,28.9,10.8,16.3,0.0,0.0,0.0,25.9,False,open_meteo_historical_weather_api,2026-06-11T10:40:28Z
11,Mexico City,2024-03-14,3,20.1,29.5,12.0,17.3,0.0,0.0,0.0,30.8,False,open_meteo_historical_weather_api,2026-06-11T10:40:28Z
11,Mexico City,2024-03-15,3,19.7,29.0,10.1,16.9,0.0,0.0,0.0,24.1,False,open_meteo_historical_weather_api,2026-06-11T10:40:28Z
11,Mexico City,2024-03-16,2,20.3,29.5,12.6,17.5,0.0,0.0,0.0,29.4,False,open_meteo_historical_weather_api,2026-06-11T10:40:28Z
11,Mexico City,2024-03-17,3,20.3,29.5,11.5,17.4,0.0,0.0,0.0,18.8,False,open_meteo_historical_weather_api,2026-06-11T10:40:28Z
11,Mexico City,2024-03-18,3,21.3,31.1,13.4,18.5,0.0,0.0,0.0,22.1,False,open_meteo_historical_weather_api,2026-06-11T10:40:28Z
11,Mexico City,2024-03-19,3,20.7,27.8,14.1,19.2,0.0,0.0,0.0,17.1,False,open_meteo_historical_weather_api,2026-06-11T10:40:28Z
11,Mexico City,2024-03-20,3,21.5,29.8,12.9,19.5,0.0,0.0,0.0,25.0,False,open_meteo_historical_weather_api,2026-06-11T10:40:28Z
11,Mexico City,2024-03-21,3,20.7,29.9,11.7,18.3,0.0,0.0,0.0,20.9,False,open_meteo_historical_weather_api,2026-06-11T10:40:28Z
11,Mexico City,2024-03-22,0,20.6,30.7,10.1,17.6,0.0,0.0,0.0,25.0,False,open_meteo_historical_weather_api,2026-06-11T10:40:28Z
11,Mexico City,2024-03-23,3,19.7,29.5,11.3,17.3,0.0,0.0,0.0,30.3,False,open_meteo_historical_weather_api,2026-06-11T10:40:28Z
11,Mexico City,2024-03-24,3,19.3,31.1,7.9,15.7,0.0,0.0,0.0,23.3,False,open_meteo_historical_weather_api,2026-06-11T10:40:28Z
11,Mexico City,2024-03-25,3,18.3,29.0,6.6,13.8,0.0,0.0,0.0,23.3,False,open_meteo_historical_weather_api,2026-06-11T10:40:28Z
11,Mexico City,2024-03-26,3,18.6,29.4,8.3,14.6,0.0,0.0,0.0,25.7,False,open_meteo_historical_weather_api,2026-06-11T10:40:28Z
11,Mexico City,2024-03-27,0,18.6,29.6,7.2,14.6,0.0,0.0,0.0,34.0,False,open_meteo_historical_weather_api,2026-06-11T10:40:28Z
11,Mexico City,2024-03-28,3,17.2,27.8,9.0,15.3,0.0,0.0,0.0,28.5,False,open_meteo_historical_weather_api,2026-06-11T10:40:28Z
11,Mexico City,2024-03-29,2,18.7,29.0,8.5,16.5,0.0,0.0,0.0,29.3,False,open_meteo_historical_weather_api,2026-06-11T10:40:28Z
11,Mexico City,2024-03-30,3,20.1,29.6,10.6,17.4,0.0,0.0,0.0,27.0,False,open_meteo_historical_weather_api,2026-06-11T10:40:28Z
11,Mexico City,2024-03-31,3,20.5,30.5,12.2,17.9,0.0,0.0,0.0,25.9,False,open_meteo_historical_weather_api,2026-06-11T10:40:28Z
11,Mexico City,2024-04-01,3,20.9,30.9,12.0,18.2,0.0,0.0,0.0,27.3,False,open_meteo_historical_weather_api,2026-06-11T10:40:28Z
11,Mexico City,2024-04-02,3,20.6,31.1,10.9,17.6,0.0,0.0,0.0,26.6,False,open_meteo_historical_weather_api,2026-06-11T10:40:28Z
11,Mexico City,2024-04-03,2,20.4,29.8,11.4,17.3,0.0,0.0,0.0,28.8,False,open_meteo_historical_weather_api,2026-06-11T10:40:28Z
11,Mexico City,2024-04-04,3,18.5,27.4,9.7,16.0,0.0,0.0,0.0,23.7,False,open_meteo_historical_weather_api,2026-06-11T10:40:28Z
11,Mexico City,2024-04-05,2,19.3,28.0,10.1,16.8,0.0,0.0,0.0,23.8,False,open_meteo_historical_weather_api,2026-06-11T10:40:28Z
11,Mexico City,2024-04-06,3,19.9,29.4,10.7,17.2,0.0,0.0,0.0,29.6,False,open_meteo_historical_weather_api,2026-06-11T10:40:28Z
11,Mexico City,2024-04-07,2,20.6,28.9,11.8,18.1,0.0,0.0,0.0,22.5,False,open_meteo_historical_weather_api,2026-06-11T10:40:28Z
11,Mexico City,2024-04-08,3,21.8,30.1,15.4,18.9,0.0,0.0,0.0,31.8,False,open_meteo_historical_weather_api,2026-06-11T10:40:28Z
11,Mexico City,2024-04-09,3,20.5,29.2,10.9,16.9,0.0,0.0,0.0,26.6,False,open_meteo_historical_weather_api,2026-06-11T10:40:28Z
11,Mexico City,2024-04-10,3,19.7,29.1,11.2,17.1,0.0,0.0,0.0,22.3,False,open_meteo_historical_weather_api,2026-06-11T10:40:28Z
11,Mexico City,2024-04-11,3,18.1,28.0,11.1,15.5,0.0,0.0,0.0,34.6,False,open_meteo_historical_weather_api,2026-06-11T10:40:28Z
11,Mexico City,2024-04-12,3,18.1,29.4,9.0,16.3,0.0,0.0,0.0,27.7,False,open_meteo_historical_weather_api,2026-06-11T10:40:28Z
11,Mexico City,2024-04-13,3,20.6,30.4,11.4,18.6,0.0,0.0,0.0,23.1,False,open_meteo_historical_weather_api,2026-06-11T10:40:28Z
11,Mexico City,2024-04-14,3,22.0,31.6,12.2,20.4,0.0,0.0,0.0,14.8,False,open_meteo_historical_weather_api,2026-06-11T10:40:28Z
11,Mexico City,2024-04-15,3,22.7,31.8,13.2,20.6,0.0,0.0,0.0,24.9,False,open_meteo_historical_weather_api,2026-06-11T10:40:28Z
11,Mexico City,2024-04-16,3,23.2,33.0,14.4,20.9,0.0,0.0,0.0,24.6,False,open_meteo_historical_weather_api,2026-06-11T10:40:28Z
11,Mexico City,2024-04-17,1,23.5,31.8,15.4,21.6,0.0,0.0,0.0,22.1,False,open_meteo_historical_weather_api,2026-06-11T10:40:28Z
11,Mexico City,2024-04-18,3,22.8,31.4,15.6,20.9,0.0,0.0,0.0,22.0,False,open_meteo_historical_weather_api,2026-06-11T10:40:28Z
11,Mexico City,2024-04-19,53,20.8,28.5,15.6,20.0,1.2,1.2,5.0,24.5,True,open_meteo_historical_weather_api,2026-06-11T10:40:28Z
11,Mexico City,2024-04-20,61,19.9,27.6,15.5,19.3,4.0,4.0,5.0,22.0,True,open_meteo_historical_weather_api,2026-06-11T10:40:28Z
11,Mexico City,2024-04-21,51,19.2,27.0,12.8,18.4,0.3,0.3,1.0,22.8,True,open_meteo_historical_weather_api,2026-06-11T10:40:28Z
11,Mexico City,2024-04-22,63,17.9,26.2,13.4,17.7,3.5,3.5,2.0,14.8,True,open_meteo_historical_weather_api,2026-06-11T10:40:28Z
11,Mexico City,2024-04-23,51,19.3,26.0,11.6,18.5,0.2,0.2,1.0,11.4,True,open_meteo_historical_weather_api,2026-06-11T10:40:28Z
11,Mexico City,2024-04-24,3,21.1,29.6,12.7,19.4,0.0,0.0,0.0,20.5,False,open_meteo_historical_weather_api,2026-06-11T10:40:28Z
11,Mexico City,2024-04-25,51,21.1,28.4,12.8,19.2,0.1,0.1,1.0,15.8,True,open_meteo_historical_weather_api,2026-06-11T10:40:28Z
11,Mexico City,2024-04-26,51,20.0,27.4,12.8,18.5,0.1,0.1,1.0,26.0,True,open_meteo_historical_weather_api,2026-06-11T10:40:28Z
11,Mexico City,2024-04-27,3,20.5,28.5,12.6,18.5,0.0,0.0,0.0,24.6,False,open_meteo_historical_weather_api,2026-06-11T10:40:28Z
11,Mexico City,2024-04-28,51,20.5,29.5,11.1,17.9,0.1,0.1,1.0,27.7,True,open_meteo_historical_weather_api,2026-06-11T10:40:28Z
11,Mexico City,2024-04-29,3,20.8,29.5,12.5,18.0,0.0,0.0,0.0,24.9,False,open_meteo_historical_weather_api,2026-06-11T10:40:28Z
11,Mexico City,2024-04-30,3,21.8,30.4,13.7,19.7,0.0,0.0,0.0,22.7,False,open_meteo_historical_weather_api,2026-06-11T10:40:28Z
11,Mexico City,2024-05-01,51,21.9,31.0,13.4,19.9,0.1,0.1,1.0,23.8,True,open_meteo_historical_weather_api,2026-06-11T10:40:28Z
11,Mexico City,2024-05-02,51,21.9,30.4,14.1,20.8,0.1,0.1,1.0,11.4,True,open_meteo_historical_weather_api,2026-06-11T10:40:28Z
11,Mexico City,2024-05-03,51,22.4,32.7,14.1,21.1,0.2,0.2,1.0,26.1,True,open_meteo_historical_weather_api,2026-06-11T10:40:28Z
11,Mexico City,2024-05-04,3,22.2,31.9,13.4,20.8,0.0,0.0,0.0,21.3,False,open_meteo_historical_weather_api,2026-06-11T10:40:28Z
11,Mexico City,2024-05-05,3,22.6,31.5,14.4,21.0,0.0,0.0,0.0,24.7,False,open_meteo_historical_weather_api,2026-06-11T10:40:28Z
11,Mexico City,2024-05-06,51,23.1,32.0,14.4,21.5,0.1,0.1,1.0,15.2,True,open_meteo_historical_weather_api,2026-06-11T10:40:28Z
11,Mexico City,2024-05-07,51,23.3,33.1,14.0,21.5,0.1,0.1,1.0,32.4,True,open_meteo_historical_weather_api,2026-06-11T10:40:28Z
11,Mexico City,2024-05-08,51,23.3,32.0,14.9,21.8,0.2,0.2,2.0,26.4,True,open_meteo_historical_weather_api,2026-06-11T10:40:28Z
11,Mexico City,2024-05-09,3,24.8,33.0,15.6,23.2,0.0,0.0,0.0,20.6,False,open_meteo_historical_weather_api,2026-06-11T10:40:28Z
11,Mexico City,2024-05-10,3,25.4,33.5,16.3,23.4,0.0,0.0,0.0,21.0,False,open_meteo_historical_weather_api,2026-06-11T10:40:28Z
11,Mexico City,2024-05-11,53,24.4,33.4,17.0,23.3,0.6,0.6,1.0,18.2,True,open_meteo_historical_weather_api,2026-06-11T10:40:28Z
11,Mexico City,2024-05-12,3,23.8,32.0,15.4,22.1,0.0,0.0,0.0,22.3,False,open_meteo_historical_weather_api,2026-06-11T10:40:28Z
11,Mexico City,2024-05-13,51,22.8,31.9,14.4,20.9,0.2,0.2,2.0,27.1,True,open_meteo_historical_weather_api,2026-06-11T10:40:28Z
11,Mexico City,2024-05-14,3,23.6,31.8,14.9,21.8,0.0,0.0,0.0,17.8,False,open_meteo_historical_weather_api,2026-06-11T10:40:28Z
11,Mexico City,2024-05-15,61,22.8,30.8,15.6,21.3,2.5,2.5,4.0,26.1,True,open_meteo_historical_weather_api,2026-06-11T10:40:28Z
11,Mexico City,2024-05-16,53,22.6,33.2,13.6,21.5,0.5,0.5,1.0,18.4,True,open_meteo_historical_weather_api,2026-06-11T10:40:28Z
11,Mexico City,2024-05-17,53,23.4,32.8,14.9,22.1,0.8,0.8,3.0,27.7,True,open_meteo_historical_weather_api,2026-06-11T10:40:28Z
11,Mexico City,2024-05-18,53,23.1,32.3,15.0,22.2,1.4,1.4,2.0,21.8,True,open_meteo_historical_weather_api,2026-06-11T10:40:28Z
11,Mexico City,2024-05-19,51,22.8,30.1,16.8,22.5,1.0,1.0,6.0,15.3,True,open_meteo_historical_weather_api,2026-06-11T10:40:28Z
11,Mexico City,2024-05-20,3,24.0,33.5,15.4,22.9,0.0,0.0,0.0,28.6,False,open_meteo_historical_weather_api,2026-06-11T10:40:28Z
11,Mexico City,2024-05-21,3,24.0,32.5,15.1,22.1,0.0,0.0,0.0,22.7,False,open_meteo_historical_weather_api,2026-06-11T10:40:28Z
11,Mexico City,2024-05-22,55,23.5,31.8,16.3,23.4,1.7,1.7,3.0,16.5,True,open_meteo_historical_weather_api,2026-06-11T10:40:28Z
11,Mexico City,2024-05-23,3,23.9,31.9,15.6,23.4,0.0,0.0,0.0,10.8,False,open_meteo_historical_weather_api,2026-06-11T10:40:28Z
11,Mexico City,2024-05-24,61,23.0,32.7,16.1,22.6,2.1,2.1,2.0,30.7,True,open_meteo_historical_weather_api,2026-06-11T10:40:28Z
11,Mexico City,2024-05-25,53,23.5,33.6,14.8,23.1,0.8,0.8,2.0,21.2,True,open_meteo_historical_weather_api,2026-06-11T10:40:28Z
11,Mexico City,2024-05-26,63,22.8,32.6,16.2,22.3,5.2,5.2,5.0,26.6,True,open_meteo_historical_weather_api,2026-06-11T10:40:28Z
11,Mexico City,2024-05-27,51,23.7,33.0,15.5,23.3,0.1,0.1,1.0,22.4,True,open_meteo_historical_weather_api,2026-06-11T10:40:28Z
11,Mexico City,2024-05-28,3,23.6,30.8,16.6,22.5,0.0,0.0,0.0,24.4,False,open_meteo_historical_weather_api,2026-06-11T10:40:28Z
11,Mexico City,2024-05-29,65,19.1,26.5,15.2,18.9,21.0,21.0,14.0,16.0,True,open_meteo_historical_weather_api,2026-06-11T10:40:28Z
11,Mexico City,2024-05-30,51,21.1,28.6,14.1,20.9,0.1,0.1,1.0,20.9,True,open_meteo_historical_weather_api,2026-06-11T10:40:28Z
11,Mexico City,2024-05-31,3,22.9,32.3,14.9,22.0,0.0,0.0,0.0,14.8,False,open_meteo_historical_weather_api,2026-06-11T10:40:28Z
11,Mexico City,2024-06-01,3,23.4,34.2,14.7,21.5,0.0,0.0,0.0,28.3,False,open_meteo_historical_weather_api,2026-06-11T10:40:28Z
11,Mexico City,2024-06-02,3,23.5,34.0,13.6,21.1,0.0,0.0,0.0,24.6,False,open_meteo_historical_weather_api,2026-06-11T10:40:28Z
11,Mexico City,2024-06-03,51,23.6,31.9,14.4,21.7,0.1,0.1,1.0,27.4,True,open_meteo_historical_weather_api,2026-06-11T10:40:28Z
11,Mexico City,2024-06-04,53,22.6,29.6,16.1,21.2,0.6,0.6,1.0,30.1,True,open_meteo_historical_weather_api,2026-06-11T10:40:28Z
11,Mexico City,2024-06-05,51,23.3,30.2,16.0,22.1,0.1,0.1,1.0,20.9,True,open_meteo_historical_weather_api,2026-06-11T10:40:28Z
11,Mexico City,2024-06-06,61,22.9,31.8,15.1,21.6,2.8,2.8,4.0,25.3,True,open_meteo_historical_weather_api,2026-06-11T10:40:28Z
11,Mexico City,2024-06-07,51,23.1,31.5,14.9,21.7,0.2,0.2,1.0,22.0,True,open_meteo_historical_weather_api,2026-06-11T10:40:28Z
11,Mexico City,2024-06-08,3,22.0,28.6,15.9,21.0,0.0,0.0,0.0,14.5,False,open_meteo_historical_weather_api,2026-06-11T10:40:28Z
11,Mexico City,2024-06-09,63,21.3,27.4,15.9,20.6,9.2,9.2,6.0,10.4,True,open_meteo_historical_weather_api,2026-06-11T10:40:28Z
11,Mexico City,2024-06-10,51,22.0,31.5,15.9,20.8,0.1,0.1,1.0,27.7,True,open_meteo_historical_weather_api,2026-06-11T10:40:28Z
11,Mexico City,2024-06-11,3,21.6,30.7,13.4,19.3,0.0,0.0,0.0,29.4,False,open_meteo_historical_weather_api,2026-06-11T10:40:28Z
11,Mexico City,2024-06-12,3,21.7,31.4,13.6,20.0,0.0,0.0,0.0,22.8,False,open_meteo_historical_weather_api,2026-06-11T10:40:28Z
11,Mexico City,2024-06-13,51,22.1,31.5,14.4,20.5,0.1,0.1,1.0,20.7,True,open_meteo_historical_weather_api,2026-06-11T10:40:28Z
11,Mexico City,2024-06-14,51,21.7,30.5,15.1,20.6,0.1,0.1,1.0,23.7,True,open_meteo_historical_weather_api,2026-06-11T10:40:28Z
11,Mexico City,2024-06-15,3,21.2,30.0,13.2,19.6,0.0,0.0,0.0,27.0,False,open_meteo_historical_weather_api,2026-06-11T10:40:28Z
11,Mexico City,2024-06-16,2,21.4,30.1,14.1,19.6,0.0,0.0,0.0,24.9,False,open_meteo_historical_weather_api,2026-06-11T10:40:28Z
11,Mexico City,2024-06-17,2,21.4,30.2,12.6,19.6,0.0,0.0,0.0,21.0,False,open_meteo_historical_weather_api,2026-06-11T10:40:28Z
11,Mexico City,2024-06-18,3,22.1,31.1,13.3,19.9,0.0,0.0,0.0,28.9,False,open_meteo_historical_weather_api,2026-06-11T10:40:28Z
11,Mexico City,2024-06-19,53,20.2,29.2,13.5,18.8,1.2,1.2,4.0,29.6,True,open_meteo_historical_weather_api,2026-06-11T10:40:28Z
11,Mexico City,2024-06-20,63,18.2,23.9,15.5,18.1,24.3,24.3,19.0,11.5,True,open_meteo_historical_weather_api,2026-06-11T10:40:28Z
11,Mexico City,2024-06-21,63,18.5,23.6,14.6,16.5,6.3,6.3,10.0,32.7,True,open_meteo_historical_weather_api,2026-06-11T10:40:28Z
11,Mexico City,2024-06-22,63,17.2,23.1,13.4,17.0,16.5,16.5,14.0,13.9,True,open_meteo_historical_weather_api,2026-06-11T10:40:28Z
11,Mexico City,2024-06-23,63,17.4,22.3,13.9,18.0,8.4,8.4,10.0,16.6,True,open_meteo_historical_weather_api,2026-06-11T10:40:28Z
11,Mexico City,2024-06-24,63,17.4,22.5,13.4,18.4,14.8,14.8,17.0,14.3,True,open_meteo_historical_weather_api,2026-06-11T10:40:28Z
11,Mexico City,2024-06-25,63,17.3,21.5,14.6,18.0,15.9,15.9,20.0,12.9,True,open_meteo_historical_weather_api,2026-06-11T10:40:28Z
11,Mexico City,2024-06-26,63,17.1,21.5,14.1,17.8,10.5,10.5,10.0,10.5,True,open_meteo_historical_weather_api,2026-06-11T10:40:28Z
11,Mexico City,2024-06-27,65,16.8,21.7,13.6,17.5,15.9,15.9,13.0,9.9,True,open_meteo_historical_weather_api,2026-06-11T10:40:28Z
11,Mexico City,2024-06-28,63,16.6,20.8,13.8,17.2,9.2,9.2,9.0,9.1,True,open_meteo_historical_weather_api,2026-06-11T10:40:28Z
11,Mexico City,2024-06-29,53,18.6,24.0,14.3,18.8,2.5,2.5,10.0,23.4,True,open_meteo_historical_weather_api,2026-06-11T10:40:28Z
11,Mexico City,2024-06-30,65,16.9,21.6,13.4,16.7,43.7,43.7,16.0,22.1,True,open_meteo_historical_weather_api,2026-06-11T10:40:28Z
11,Mexico City,2024-07-01,63,16.6,19.4,14.8,16.6,30.8,30.8,17.0,14.9,True,open_meteo_historical_weather_api,2026-06-11T10:40:28Z
11,Mexico City,2024-07-02,63,17.0,21.8,13.9,17.6,8.0,8.0,11.0,10.8,True,open_meteo_historical_weather_api,2026-06-11T10:40:28Z
11,Mexico City,2024-07-03,63,16.4,21.8,12.6,17.0,12.1,12.1,9.0,12.9,True,open_meteo_historical_weather_api,2026-06-11T10:40:28Z
11,Mexico City,2024-07-04,65,17.1,23.0,11.8,17.8,14.1,14.1,11.0,15.8,True,open_meteo_historical_weather_api,2026-06-11T10:40:28Z
11,Mexico City,2024-07-05,51,17.8,23.7,12.4,17.7,1.4,1.4,9.0,15.5,True,open_meteo_historical_weather_api,2026-06-11T10:40:28Z
11,Mexico City,2024-07-06,53,17.7,23.9,12.7,17.8,1.1,1.1,4.0,12.1,True,open_meteo_historical_weather_api,2026-06-11T10:40:28Z
11,Mexico City,2024-07-07,51,18.6,24.5,12.1,19.2,0.4,0.4,4.0,8.4,True,open_meteo_historical_weather_api,2026-06-11T10:40:28Z
11,Mexico City,2024-07-08,51,19.3,26.3,13.3,19.3,0.2,0.2,2.0,19.8,True,open_meteo_historical_weather_api,2026-06-11T10:40:28Z
11,Mexico City,2024-07-09,63,18.2,24.9,13.8,17.9,7.1,7.1,14.0,26.9,True,open_meteo_historical_weather_api,2026-06-11T10:40:28Z
11,Mexico City,2024-07-10,65,16.5,20.3,13.9,16.6,15.5,15.5,15.0,11.7,True,open_meteo_historical_weather_api,2026-06-11T10:40:28Z
11,Mexico City,2024-07-11,63,16.7,20.0,13.9,17.3,26.1,26.1,21.0,12.8,True,open_meteo_historical_weather_api,2026-06-11T10:40:28Z
11,Mexico City,2024-07-12,63,17.0,21.6,13.4,17.6,8.8,8.8,9.0,16.6,True,open_meteo_historical_weather_api,2026-06-11T10:40:28Z
11,Mexico City,2024-07-13,63,16.7,22.5,12.8,17.0,10.7,10.7,13.0,11.7,True,open_meteo_historical_weather_api,2026-06-11T10:40:28Z
11,Mexico City,2024-07-14,65,16.3,22.6,12.3,16.7,14.4,14.4,8.0,14.9,True,open_meteo_historical_weather_api,2026-06-11T10:40:28Z
11,Mexico City,2024-07-15,63,16.7,21.6,12.4,17.4,8.4,8.4,7.0,10.0,True,open_meteo_historical_weather_api,2026-06-11T10:40:28Z
11,Mexico City,2024-07-16,63,16.5,22.0,11.6,17.4,5.9,5.9,5.0,9.8,True,open_meteo_historical_weather_api,2026-06-11T10:40:28Z
11,Mexico City,2024-07-17,53,17.1,23.7,12.6,17.8,4.1,4.1,11.0,13.0,True,open_meteo_historical_weather_api,2026-06-11T10:40:28Z
11,Mexico City,2024-07-18,63,17.0,21.5,14.4,17.5,8.9,8.9,15.0,11.8,True,open_meteo_historical_weather_api,2026-06-11T10:40:28Z
11,Mexico City,2024-07-19,63,16.8,21.4,12.6,17.5,8.6,8.6,9.0,15.7,True,open_meteo_historical_weather_api,2026-06-11T10:40:28Z
11,Mexico City,2024-07-20,63,16.7,21.2,13.0,17.0,17.1,17.1,14.0,12.9,True,open_meteo_historical_weather_api,2026-06-11T10:40:28Z
11,Mexico City,2024-07-21,61,17.5,23.2,14.7,18.1,7.8,7.8,19.0,20.5,True,open_meteo_historical_weather_api,2026-06-11T10:40:28Z
11,Mexico City,2024-07-22,55,16.5,20.8,13.4,16.7,3.2,3.2,10.0,11.7,True,open_meteo_historical_weather_api,2026-06-11T10:40:28Z
11,Mexico City,2024-07-23,61,16.6,22.1,11.8,17.3,5.6,5.6,6.0,10.2,True,open_meteo_historical_weather_api,2026-06-11T10:40:28Z
11,Mexico City,2024-07-24,63,16.8,21.4,12.9,17.7,7.6,7.6,11.0,15.5,True,open_meteo_historical_weather_api,2026-06-11T10:40:28Z
11,Mexico City,2024-07-25,63,17.3,23.5,12.4,18.4,16.3,16.3,11.0,13.6,True,open_meteo_historical_weather_api,2026-06-11T10:40:28Z
11,Mexico City,2024-07-26,63,16.9,22.4,13.6,17.7,4.6,4.6,9.0,7.7,True,open_meteo_historical_weather_api,2026-06-11T10:40:28Z
11,Mexico City,2024-07-27,61,16.9,21.5,12.1,17.4,4.5,4.5,6.0,15.5,True,open_meteo_historical_weather_api,2026-06-11T10:40:28Z
11,Mexico City,2024-07-28,65,17.1,22.9,12.6,17.8,18.4,18.4,15.0,13.0,True,open_meteo_historical_weather_api,2026-06-11T10:40:28Z
11,Mexico City,2024-07-29,63,18.1,24.0,14.1,18.5,16.8,16.8,13.0,21.9,True,open_meteo_historical_weather_api,2026-06-11T10:40:28Z
11,Mexico City,2024-07-30,65,17.6,22.8,14.6,18.3,15.0,15.0,13.0,11.4,True,open_meteo_historical_weather_api,2026-06-11T10:40:28Z
11,Mexico City,2024-07-31,63,16.6,22.0,12.9,17.5,12.1,12.1,10.0,8.7,True,open_meteo_historical_weather_api,2026-06-11T10:40:28Z
11,Mexico City,2024-08-01,51,17.5,24.2,13.4,17.2,1.1,1.1,10.0,20.7,True,open_meteo_historical_weather_api,2026-06-11T10:40:28Z
11,Mexico City,2024-08-02,63,16.1,21.2,12.8,16.1,9.7,9.7,11.0,12.8,True,open_meteo_historical_weather_api,2026-06-11T10:40:28Z
11,Mexico City,2024-08-03,63,15.6,22.6,10.9,15.9,9.4,9.4,7.0,18.4,True,open_meteo_historical_weather_api,2026-06-11T10:40:28Z
11,Mexico City,2024-08-04,53,16.5,22.5,11.5,16.9,2.1,2.1,7.0,10.0,True,open_meteo_historical_weather_api,2026-06-11T10:40:28Z
11,Mexico City,2024-08-05,63,16.5,22.8,13.1,17.0,16.6,16.6,14.0,16.9,True,open_meteo_historical_weather_api,2026-06-11T10:40:28Z
11,Mexico City,2024-08-06,65,16.5,22.5,12.1,17.2,13.0,13.0,9.0,8.7,True,open_meteo_historical_weather_api,2026-06-11T10:40:28Z
11,Mexico City,2024-08-07,63,17.5,23.0,13.6,18.5,13.5,13.5,11.0,10.8,True,open_meteo_historical_weather_api,2026-06-11T10:40:28Z
11,Mexico City,2024-08-08,61,18.1,24.4,12.6,18.3,6.4,6.4,9.0,14.6,True,open_meteo_historical_weather_api,2026-06-11T10:40:28Z
11,Mexico City,2024-08-09,53,17.6,23.8,12.7,18.2,1.6,1.6,5.0,13.4,True,open_meteo_historical_weather_api,2026-06-11T10:40:28Z
11,Mexico City,2024-08-10,63,16.6,22.7,12.7,16.6,6.2,6.2,8.0,12.7,True,open_meteo_historical_weather_api,2026-06-11T10:40:28Z
11,Mexico City,2024-08-11,63,16.4,21.9,13.4,16.6,8.4,8.4,12.0,14.8,True,open_meteo_historical_weather_api,2026-06-11T10:40:28Z
11,Mexico City,2024-08-12,63,17.0,21.9,13.9,17.5,7.1,7.1,11.0,12.7,True,open_meteo_historical_weather_api,2026-06-11T10:40:28Z
11,Mexico City,2024-08-13,63,16.8,22.0,12.8,17.3,9.2,9.2,10.0,13.8,True,open_meteo_historical_weather_api,2026-06-11T10:40:28Z
11,Mexico City,2024-08-14,63,17.3,23.0,13.1,17.9,13.5,13.5,17.0,18.5,True,open_meteo_historical_weather_api,2026-06-11T10:40:28Z
11,Mexico City,2024-08-15,63,17.4,24.0,13.4,18.0,8.1,8.1,13.0,14.0,True,open_meteo_historical_weather_api,2026-06-11T10:40:28Z
11,Mexico City,2024-08-16,65,16.8,22.0,13.1,17.5,31.3,31.3,10.0,9.4,True,open_meteo_historical_weather_api,2026-06-11T10:40:28Z
11,Mexico City,2024-08-17,63,17.3,23.0,13.5,18.2,10.0,10.0,11.0,13.3,True,open_meteo_historical_weather_api,2026-06-11T10:40:28Z
11,Mexico City,2024-08-18,63,17.5,23.8,13.9,18.1,6.7,6.7,13.0,20.6,True,open_meteo_historical_weather_api,2026-06-11T10:40:28Z
11,Mexico City,2024-08-19,51,17.6,24.1,13.2,17.1,0.8,0.8,5.0,21.3,True,open_meteo_historical_weather_api,2026-06-11T10:40:28Z
11,Mexico City,2024-08-20,53,17.5,24.0,13.1,16.9,1.1,1.1,6.0,21.7,True,open_meteo_historical_weather_api,2026-06-11T10:40:28Z
11,Mexico City,2024-08-21,63,16.6,22.2,12.8,16.4,6.2,6.2,12.0,24.8,True,open_meteo_historical_weather_api,2026-06-11T10:40:28Z
11,Mexico City,2024-08-22,61,16.7,23.0,11.8,16.5,3.4,3.4,10.0,15.7,True,open_meteo_historical_weather_api,2026-06-11T10:40:28Z
11,Mexico City,2024-08-23,65,16.4,21.1,13.0,16.6,19.2,19.2,11.0,11.5,True,open_meteo_historical_weather_api,2026-06-11T10:40:28Z
11,Mexico City,2024-08-24,51,17.5,23.1,13.2,18.1,0.7,0.7,6.0,12.9,True,open_meteo_historical_weather_api,2026-06-11T10:40:28Z
11,Mexico City,2024-08-25,53,17.1,23.5,13.2,17.3,2.6,2.6,11.0,20.1,True,open_meteo_historical_weather_api,2026-06-11T10:40:28Z
11,Mexico City,2024-08-26,53,17.5,23.4,12.8,17.5,2.7,2.7,11.0,16.0,True,open_meteo_historical_weather_api,2026-06-11T10:40:28Z
11,Mexico City,2024-08-27,63,16.9,23.2,12.8,17.3,10.7,10.7,9.0,14.7,True,open_meteo_historical_weather_api,2026-06-11T10:40:28Z
11,Mexico City,2024-08-28,63,16.7,22.6,13.2,17.3,13.9,13.9,10.0,11.9,True,open_meteo_historical_weather_api,2026-06-11T10:40:28Z
11,Mexico City,2024-08-29,63,16.9,23.0,11.9,17.8,24.6,24.6,12.0,11.8,True,open_meteo_historical_weather_api,2026-06-11T10:40:28Z
11,Mexico City,2024-08-30,63,17.2,22.5,12.4,18.3,20.3,20.3,15.0,8.7,True,open_meteo_historical_weather_api,2026-06-11T10:40:28Z
11,Mexico City,2024-08-31,63,17.6,23.0,13.4,18.6,12.3,12.3,12.0,13.5,True,open_meteo_historical_weather_api,2026-06-11T10:40:28Z
11,Mexico City,2024-09-01,63,17.2,23.2,13.3,18.2,15.6,15.6,11.0,8.5,True,open_meteo_historical_weather_api,2026-06-11T10:40:28Z
11,Mexico City,2024-09-02,63,17.3,23.2,12.9,18.3,8.3,8.3,4.0,15.8,True,open_meteo_historical_weather_api,2026-06-11T10:40:28Z
11,Mexico City,2024-09-03,63,17.4,23.7,14.1,18.3,8.7,8.7,7.0,16.7,True,open_meteo_historical_weather_api,2026-06-11T10:40:28Z
11,Mexico City,2024-09-04,63,17.5,23.6,11.9,18.3,6.5,6.5,11.0,14.8,True,open_meteo_historical_weather_api,2026-06-11T10:40:28Z
11,Mexico City,2024-09-05,63,18.1,23.9,13.9,18.5,8.2,8.2,17.0,16.9,True,open_meteo_historical_weather_api,2026-06-11T10:40:28Z
11,Mexico City,2024-09-06,63,17.3,22.2,13.6,17.3,23.8,23.8,15.0,17.4,True,open_meteo_historical_weather_api,2026-06-11T10:40:28Z
11,Mexico City,2024-09-07,53,16.6,20.9,13.6,15.3,3.4,3.4,14.0,25.5,True,open_meteo_historical_weather_api,2026-06-11T10:40:28Z
11,Mexico City,2024-09-08,53,15.8,20.9,12.6,14.2,1.0,1.0,3.0,18.9,True,open_meteo_historical_weather_api,2026-06-11T10:40:28Z
11,Mexico City,2024-09-09,53,16.4,22.0,11.2,16.4,1.3,1.3,3.0,12.0,True,open_meteo_historical_weather_api,2026-06-11T10:40:28Z
11,Mexico City,2024-09-10,63,17.1,21.1,13.9,17.7,9.4,9.4,9.0,10.9,True,open_meteo_historical_weather_api,2026-06-11T10:40:28Z
11,Mexico City,2024-09-11,61,17.6,23.0,14.6,18.9,4.6,4.6,8.0,13.4,True,open_meteo_historical_weather_api,2026-06-11T10:40:28Z
11,Mexico City,2024-09-12,61,17.3,22.2,11.3,18.2,2.2,2.2,2.0,12.1,True,open_meteo_historical_weather_api,2026-06-11T10:40:28Z
11,Mexico City,2024-09-13,63,17.4,23.0,12.2,18.6,20.5,20.5,10.0,8.7,True,open_meteo_historical_weather_api,2026-06-11T10:40:28Z
11,Mexico City,2024-09-14,63,18.1,23.5,14.2,19.4,7.2,7.2,8.0,10.7,True,open_meteo_historical_weather_api,2026-06-11T10:40:28Z
11,Mexico City,2024-09-15,63,17.9,23.8,12.9,19.2,8.7,8.7,5.0,8.4,True,open_meteo_historical_weather_api,2026-06-11T10:40:28Z
11,Mexico City,2024-09-16,63,17.2,23.0,13.1,18.3,23.2,23.2,9.0,16.6,True,open_meteo_historical_weather_api,2026-06-11T10:40:28Z
11,Mexico City,2024-09-17,63,17.5,23.0,13.4,18.9,19.1,19.1,11.0,9.4,True,open_meteo_historical_weather_api,2026-06-11T10:40:28Z
11,Mexico City,2024-09-18,63,17.7,23.6,13.4,18.7,6.4,6.4,9.0,13.7,True,open_meteo_historical_weather_api,2026-06-11T10:40:28Z
11,Mexico City,2024-09-19,63,17.8,23.9,13.1,18.9,7.6,7.6,4.0,11.4,True,open_meteo_historical_weather_api,2026-06-11T10:40:28Z
11,Mexico City,2024-09-20,53,18.6,24.4,14.6,19.0,3.8,3.8,18.0,12.0,True,open_meteo_historical_weather_api,2026-06-11T10:40:28Z
11,Mexico City,2024-09-21,53,17.3,23.3,13.1,17.7,3.2,3.2,10.0,14.8,True,open_meteo_historical_weather_api,2026-06-11T10:40:28Z
11,Mexico City,2024-09-22,51,17.8,23.9,13.8,17.7,2.8,2.8,17.0,14.4,True,open_meteo_historical_weather_api,2026-06-11T10:40:28Z
11,Mexico City,2024-09-23,63,16.9,23.3,12.6,16.7,5.9,5.9,7.0,12.2,True,open_meteo_historical_weather_api,2026-06-11T10:40:28Z
11,Mexico City,2024-09-24,53,16.0,20.0,13.7,15.7,2.5,2.5,9.0,13.2,True,open_meteo_historical_weather_api,2026-06-11T10:40:28Z
11,Mexico City,2024-09-25,61,16.5,21.1,13.1,16.5,8.1,8.1,11.0,12.9,True,open_meteo_historical_weather_api,2026-06-11T10:40:28Z
11,Mexico City,2024-09-26,63,14.9,16.6,13.3,15.2,19.3,19.3,24.0,5.6,True,open_meteo_historical_weather_api,2026-06-11T10:40:28Z
11,Mexico City,2024-09-27,63,14.8,17.9,13.1,14.5,26.1,26.1,23.0,12.2,True,open_meteo_historical_weather_api,2026-06-11T10:40:28Z
11,Mexico City,2024-09-28,63,15.5,21.1,11.3,16.0,15.1,15.1,13.0,9.3,True,open_meteo_historical_weather_api,2026-06-11T10:40:28Z
11,Mexico City,2024-09-29,61,16.1,20.6,13.6,16.0,6.3,6.3,11.0,16.4,True,open_meteo_historical_weather_api,2026-06-11T10:40:28Z
11,Mexico City,2024-09-30,63,15.7,21.4,12.4,15.4,7.1,7.1,13.0,19.3,True,open_meteo_historical_weather_api,2026-06-11T10:40:28Z
11,Mexico City,2024-10-01,55,15.1,20.1,11.3,13.5,3.4,3.4,10.0,23.1,True,open_meteo_historical_weather_api,2026-06-11T10:40:28Z
11,Mexico City,2024-10-02,51,14.6,18.9,11.9,12.4,0.2,0.2,2.0,26.4,True,open_meteo_historical_weather_api,2026-06-11T10:40:28Z
11,Mexico City,2024-10-03,3,15.0,22.0,8.7,14.3,0.0,0.0,0.0,15.7,False,open_meteo_historical_weather_api,2026-06-11T10:40:28Z
11,Mexico City,2024-10-04,63,15.4,21.4,10.7,15.0,10.7,10.7,9.0,16.9,True,open_meteo_historical_weather_api,2026-06-11T10:40:28Z
11,Mexico City,2024-10-05,63,15.5,20.5,11.7,15.5,13.6,13.6,13.0,10.9,True,open_meteo_historical_weather_api,2026-06-11T10:40:28Z
11,Mexico City,2024-10-06,63,16.3,21.1,14.7,16.6,22.0,22.0,22.0,12.2,True,open_meteo_historical_weather_api,2026-06-11T10:40:28Z
11,Mexico City,2024-10-07,63,15.4,20.2,12.0,15.2,17.4,17.4,16.0,17.3,True,open_meteo_historical_weather_api,2026-06-11T10:40:28Z
11,Mexico City,2024-10-08,61,15.5,20.0,13.2,15.2,3.5,3.5,11.0,12.8,True,open_meteo_historical_weather_api,2026-06-11T10:40:28Z
11,Mexico City,2024-10-09,51,15.1,21.2,10.9,13.7,0.1,0.1,1.0,18.5,True,open_meteo_historical_weather_api,2026-06-11T10:40:28Z
11,Mexico City,2024-10-10,3,13.7,20.7,7.5,11.8,0.0,0.0,0.0,16.7,False,open_meteo_historical_weather_api,2026-06-11T10:40:28Z
11,Mexico City,2024-10-11,3,12.5,19.3,6.3,10.8,0.0,0.0,0.0,17.7,False,open_meteo_historical_weather_api,2026-06-11T10:40:28Z
11,Mexico City,2024-10-12,3,12.2,20.0,6.0,10.9,0.0,0.0,0.0,26.3,False,open_meteo_historical_weather_api,2026-06-11T10:40:28Z
11,Mexico City,2024-10-13,51,13.5,19.3,8.5,12.5,0.1,0.1,1.0,17.2,True,open_meteo_historical_weather_api,2026-06-11T10:40:28Z
11,Mexico City,2024-10-14,51,15.3,21.8,10.4,14.8,0.4,0.4,3.0,15.7,True,open_meteo_historical_weather_api,2026-06-11T10:40:28Z
11,Mexico City,2024-10-15,3,15.3,22.3,8.2,14.7,0.0,0.0,0.0,14.6,False,open_meteo_historical_weather_api,2026-06-11T10:40:28Z
11,Mexico City,2024-10-16,51,15.2,23.0,8.4,13.8,0.2,0.2,1.0,19.2,True,open_meteo_historical_weather_api,2026-06-11T10:40:28Z
11,Mexico City,2024-10-17,51,14.6,21.5,9.4,13.2,0.1,0.1,1.0,19.6,True,open_meteo_historical_weather_api,2026-06-11T10:40:28Z
11,Mexico City,2024-10-18,3,15.3,21.8,10.1,14.6,0.0,0.0,0.0,17.5,False,open_meteo_historical_weather_api,2026-06-11T10:40:28Z
11,Mexico City,2024-10-19,51,16.2,23.0,12.1,14.0,0.3,0.3,3.0,23.8,True,open_meteo_historical_weather_api,2026-06-11T10:40:28Z
11,Mexico City,2024-10-20,51,14.1,18.2,10.8,12.3,0.9,0.9,5.0,21.0,True,open_meteo_historical_weather_api,2026-06-11T10:40:28Z
11,Mexico City,2024-10-21,61,15.4,18.3,13.2,14.2,17.9,17.9,24.0,17.8,True,open_meteo_historical_weather_api,2026-06-11T10:40:28Z
11,Mexico City,2024-10-22,51,16.5,22.8,12.4,15.5,0.6,0.6,4.0,19.5,True,open_meteo_historical_weather_api,2026-06-11T10:40:28Z
11,Mexico City,2024-10-23,3,15.0,22.0,9.6,14.1,0.0,0.0,0.0,21.6,False,open_meteo_historical_weather_api,2026-06-11T10:40:28Z
11,Mexico City,2024-10-24,3,14.7,21.5,9.9,14.0,0.0,0.0,0.0,12.0,False,open_meteo_historical_weather_api,2026-06-11T10:40:28Z
11,Mexico City,2024-10-25,3,14.6,21.8,9.9,13.5,0.0,0.0,0.0,18.2,False,open_meteo_historical_weather_api,2026-06-11T10:40:28Z
11,Mexico City,2024-10-26,51,14.6,21.4,10.1,13.2,0.4,0.4,4.0,21.8,True,open_meteo_historical_weather_api,2026-06-11T10:40:28Z
11,Mexico City,2024-10-27,61,15.0,20.9,11.5,13.5,2.4,2.4,3.0,15.5,True,open_meteo_historical_weather_api,2026-06-11T10:40:28Z
11,Mexico City,2024-10-28,63,14.6,19.9,10.9,13.8,6.7,6.7,10.0,12.9,True,open_meteo_historical_weather_api,2026-06-11T10:40:28Z
11,Mexico City,2024-10-29,53,14.5,20.4,9.9,13.9,1.0,1.0,3.0,15.8,True,open_meteo_historical_weather_api,2026-06-11T10:40:28Z
11,Mexico City,2024-10-30,51,16.3,22.6,9.9,15.8,0.3,0.3,2.0,11.5,True,open_meteo_historical_weather_api,2026-06-11T10:40:28Z
11,Mexico City,2024-10-31,51,17.0,23.7,10.6,16.1,0.5,0.5,4.0,18.1,True,open_meteo_historical_weather_api,2026-06-11T10:40:28Z
11,Mexico City,2024-11-01,51,16.1,22.6,10.4,15.8,1.0,1.0,6.0,13.1,True,open_meteo_historical_weather_api,2026-06-11T10:40:28Z
11,Mexico City,2024-11-02,51,16.1,22.3,11.9,16.1,0.8,0.8,4.0,8.6,True,open_meteo_historical_weather_api,2026-06-11T10:40:28Z
11,Mexico City,2024-11-03,51,16.5,23.3,10.1,16.2,0.4,0.4,3.0,10.5,True,open_meteo_historical_weather_api,2026-06-11T10:40:28Z
11,Mexico City,2024-11-04,2,16.5,23.8,9.6,16.1,0.0,0.0,0.0,10.8,False,open_meteo_historical_weather_api,2026-06-11T10:40:28Z
11,Mexico City,2024-11-05,51,16.9,24.2,10.1,16.4,0.1,0.1,1.0,10.7,True,open_meteo_historical_weather_api,2026-06-11T10:40:28Z
11,Mexico City,2024-11-06,3,17.3,24.9,10.8,16.8,0.0,0.0,0.0,12.0,False,open_meteo_historical_weather_api,2026-06-11T10:40:28Z
11,Mexico City,2024-11-07,3,18.4,26.3,11.9,17.5,0.0,0.0,0.0,23.0,False,open_meteo_historical_weather_api,2026-06-11T10:40:28Z
11,Mexico City,2024-11-08,3,17.8,26.5,10.1,16.7,0.0,0.0,0.0,15.9,False,open_meteo_historical_weather_api,2026-06-11T10:40:28Z
11,Mexico City,2024-11-09,3,17.7,26.4,8.9,16.0,0.0,0.0,0.0,21.3,False,open_meteo_historical_weather_api,2026-06-11T10:40:28Z
11,Mexico City,2024-11-10,3,16.7,26.5,7.9,15.2,0.0,0.0,0.0,23.2,False,open_meteo_historical_weather_api,2026-06-11T10:40:28Z
11,Mexico City,2024-11-11,3,17.0,26.6,8.4,15.2,0.0,0.0,0.0,22.0,False,open_meteo_historical_weather_api,2026-06-11T10:40:28Z
11,Mexico City,2024-11-12,3,17.5,25.1,9.1,15.9,0.0,0.0,0.0,9.1,False,open_meteo_historical_weather_api,2026-06-11T10:40:28Z
11,Mexico City,2024-11-13,3,18.3,26.1,10.9,16.5,0.0,0.0,0.0,17.9,False,open_meteo_historical_weather_api,2026-06-11T10:40:28Z
11,Mexico City,2024-11-14,2,16.1,22.9,10.4,13.8,0.0,0.0,0.0,15.5,False,open_meteo_historical_weather_api,2026-06-11T10:40:28Z
11,Mexico City,2024-11-15,3,16.6,24.6,10.0,15.4,0.0,0.0,0.0,9.9,False,open_meteo_historical_weather_api,2026-06-11T10:40:28Z
11,Mexico City,2024-11-16,3,18.6,25.9,10.6,17.9,0.0,0.0,0.0,8.5,False,open_meteo_historical_weather_api,2026-06-11T10:40:28Z
11,Mexico City,2024-11-17,3,18.8,25.8,11.8,17.5,0.0,0.0,0.0,12.9,False,open_meteo_historical_weather_api,2026-06-11T10:40:28Z
11,Mexico City,2024-11-18,3,18.6,26.2,11.7,17.2,0.0,0.0,0.0,7.7,False,open_meteo_historical_weather_api,2026-06-11T10:40:28Z
11,Mexico City,2024-11-19,51,18.9,25.4,12.6,18.3,0.1,0.1,1.0,9.0,True,open_meteo_historical_weather_api,2026-06-11T10:40:28Z
11,Mexico City,2024-11-20,61,16.5,23.1,11.8,15.6,4.8,4.8,13.0,18.5,True,open_meteo_historical_weather_api,2026-06-11T10:40:28Z
11,Mexico City,2024-11-21,3,14.8,21.0,10.6,13.6,0.0,0.0,0.0,15.6,False,open_meteo_historical_weather_api,2026-06-11T10:40:28Z
11,Mexico City,2024-11-22,3,13.9,21.1,7.8,12.4,0.0,0.0,0.0,12.4,False,open_meteo_historical_weather_api,2026-06-11T10:40:28Z
11,Mexico City,2024-11-23,3,13.4,22.0,4.1,11.4,0.0,0.0,0.0,7.8,False,open_meteo_historical_weather_api,2026-06-11T10:40:28Z
11,Mexico City,2024-11-24,0,14.9,23.1,5.1,12.3,0.0,0.0,0.0,10.9,False,open_meteo_historical_weather_api,2026-06-11T10:40:28Z
11,Mexico City,2024-11-25,0,15.4,24.1,5.2,12.6,0.0,0.0,0.0,12.6,False,open_meteo_historical_weather_api,2026-06-11T10:40:28Z
11,Mexico City,2024-11-26,0,15.1,24.0,5.7,12.2,0.0,0.0,0.0,14.2,False,open_meteo_historical_weather_api,2026-06-11T10:40:28Z
11,Mexico City,2024-11-27,3,17.0,26.9,6.9,15.1,0.0,0.0,0.0,12.4,False,open_meteo_historical_weather_api,2026-06-11T10:40:28Z
11,Mexico City,2024-11-28,0,18.4,26.8,9.2,15.8,0.0,0.0,0.0,10.5,False,open_meteo_historical_weather_api,2026-06-11T10:40:28Z
11,Mexico City,2024-11-29,2,17.2,26.1,9.0,15.4,0.0,0.0,0.0,13.5,False,open_meteo_historical_weather_api,2026-06-11T10:40:28Z
11,Mexico City,2024-11-30,0,16.8,25.5,9.1,14.9,0.0,0.0,0.0,11.4,False,open_meteo_historical_weather_api,2026-06-11T10:40:28Z
11,Mexico City,2024-12-01,3,16.6,24.9,8.6,14.7,0.0,0.0,0.0,13.7,False,open_meteo_historical_weather_api,2026-06-11T10:40:28Z
11,Mexico City,2024-12-02,1,15.6,23.9,7.8,13.6,0.0,0.0,0.0,16.1,False,open_meteo_historical_weather_api,2026-06-11T10:40:28Z
11,Mexico City,2024-12-03,3,14.9,22.8,8.4,12.9,0.0,0.0,0.0,14.0,False,open_meteo_historical_weather_api,2026-06-11T10:40:28Z
11,Mexico City,2024-12-04,3,16.0,23.3,9.3,14.6,0.0,0.0,0.0,11.0,False,open_meteo_historical_weather_api,2026-06-11T10:40:28Z
11,Mexico City,2024-12-05,51,17.3,24.5,10.4,16.1,0.1,0.1,1.0,13.6,True,open_meteo_historical_weather_api,2026-06-11T10:40:28Z
11,Mexico City,2024-12-06,3,16.3,23.6,10.9,15.1,0.0,0.0,0.0,15.1,False,open_meteo_historical_weather_api,2026-06-11T10:40:28Z
11,Mexico City,2024-12-07,3,16.7,24.4,11.4,15.2,0.0,0.0,0.0,12.6,False,open_meteo_historical_weather_api,2026-06-11T10:40:28Z
11,Mexico City,2024-12-08,3,16.3,24.8,7.4,14.3,0.0,0.0,0.0,11.8,False,open_meteo_historical_weather_api,2026-06-11T10:40:28Z
11,Mexico City,2024-12-09,2,17.7,24.1,10.1,16.0,0.0,0.0,0.0,8.0,False,open_meteo_historical_weather_api,2026-06-11T10:40:28Z
11,Mexico City,2024-12-10,1,18.6,25.5,10.6,17.0,0.0,0.0,0.0,11.3,False,open_meteo_historical_weather_api,2026-06-11T10:40:28Z
11,Mexico City,2024-12-11,3,15.6,21.9,10.1,13.4,0.0,0.0,0.0,16.3,False,open_meteo_historical_weather_api,2026-06-11T10:40:28Z
11,Mexico City,2024-12-12,1,15.7,24.0,7.6,13.9,0.0,0.0,0.0,8.5,False,open_meteo_historical_weather_api,2026-06-11T10:40:28Z
11,Mexico City,2024-12-13,2,17.9,25.0,10.9,16.1,0.0,0.0,0.0,11.9,False,open_meteo_historical_weather_api,2026-06-11T10:40:28Z
11,Mexico City,2024-12-14,3,17.1,25.1,9.4,15.4,0.0,0.0,0.0,13.2,False,open_meteo_historical_weather_api,2026-06-11T10:40:28Z
11,Mexico City,2024-12-15,3,15.9,23.8,8.4,14.2,0.0,0.0,0.0,13.4,False,open_meteo_historical_weather_api,2026-06-11T10:40:28Z
11,Mexico City,2024-12-16,3,15.6,23.3,7.8,13.5,0.0,0.0,0.0,13.5,False,open_meteo_historical_weather_api,2026-06-11T10:40:28Z
11,Mexico City,2024-12-17,3,14.4,21.7,8.2,12.6,0.0,0.0,0.0,13.0,False,open_meteo_historical_weather_api,2026-06-11T10:40:28Z
11,Mexico City,2024-12-18,51,15.3,22.0,11.0,14.0,0.2,0.2,1.0,14.8,True,open_meteo_historical_weather_api,2026-06-11T10:40:28Z
11,Mexico City,2024-12-19,51,15.5,21.4,11.9,13.5,0.1,0.1,1.0,11.0,True,open_meteo_historical_weather_api,2026-06-11T10:40:28Z
11,Mexico City,2024-12-20,51,14.1,20.0,10.0,12.5,0.3,0.3,3.0,17.7,True,open_meteo_historical_weather_api,2026-06-11T10:40:28Z
11,Mexico City,2024-12-21,51,14.1,19.5,10.4,12.4,0.9,0.9,6.0,13.1,True,open_meteo_historical_weather_api,2026-06-11T10:40:28Z
11,Mexico City,2024-12-22,61,12.3,16.3,10.2,11.1,5.6,5.6,8.0,12.4,True,open_meteo_historical_weather_api,2026-06-11T10:40:28Z
11,Mexico City,2024-12-23,3,12.4,17.8,6.4,10.7,0.0,0.0,0.0,10.7,False,open_meteo_historical_weather_api,2026-06-11T10:40:28Z
11,Mexico City,2024-12-24,3,12.9,17.5,8.1,11.3,0.0,0.0,0.0,6.1,False,open_meteo_historical_weather_api,2026-06-11T10:40:28Z
11,Mexico City,2024-12-25,53,12.7,19.0,6.4,11.1,1.1,1.1,2.0,7.7,True,open_meteo_historical_weather_api,2026-06-11T10:40:28Z
11,Mexico City,2024-12-26,0,12.6,19.5,6.3,11.0,0.0,0.0,0.0,10.1,False,open_meteo_historical_weather_api,2026-06-11T10:40:28Z
11,Mexico City,2024-12-27,0,13.6,22.5,5.6,11.6,0.0,0.0,0.0,9.6,False,open_meteo_historical_weather_api,2026-06-11T10:40:28Z
11,Mexico City,2024-12-28,3,14.6,23.6,6.1,12.4,0.0,0.0,0.0,8.5,False,open_meteo_historical_weather_api,2026-06-11T10:40:28Z
11,Mexico City,2024-12-29,0,15.1,23.5,7.0,12.8,0.0,0.0,0.0,13.3,False,open_meteo_historical_weather_api,2026-06-11T10:40:28Z
11,Mexico City,2024-12-30,3,15.7,23.1,7.6,13.4,0.0,0.0,0.0,8.1,False,open_meteo_historical_weather_api,2026-06-11T10:40:28Z
11,Mexico City,2024-12-31,3,15.8,23.4,7.1,13.3,0.0,0.0,0.0,13.9,False,open_meteo_historical_weather_api,2026-06-11T10:40:28Z
12,Sao Paulo,2024-01-01,51,21.2,26.6,17.1,21.4,0.5,0.5,4.0,24.6,True,open_meteo_historical_weather_api,2026-06-11T10:40:28Z
12,Sao Paulo,2024-01-02,53,22.0,28.6,17.4,23.4,2.0,2.0,8.0,23.9,True,open_meteo_historical_weather_api,2026-06-11T10:40:28Z
12,Sao Paulo,2024-01-03,63,22.3,29.5,19.0,24.6,24.1,24.1,7.0,19.7,True,open_meteo_historical_weather_api,2026-06-11T10:40:28Z
12,Sao Paulo,2024-01-04,51,21.7,25.4,19.6,23.0,3.2,3.2,19.0,27.6,True,open_meteo_historical_weather_api,2026-06-11T10:40:28Z
12,Sao Paulo,2024-01-05,51,21.3,25.2,19.3,22.8,1.5,1.5,10.0,22.6,True,open_meteo_historical_weather_api,2026-06-11T10:40:28Z
12,Sao Paulo,2024-01-06,53,21.6,26.5,18.3,23.5,1.6,1.6,4.0,18.9,True,open_meteo_historical_weather_api,2026-06-11T10:40:28Z
12,Sao Paulo,2024-01-07,51,22.7,30.5,16.5,25.2,0.5,0.5,2.0,20.8,True,open_meteo_historical_weather_api,2026-06-11T10:40:28Z
12,Sao Paulo,2024-01-08,51,25.5,32.2,19.0,27.9,0.5,0.5,2.0,18.7,True,open_meteo_historical_weather_api,2026-06-11T10:40:28Z
12,Sao Paulo,2024-01-09,61,25.2,32.0,19.1,28.1,2.3,2.3,3.0,15.7,True,open_meteo_historical_weather_api,2026-06-11T10:40:28Z
12,Sao Paulo,2024-01-10,63,24.7,31.5,19.4,27.4,11.1,11.1,7.0,16.9,True,open_meteo_historical_weather_api,2026-06-11T10:40:28Z
12,Sao Paulo,2024-01-11,61,25.6,30.9,21.5,27.7,3.0,3.0,6.0,26.7,True,open_meteo_historical_weather_api,2026-06-11T10:40:28Z
12,Sao Paulo,2024-01-12,65,23.2,26.5,21.0,24.9,29.7,29.7,11.0,21.9,True,open_meteo_historical_weather_api,2026-06-11T10:40:28Z
12,Sao Paulo,2024-01-13,65,20.5,22.6,18.4,20.8,13.9,13.9,14.0,24.1,True,open_meteo_historical_weather_api,2026-06-11T10:40:28Z
12,Sao Paulo,2024-01-14,55,22.3,28.8,16.2,25.0,2.0,2.0,5.0,13.5,True,open_meteo_historical_weather_api,2026-06-11T10:40:28Z
12,Sao Paulo,2024-01-15,3,24.7,29.5,20.1,26.8,0.0,0.0,0.0,25.4,False,open_meteo_historical_weather_api,2026-06-11T10:40:28Z
12,Sao Paulo,2024-01-16,51,26.0,31.2,21.0,28.1,0.7,0.7,4.0,24.3,True,open_meteo_historical_weather_api,2026-06-11T10:40:28Z
12,Sao Paulo,2024-01-17,51,25.8,32.5,21.7,28.4,0.7,0.7,3.0,24.4,True,open_meteo_historical_weather_api,2026-06-11T10:40:28Z
12,Sao Paulo,2024-01-18,63,25.4,32.0,20.1,28.9,4.6,4.6,4.0,20.5,True,open_meteo_historical_weather_api,2026-06-11T10:40:28Z
12,Sao Paulo,2024-01-19,65,24.8,30.2,21.7,27.3,21.9,21.9,13.0,25.2,True,open_meteo_historical_weather_api,2026-06-11T10:40:28Z
12,Sao Paulo,2024-01-20,63,23.8,29.0,21.4,25.1,7.6,7.6,9.0,28.7,True,open_meteo_historical_weather_api,2026-06-11T10:40:28Z
12,Sao Paulo,2024-01-21,61,22.2,25.9,20.0,23.3,9.1,9.1,22.0,27.4,True,open_meteo_historical_weather_api,2026-06-11T10:40:28Z
12,Sao Paulo,2024-01-22,51,20.6,24.0,18.4,21.3,1.3,1.3,6.0,23.8,True,open_meteo_historical_weather_api,2026-06-11T10:40:28Z
12,Sao Paulo,2024-01-23,61,18.6,20.1,17.0,18.7,12.0,12.0,17.0,27.3,True,open_meteo_historical_weather_api,2026-06-11T10:40:28Z
12,Sao Paulo,2024-01-24,65,18.6,22.8,15.0,18.6,10.3,10.3,9.0,23.7,True,open_meteo_historical_weather_api,2026-06-11T10:40:28Z
12,Sao Paulo,2024-01-25,63,18.5,21.7,16.6,17.8,8.5,8.5,17.0,30.4,True,open_meteo_historical_weather_api,2026-06-11T10:40:28Z
12,Sao Paulo,2024-01-26,55,18.5,21.5,16.4,18.0,2.6,2.6,12.0,24.5,True,open_meteo_historical_weather_api,2026-06-11T10:40:28Z
12,Sao Paulo,2024-01-27,61,20.0,24.6,17.1,21.5,2.9,2.9,8.0,16.9,True,open_meteo_historical_weather_api,2026-06-11T10:40:28Z
12,Sao Paulo,2024-01-28,63,20.2,24.9,16.5,22.1,14.3,14.3,8.0,19.0,True,open_meteo_historical_weather_api,2026-06-11T10:40:28Z
12,Sao Paulo,2024-01-29,51,22.0,27.6,16.9,23.8,0.4,0.4,3.0,23.9,True,open_meteo_historical_weather_api,2026-06-11T10:40:28Z
12,Sao Paulo,2024-01-30,51,23.0,28.6,16.9,24.8,0.3,0.3,3.0,16.4,True,open_meteo_historical_weather_api,2026-06-11T10:40:28Z
12,Sao Paulo,2024-01-31,63,22.2,26.9,18.8,24.9,11.5,11.5,5.0,13.7,True,open_meteo_historical_weather_api,2026-06-11T10:40:28Z
12,Sao Paulo,2024-02-01,63,20.8,25.6,17.8,22.9,3.4,3.4,6.0,18.2,True,open_meteo_historical_weather_api,2026-06-11T10:40:28Z
12,Sao Paulo,2024-02-02,65,20.5,24.6,18.4,22.2,28.3,28.3,8.0,17.2,True,open_meteo_historical_weather_api,2026-06-11T10:40:28Z
12,Sao Paulo,2024-02-03,51,21.5,25.5,17.5,23.7,0.4,0.4,2.0,12.8,True,open_meteo_historical_weather_api,2026-06-11T10:40:28Z
12,Sao Paulo,2024-02-04,53,22.0,27.5,18.1,24.6,2.3,2.3,6.0,22.7,True,open_meteo_historical_weather_api,2026-06-11T10:40:28Z
12,Sao Paulo,2024-02-05,51,22.0,28.0,16.2,24.3,0.7,0.7,3.0,17.6,True,open_meteo_historical_weather_api,2026-06-11T10:40:28Z
12,Sao Paulo,2024-02-06,51,22.1,28.0,15.8,24.5,0.3,0.3,3.0,18.2,True,open_meteo_historical_weather_api,2026-06-11T10:40:28Z
12,Sao Paulo,2024-02-07,3,22.2,29.8,16.5,24.6,0.0,0.0,0.0,26.3,False,open_meteo_historical_weather_api,2026-06-11T10:40:28Z
12,Sao Paulo,2024-02-08,3,22.2,29.4,16.8,24.9,0.0,0.0,0.0,21.5,False,open_meteo_historical_weather_api,2026-06-11T10:40:28Z
12,Sao Paulo,2024-02-09,3,23.1,30.3,17.9,25.7,0.0,0.0,0.0,25.3,False,open_meteo_historical_weather_api,2026-06-11T10:40:28Z
12,Sao Paulo,2024-02-10,3,23.6,30.5,19.0,25.7,0.0,0.0,0.0,22.3,False,open_meteo_historical_weather_api,2026-06-11T10:40:28Z
12,Sao Paulo,2024-02-11,51,23.8,30.7,17.8,26.4,0.3,0.3,3.0,25.1,True,open_meteo_historical_weather_api,2026-06-11T10:40:28Z
12,Sao Paulo,2024-02-12,61,24.8,31.0,20.7,26.5,3.4,3.4,6.0,25.6,True,open_meteo_historical_weather_api,2026-06-11T10:40:28Z
12,Sao Paulo,2024-02-13,65,25.4,32.5,21.9,26.8,20.3,20.3,5.0,26.7,True,open_meteo_historical_weather_api,2026-06-11T10:40:28Z
12,Sao Paulo,2024-02-14,63,22.0,25.0,19.6,23.9,29.6,29.6,19.0,23.1,True,open_meteo_historical_weather_api,2026-06-11T10:40:28Z
12,Sao Paulo,2024-02-15,63,20.0,22.0,18.1,20.8,9.2,9.2,18.0,21.8,True,open_meteo_historical_weather_api,2026-06-11T10:40:28Z
12,Sao Paulo,2024-02-16,51,20.2,24.9,16.4,21.6,0.2,0.2,2.0,21.5,True,open_meteo_historical_weather_api,2026-06-11T10:40:28Z
12,Sao Paulo,2024-02-17,63,20.3,26.5,16.4,22.5,5.2,5.2,5.0,17.4,True,open_meteo_historical_weather_api,2026-06-11T10:40:28Z
12,Sao Paulo,2024-02-18,51,20.9,26.1,17.8,23.6,1.6,1.6,12.0,13.2,True,open_meteo_historical_weather_api,2026-06-11T10:40:28Z
12,Sao Paulo,2024-02-19,61,21.8,27.5,18.8,24.2,3.3,3.3,9.0,16.1,True,open_meteo_historical_weather_api,2026-06-11T10:40:28Z
12,Sao Paulo,2024-02-20,65,20.6,24.5,17.6,22.8,38.4,38.4,13.0,18.6,True,open_meteo_historical_weather_api,2026-06-11T10:40:28Z
12,Sao Paulo,2024-02-21,65,21.0,25.9,19.1,23.1,19.2,19.2,16.0,21.3,True,open_meteo_historical_weather_api,2026-06-11T10:40:28Z
12,Sao Paulo,2024-02-22,51,22.6,27.8,18.8,25.2,1.5,1.5,6.0,17.4,True,open_meteo_historical_weather_api,2026-06-11T10:40:28Z
12,Sao Paulo,2024-02-23,61,23.9,29.5,20.3,26.6,7.6,7.6,8.0,19.6,True,open_meteo_historical_weather_api,2026-06-11T10:40:28Z
12,Sao Paulo,2024-02-24,63,23.4,28.8,20.4,26.7,8.9,8.9,12.0,18.7,True,open_meteo_historical_weather_api,2026-06-11T10:40:28Z
12,Sao Paulo,2024-02-25,61,22.9,27.1,19.5,25.9,4.4,4.4,8.0,21.7,True,open_meteo_historical_weather_api,2026-06-11T10:40:28Z
12,Sao Paulo,2024-02-26,53,22.7,26.3,20.0,25.2,2.7,2.7,8.0,21.6,True,open_meteo_historical_weather_api,2026-06-11T10:40:28Z
12,Sao Paulo,2024-02-27,53,24.6,29.6,19.7,27.5,0.8,0.8,2.0,22.6,True,open_meteo_historical_weather_api,2026-06-11T10:40:28Z
12,Sao Paulo,2024-02-28,63,24.5,29.6,21.8,27.7,5.7,5.7,5.0,22.1,True,open_meteo_historical_weather_api,2026-06-11T10:40:28Z
12,Sao Paulo,2024-02-29,63,23.9,28.9,21.3,27.8,6.6,6.6,11.0,15.7,True,open_meteo_historical_weather_api,2026-06-11T10:40:28Z
12,Sao Paulo,2024-03-01,61,22.7,27.0,20.5,25.4,3.7,3.7,12.0,21.6,True,open_meteo_historical_weather_api,2026-06-11T10:40:28Z
12,Sao Paulo,2024-03-02,3,21.2,26.2,18.3,22.8,0.0,0.0,0.0,19.3,False,open_meteo_historical_weather_api,2026-06-11T10:40:28Z
12,Sao Paulo,2024-03-03,51,22.2,29.3,16.6,24.7,0.1,0.1,1.0,20.7,True,open_meteo_historical_weather_api,2026-06-11T10:40:28Z
12,Sao Paulo,2024-03-04,3,23.0,29.7,16.7,25.5,0.0,0.0,0.0,19.4,False,open_meteo_historical_weather_api,2026-06-11T10:40:28Z
12,Sao Paulo,2024-03-05,65,23.0,29.0,19.8,26.0,23.9,23.9,10.0,23.7,True,open_meteo_historical_weather_api,2026-06-11T10:40:28Z
12,Sao Paulo,2024-03-06,63,21.3,24.4,19.5,23.3,15.8,15.8,18.0,21.6,True,open_meteo_historical_weather_api,2026-06-11T10:40:28Z
12,Sao Paulo,2024-03-07,53,22.2,26.6,19.6,24.3,1.2,1.2,5.0,21.8,True,open_meteo_historical_weather_api,2026-06-11T10:40:28Z
12,Sao Paulo,2024-03-08,63,23.0,27.4,20.2,25.8,4.9,4.9,6.0,19.8,True,open_meteo_historical_weather_api,2026-06-11T10:40:28Z
12,Sao Paulo,2024-03-09,61,24.0,28.4,20.6,26.8,3.8,3.8,11.0,25.9,True,open_meteo_historical_weather_api,2026-06-11T10:40:28Z
12,Sao Paulo,2024-03-10,53,23.3,27.1,21.1,26.0,2.6,2.6,13.0,18.1,True,open_meteo_historical_weather_api,2026-06-11T10:40:28Z
12,Sao Paulo,2024-03-11,51,21.8,26.4,18.0,23.7,0.5,0.5,5.0,20.2,True,open_meteo_historical_weather_api,2026-06-11T10:40:28Z
12,Sao Paulo,2024-03-12,3,20.3,26.7,16.9,22.2,0.0,0.0,0.0,25.1,False,open_meteo_historical_weather_api,2026-06-11T10:40:28Z
12,Sao Paulo,2024-03-13,3,22.7,30.5,18.5,25.5,0.0,0.0,0.0,19.6,False,open_meteo_historical_weather_api,2026-06-11T10:40:28Z
12,Sao Paulo,2024-03-14,51,24.0,30.8,19.4,27.4,0.1,0.1,1.0,18.1,True,open_meteo_historical_weather_api,2026-06-11T10:40:28Z
12,Sao Paulo,2024-03-15,3,25.0,31.6,19.4,28.2,0.0,0.0,0.0,15.8,False,open_meteo_historical_weather_api,2026-06-11T10:40:28Z
12,Sao Paulo,2024-03-16,3,25.9,31.0,20.0,29.0,0.0,0.0,0.0,17.4,False,open_meteo_historical_weather_api,2026-06-11T10:40:28Z
12,Sao Paulo,2024-03-17,63,25.7,31.5,21.6,28.3,6.2,6.2,5.0,22.4,True,open_meteo_historical_weather_api,2026-06-11T10:40:28Z
12,Sao Paulo,2024-03-18,61,23.7,29.0,20.2,27.3,4.4,4.4,5.0,17.4,True,open_meteo_historical_weather_api,2026-06-11T10:40:28Z
12,Sao Paulo,2024-03-19,63,23.7,30.2,20.0,27.4,4.6,4.6,3.0,24.7,True,open_meteo_historical_weather_api,2026-06-11T10:40:28Z
12,Sao Paulo,2024-03-20,3,24.6,30.1,20.1,28.3,0.0,0.0,0.0,14.5,False,open_meteo_historical_weather_api,2026-06-11T10:40:28Z
12,Sao Paulo,2024-03-21,63,25.4,30.9,22.1,27.4,8.3,8.3,4.0,32.9,True,open_meteo_historical_weather_api,2026-06-11T10:40:28Z
12,Sao Paulo,2024-03-22,53,20.1,22.4,17.5,20.1,4.9,4.9,18.0,31.1,True,open_meteo_historical_weather_api,2026-06-11T10:40:28Z
12,Sao Paulo,2024-03-23,61,18.1,19.9,17.0,17.4,9.1,9.1,22.0,25.5,True,open_meteo_historical_weather_api,2026-06-11T10:40:28Z
12,Sao Paulo,2024-03-24,61,19.5,23.4,16.8,20.2,8.1,8.1,15.0,18.0,True,open_meteo_historical_weather_api,2026-06-11T10:40:28Z
12,Sao Paulo,2024-03-25,51,20.3,25.9,17.0,21.9,0.3,0.3,3.0,21.6,True,open_meteo_historical_weather_api,2026-06-11T10:40:28Z
12,Sao Paulo,2024-03-26,51,19.5,25.0,15.6,20.8,0.5,0.5,4.0,22.5,True,open_meteo_historical_weather_api,2026-06-11T10:40:28Z
12,Sao Paulo,2024-03-27,51,19.6,22.5,17.6,20.3,1.1,1.1,7.0,16.6,True,open_meteo_historical_weather_api,2026-06-11T10:40:28Z
12,Sao Paulo,2024-03-28,53,19.3,21.9,17.6,20.8,4.2,4.2,14.0,13.7,True,open_meteo_historical_weather_api,2026-06-11T10:40:28Z
12,Sao Paulo,2024-03-29,55,20.4,26.2,16.8,22.5,3.8,3.8,10.0,15.1,True,open_meteo_historical_weather_api,2026-06-11T10:40:28Z
12,Sao Paulo,2024-03-30,51,20.6,26.1,17.0,22.5,0.2,0.2,1.0,17.1,True,open_meteo_historical_weather_api,2026-06-11T10:40:28Z
12,Sao Paulo,2024-03-31,3,19.9,26.7,15.5,21.9,0.0,0.0,0.0,17.5,False,open_meteo_historical_weather_api,2026-06-11T10:40:28Z
12,Sao Paulo,2024-04-01,3,20.0,26.6,14.8,21.0,0.0,0.0,0.0,18.8,False,open_meteo_historical_weather_api,2026-06-11T10:40:28Z
12,Sao Paulo,2024-04-02,51,21.9,27.3,17.5,23.6,0.1,0.1,1.0,10.0,True,open_meteo_historical_weather_api,2026-06-11T10:40:28Z
12,Sao Paulo,2024-04-03,3,21.8,27.6,17.5,24.4,0.0,0.0,0.0,17.7,False,open_meteo_historical_weather_api,2026-06-11T10:40:28Z
12,Sao Paulo,2024-04-04,3,22.1,29.0,17.3,24.7,0.0,0.0,0.0,17.6,False,open_meteo_historical_weather_api,2026-06-11T10:40:28Z
12,Sao Paulo,2024-04-05,3,21.4,29.0,16.2,23.3,0.0,0.0,0.0,18.8,False,open_meteo_historical_weather_api,2026-06-11T10:40:28Z
12,Sao Paulo,2024-04-06,53,19.7,24.4,16.2,20.7,3.2,3.2,8.0,21.1,True,open_meteo_historical_weather_api,2026-06-11T10:40:28Z
12,Sao Paulo,2024-04-07,51,21.2,26.9,17.9,22.5,0.7,0.7,7.0,19.4,True,open_meteo_historical_weather_api,2026-06-11T10:40:28Z
12,Sao Paulo,2024-04-08,53,21.2,25.7,17.0,23.2,1.9,1.9,5.0,11.2,True,open_meteo_historical_weather_api,2026-06-11T10:40:28Z
12,Sao Paulo,2024-04-09,61,21.8,26.2,18.9,24.1,5.6,5.6,7.0,16.6,True,open_meteo_historical_weather_api,2026-06-11T10:40:28Z
12,Sao Paulo,2024-04-10,51,21.3,27.4,16.8,23.7,0.3,0.3,3.0,19.1,True,open_meteo_historical_weather_api,2026-06-11T10:40:28Z
12,Sao Paulo,2024-04-11,53,20.9,26.9,17.5,23.1,1.8,1.8,3.0,21.1,True,open_meteo_historical_weather_api,2026-06-11T10:40:28Z
12,Sao Paulo,2024-04-12,51,20.9,26.6,17.8,22.4,0.3,0.3,3.0,21.0,True,open_meteo_historical_weather_api,2026-06-11T10:40:28Z
12,Sao Paulo,2024-04-13,51,21.1,27.1,16.1,22.8,0.3,0.3,2.0,18.4,True,open_meteo_historical_weather_api,2026-06-11T10:40:28Z
12,Sao Paulo,2024-04-14,61,21.6,26.0,18.1,23.9,4.4,4.4,9.0,11.0,True,open_meteo_historical_weather_api,2026-06-11T10:40:28Z
12,Sao Paulo,2024-04-15,61,21.6,25.8,19.5,23.8,7.5,7.5,12.0,13.7,True,open_meteo_historical_weather_api,2026-06-11T10:40:28Z
12,Sao Paulo,2024-04-16,51,23.5,28.8,19.3,25.9,0.6,0.6,3.0,16.6,True,open_meteo_historical_weather_api,2026-06-11T10:40:28Z
12,Sao Paulo,2024-04-17,65,22.5,27.6,19.3,24.3,26.2,26.2,9.0,23.6,True,open_meteo_historical_weather_api,2026-06-11T10:40:28Z
12,Sao Paulo,2024-04-18,51,18.0,19.9,15.1,17.6,1.4,1.4,8.0,18.7,True,open_meteo_historical_weather_api,2026-06-11T10:40:28Z
12,Sao Paulo,2024-04-19,3,15.9,21.6,12.1,15.3,0.0,0.0,0.0,21.6,False,open_meteo_historical_weather_api,2026-06-11T10:40:28Z
12,Sao Paulo,2024-04-20,3,17.5,24.0,12.9,17.7,0.0,0.0,0.0,18.9,False,open_meteo_historical_weather_api,2026-06-11T10:40:28Z
12,Sao Paulo,2024-04-21,3,19.0,26.0,14.6,20.2,0.0,0.0,0.0,15.6,False,open_meteo_historical_weather_api,2026-06-11T10:40:28Z
12,Sao Paulo,2024-04-22,3,20.1,27.1,14.6,20.9,0.0,0.0,0.0,17.7,False,open_meteo_historical_weather_api,2026-06-11T10:40:28Z
12,Sao Paulo,2024-04-23,3,20.6,28.2,13.4,20.7,0.0,0.0,0.0,18.2,False,open_meteo_historical_weather_api,2026-06-11T10:40:28Z
12,Sao Paulo,2024-04-24,3,21.4,28.5,14.8,21.7,0.0,0.0,0.0,15.5,False,open_meteo_historical_weather_api,2026-06-11T10:40:28Z
12,Sao Paulo,2024-04-25,51,21.3,26.5,19.1,23.0,0.5,0.5,4.0,20.0,True,open_meteo_historical_weather_api,2026-06-11T10:40:28Z
12,Sao Paulo,2024-04-26,3,21.8,27.0,19.0,23.7,0.0,0.0,0.0,14.5,False,open_meteo_historical_weather_api,2026-06-11T10:40:28Z
12,Sao Paulo,2024-04-27,3,23.0,29.7,17.5,24.1,0.0,0.0,0.0,18.2,False,open_meteo_historical_weather_api,2026-06-11T10:40:28Z
12,Sao Paulo,2024-04-28,2,23.4,29.5,18.6,24.1,0.0,0.0,0.0,22.9,False,open_meteo_historical_weather_api,2026-06-11T10:40:28Z
12,Sao Paulo,2024-04-29,51,23.3,30.0,17.9,25.3,0.1,0.1,1.0,13.1,True,open_meteo_historical_weather_api,2026-06-11T10:40:28Z
12,Sao Paulo,2024-04-30,3,23.2,30.0,16.6,24.1,0.0,0.0,0.0,13.8,False,open_meteo_historical_weather_api,2026-06-11T10:40:28Z
12,Sao Paulo,2024-05-01,2,23.4,30.0,16.6,23.5,0.0,0.0,0.0,16.1,False,open_meteo_historical_weather_api,2026-06-11T10:40:28Z
12,Sao Paulo,2024-05-02,1,23.9,30.5,18.7,23.2,0.0,0.0,0.0,26.3,False,open_meteo_historical_weather_api,2026-06-11T10:40:28Z
12,Sao Paulo,2024-05-03,3,22.9,29.8,17.1,24.3,0.0,0.0,0.0,13.2,False,open_meteo_historical_weather_api,2026-06-11T10:40:28Z
12,Sao Paulo,2024-05-04,1,22.9,30.9,15.9,24.0,0.0,0.0,0.0,18.7,False,open_meteo_historical_weather_api,2026-06-11T10:40:28Z
12,Sao Paulo,2024-05-05,3,22.1,30.2,16.0,22.6,0.0,0.0,0.0,17.9,False,open_meteo_historical_weather_api,2026-06-11T10:40:28Z
12,Sao Paulo,2024-05-06,0,21.7,29.4,14.1,21.8,0.0,0.0,0.0,16.2,False,open_meteo_historical_weather_api,2026-06-11T10:40:28Z
12,Sao Paulo,2024-05-07,3,23.2,29.7,17.2,23.5,0.0,0.0,0.0,14.5,False,open_meteo_historical_weather_api,2026-06-11T10:40:28Z
12,Sao Paulo,2024-05-08,1,23.9,29.5,19.4,22.9,0.0,0.0,0.0,27.5,False,open_meteo_historical_weather_api,2026-06-11T10:40:28Z
12,Sao Paulo,2024-05-09,3,22.3,29.2,17.1,22.4,0.0,0.0,0.0,22.3,False,open_meteo_historical_weather_api,2026-06-11T10:40:28Z
12,Sao Paulo,2024-05-10,51,22.7,28.6,19.4,23.8,0.2,0.2,2.0,14.8,True,open_meteo_historical_weather_api,2026-06-11T10:40:28Z
12,Sao Paulo,2024-05-11,3,22.7,29.0,16.8,22.1,0.0,0.0,0.0,24.1,False,open_meteo_historical_weather_api,2026-06-11T10:40:28Z
12,Sao Paulo,2024-05-12,3,22.8,29.4,17.1,22.0,0.0,0.0,0.0,23.8,False,open_meteo_historical_weather_api,2026-06-11T10:40:28Z
12,Sao Paulo,2024-05-13,3,23.9,29.4,20.0,21.3,0.0,0.0,0.0,35.6,False,open_meteo_historical_weather_api,2026-06-11T10:40:28Z
12,Sao Paulo,2024-05-14,55,19.1,21.0,17.0,20.1,3.0,3.0,10.0,17.9,True,open_meteo_historical_weather_api,2026-06-11T10:40:28Z
12,Sao Paulo,2024-05-15,53,17.3,19.2,16.4,17.2,1.8,1.8,10.0,16.6,True,open_meteo_historical_weather_api,2026-06-11T10:40:28Z
12,Sao Paulo,2024-05-16,3,21.1,28.8,15.4,21.2,0.0,0.0,0.0,21.9,False,open_meteo_historical_weather_api,2026-06-11T10:40:28Z
12,Sao Paulo,2024-05-17,3,23.3,29.6,18.6,22.5,0.0,0.0,0.0,27.5,False,open_meteo_historical_weather_api,2026-06-11T10:40:28Z
12,Sao Paulo,2024-05-18,3,21.3,29.2,15.1,21.6,0.0,0.0,0.0,22.2,False,open_meteo_historical_weather_api,2026-06-11T10:40:28Z
12,Sao Paulo,2024-05-19,51,20.4,24.3,18.5,21.6,0.5,0.5,5.0,17.9,True,open_meteo_historical_weather_api,2026-06-11T10:40:28Z
12,Sao Paulo,2024-05-20,51,20.0,25.4,17.2,21.3,1.2,1.2,5.0,19.7,True,open_meteo_historical_weather_api,2026-06-11T10:40:28Z
12,Sao Paulo,2024-05-21,3,19.0,24.5,16.2,19.2,0.0,0.0,0.0,16.4,False,open_meteo_historical_weather_api,2026-06-11T10:40:28Z
12,Sao Paulo,2024-05-22,3,20.8,27.5,16.5,21.8,0.0,0.0,0.0,14.3,False,open_meteo_historical_weather_api,2026-06-11T10:40:28Z
12,Sao Paulo,2024-05-23,2,20.9,27.2,15.3,19.4,0.0,0.0,0.0,23.1,False,open_meteo_historical_weather_api,2026-06-11T10:40:28Z
12,Sao Paulo,2024-05-24,51,20.6,25.5,17.7,18.8,0.5,0.5,3.0,32.0,True,open_meteo_historical_weather_api,2026-06-11T10:40:28Z
12,Sao Paulo,2024-05-25,51,17.1,21.0,14.1,16.2,0.3,0.3,2.0,24.2,True,open_meteo_historical_weather_api,2026-06-11T10:40:28Z
12,Sao Paulo,2024-05-26,63,15.4,18.0,13.8,14.2,12.0,12.0,11.0,18.4,True,open_meteo_historical_weather_api,2026-06-11T10:40:28Z
12,Sao Paulo,2024-05-27,63,17.3,21.7,14.9,17.4,18.7,18.7,15.0,21.7,True,open_meteo_historical_weather_api,2026-06-11T10:40:28Z
12,Sao Paulo,2024-05-28,51,17.3,19.0,12.6,15.4,0.1,0.1,1.0,33.9,True,open_meteo_historical_weather_api,2026-06-11T10:40:28Z
12,Sao Paulo,2024-05-29,1,12.6,18.6,8.4,10.9,0.0,0.0,0.0,16.9,False,open_meteo_historical_weather_api,2026-06-11T10:40:28Z
12,Sao Paulo,2024-05-30,3,12.4,18.0,7.4,11.1,0.0,0.0,0.0,18.4,False,open_meteo_historical_weather_api,2026-06-11T10:40:28Z
12,Sao Paulo,2024-05-31,3,14.4,19.4,11.2,13.0,0.0,0.0,0.0,19.5,False,open_meteo_historical_weather_api,2026-06-11T10:40:28Z
12,Sao Paulo,2024-06-01,3,15.4,22.0,11.1,14.7,0.0,0.0,0.0,15.8,False,open_meteo_historical_weather_api,2026-06-11T10:40:28Z
12,Sao Paulo,2024-06-02,3,16.1,24.2,9.1,15.3,0.0,0.0,0.0,13.5,False,open_meteo_historical_weather_api,2026-06-11T10:40:28Z
12,Sao Paulo,2024-06-03,3,16.9,23.2,11.0,16.5,0.0,0.0,0.0,17.9,False,open_meteo_historical_weather_api,2026-06-11T10:40:28Z
12,Sao Paulo,2024-06-04,51,15.9,17.0,14.6,14.9,0.4,0.4,3.0,24.7,True,open_meteo_historical_weather_api,2026-06-11T10:40:28Z
12,Sao Paulo,2024-06-05,51,17.1,21.8,14.3,17.0,0.3,0.3,3.0,15.9,True,open_meteo_historical_weather_api,2026-06-11T10:40:28Z
12,Sao Paulo,2024-06-06,3,16.4,24.0,10.4,16.6,0.0,0.0,0.0,11.7,False,open_meteo_historical_weather_api,2026-06-11T10:40:28Z
12,Sao Paulo,2024-06-07,3,16.7,24.4,11.3,16.6,0.0,0.0,0.0,10.5,False,open_meteo_historical_weather_api,2026-06-11T10:40:28Z
12,Sao Paulo,2024-06-08,2,17.5,24.6,11.0,17.4,0.0,0.0,0.0,10.8,False,open_meteo_historical_weather_api,2026-06-11T10:40:28Z
12,Sao Paulo,2024-06-09,3,18.0,26.4,10.4,17.1,0.0,0.0,0.0,18.3,False,open_meteo_historical_weather_api,2026-06-11T10:40:28Z
12,Sao Paulo,2024-06-10,3,19.7,26.4,13.6,18.8,0.0,0.0,0.0,19.5,False,open_meteo_historical_weather_api,2026-06-11T10:40:28Z
12,Sao Paulo,2024-06-11,3,17.8,25.3,11.4,17.8,0.0,0.0,0.0,13.9,False,open_meteo_historical_weather_api,2026-06-11T10:40:28Z
12,Sao Paulo,2024-06-12,1,18.1,26.2,11.3,17.6,0.0,0.0,0.0,11.4,False,open_meteo_historical_weather_api,2026-06-11T10:40:28Z
12,Sao Paulo,2024-06-13,3,17.3,25.7,10.1,15.8,0.0,0.0,0.0,21.6,False,open_meteo_historical_weather_api,2026-06-11T10:40:28Z
12,Sao Paulo,2024-06-14,3,19.5,26.4,15.2,16.8,0.0,0.0,0.0,26.1,False,open_meteo_historical_weather_api,2026-06-11T10:40:28Z
12,Sao Paulo,2024-06-15,3,20.2,26.8,14.4,18.7,0.0,0.0,0.0,23.5,False,open_meteo_historical_weather_api,2026-06-11T10:40:28Z
12,Sao Paulo,2024-06-16,3,19.2,26.7,12.4,18.6,0.0,0.0,0.0,14.4,False,open_meteo_historical_weather_api,2026-06-11T10:40:28Z
12,Sao Paulo,2024-06-17,3,20.1,25.9,15.3,17.5,0.0,0.0,0.0,24.7,False,open_meteo_historical_weather_api,2026-06-11T10:40:28Z
12,Sao Paulo,2024-06-18,3,18.8,25.0,14.2,16.1,0.0,0.0,0.0,26.3,False,open_meteo_historical_weather_api,2026-06-11T10:40:28Z
12,Sao Paulo,2024-06-19,1,18.6,25.8,13.1,16.2,0.0,0.0,0.0,26.2,False,open_meteo_historical_weather_api,2026-06-11T10:40:28Z
12,Sao Paulo,2024-06-20,2,17.3,25.9,9.5,16.4,0.0,0.0,0.0,12.7,False,open_meteo_historical_weather_api,2026-06-11T10:40:28Z
12,Sao Paulo,2024-06-21,3,17.1,25.2,11.4,16.1,0.0,0.0,0.0,13.4,False,open_meteo_historical_weather_api,2026-06-11T10:40:28Z
12,Sao Paulo,2024-06-22,3,18.6,26.1,11.1,16.6,0.0,0.0,0.0,25.7,False,open_meteo_historical_weather_api,2026-06-11T10:40:28Z
12,Sao Paulo,2024-06-23,3,21.1,27.2,15.9,19.2,0.0,0.0,0.0,25.6,False,open_meteo_historical_weather_api,2026-06-11T10:40:28Z
12,Sao Paulo,2024-06-24,3,20.5,27.3,14.1,19.0,0.0,0.0,0.0,26.0,False,open_meteo_historical_weather_api,2026-06-11T10:40:28Z
12,Sao Paulo,2024-06-25,51,17.8,20.8,16.2,17.8,1.0,1.0,7.0,18.9,True,open_meteo_historical_weather_api,2026-06-11T10:40:28Z
12,Sao Paulo,2024-06-26,3,21.1,27.6,15.5,20.0,0.0,0.0,0.0,31.2,False,open_meteo_historical_weather_api,2026-06-11T10:40:28Z
12,Sao Paulo,2024-06-27,53,19.1,23.2,15.9,19.2,1.4,1.4,5.0,22.8,True,open_meteo_historical_weather_api,2026-06-11T10:40:28Z
12,Sao Paulo,2024-06-28,3,19.7,25.5,14.4,18.6,0.0,0.0,0.0,30.0,False,open_meteo_historical_weather_api,2026-06-11T10:40:28Z
12,Sao Paulo,2024-06-29,53,18.1,25.2,14.6,17.9,2.6,2.6,10.0,18.7,True,open_meteo_historical_weather_api,2026-06-11T10:40:28Z
12,Sao Paulo,2024-06-30,51,13.7,15.6,11.9,12.0,0.8,0.8,7.0,17.9,True,open_meteo_historical_weather_api,2026-06-11T10:40:28Z
12,Sao Paulo,2024-07-01,51,13.7,17.8,11.4,12.8,0.1,0.1,1.0,16.5,True,open_meteo_historical_weather_api,2026-06-11T10:40:28Z
12,Sao Paulo,2024-07-02,3,15.8,24.1,11.1,15.2,0.0,0.0,0.0,11.0,False,open_meteo_historical_weather_api,2026-06-11T10:40:28Z
12,Sao Paulo,2024-07-03,1,17.1,25.4,10.0,16.0,0.0,0.0,0.0,18.3,False,open_meteo_historical_weather_api,2026-06-11T10:40:28Z
12,Sao Paulo,2024-07-04,3,18.3,25.8,11.1,17.3,0.0,0.0,0.0,13.8,False,open_meteo_historical_weather_api,2026-06-11T10:40:28Z
12,Sao Paulo,2024-07-05,3,17.9,26.0,10.6,16.6,0.0,0.0,0.0,16.7,False,open_meteo_historical_weather_api,2026-06-11T10:40:28Z
12,Sao Paulo,2024-07-06,51,16.6,21.9,14.6,15.9,0.2,0.2,2.0,18.8,True,open_meteo_historical_weather_api,2026-06-11T10:40:28Z
12,Sao Paulo,2024-07-07,3,17.7,26.2,13.2,17.0,0.0,0.0,0.0,23.4,False,open_meteo_historical_weather_api,2026-06-11T10:40:28Z
12,Sao Paulo,2024-07-08,55,14.9,18.6,12.9,13.7,2.7,2.7,8.0,17.8,True,open_meteo_historical_weather_api,2026-06-11T10:40:28Z
12,Sao Paulo,2024-07-09,63,13.4,14.6,12.3,13.3,27.4,27.4,19.0,10.7,True,open_meteo_historical_weather_api,2026-06-11T10:40:28Z
12,Sao Paulo,2024-07-10,61,16.7,21.5,13.1,16.4,6.4,6.4,9.0,24.3,True,open_meteo_historical_weather_api,2026-06-11T10:40:28Z
12,Sao Paulo,2024-07-11,3,18.1,24.5,13.4,19.1,0.0,0.0,0.0,14.3,False,open_meteo_historical_weather_api,2026-06-11T10:40:28Z
12,Sao Paulo,2024-07-12,51,16.4,20.2,14.6,15.7,0.4,0.4,2.0,23.9,True,open_meteo_historical_weather_api,2026-06-11T10:40:28Z
12,Sao Paulo,2024-07-13,3,13.7,14.9,12.4,12.1,0.0,0.0,0.0,20.5,False,open_meteo_historical_weather_api,2026-06-11T10:40:28Z
12,Sao Paulo,2024-07-14,3,17.1,24.1,13.4,16.5,0.0,0.0,0.0,19.1,False,open_meteo_historical_weather_api,2026-06-11T10:40:28Z
12,Sao Paulo,2024-07-15,51,16.0,20.5,13.8,16.0,0.2,0.2,2.0,16.7,True,open_meteo_historical_weather_api,2026-06-11T10:40:28Z
12,Sao Paulo,2024-07-16,3,16.2,21.3,13.7,16.1,0.0,0.0,0.0,19.1,False,open_meteo_historical_weather_api,2026-06-11T10:40:28Z
12,Sao Paulo,2024-07-17,3,16.4,22.4,12.2,16.9,0.0,0.0,0.0,9.0,False,open_meteo_historical_weather_api,2026-06-11T10:40:28Z
12,Sao Paulo,2024-07-18,3,15.7,22.8,11.8,15.6,0.0,0.0,0.0,23.9,False,open_meteo_historical_weather_api,2026-06-11T10:40:28Z
12,Sao Paulo,2024-07-19,3,14.0,20.0,10.4,13.5,0.0,0.0,0.0,10.0,False,open_meteo_historical_weather_api,2026-06-11T10:40:28Z
12,Sao Paulo,2024-07-20,3,13.7,19.9,9.2,12.9,0.0,0.0,0.0,13.6,False,open_meteo_historical_weather_api,2026-06-11T10:40:28Z
12,Sao Paulo,2024-07-21,3,15.4,22.4,11.2,14.9,0.0,0.0,0.0,16.5,False,open_meteo_historical_weather_api,2026-06-11T10:40:28Z
12,Sao Paulo,2024-07-22,3,15.8,24.8,9.4,15.5,0.0,0.0,0.0,18.7,False,open_meteo_historical_weather_api,2026-06-11T10:40:28Z
12,Sao Paulo,2024-07-23,3,14.9,23.4,7.5,14.1,0.0,0.0,0.0,11.3,False,open_meteo_historical_weather_api,2026-06-11T10:40:28Z
12,Sao Paulo,2024-07-24,3,15.4,23.4,9.7,13.8,0.0,0.0,0.0,13.9,False,open_meteo_historical_weather_api,2026-06-11T10:40:28Z
12,Sao Paulo,2024-07-25,2,16.5,24.8,7.7,15.0,0.0,0.0,0.0,15.0,False,open_meteo_historical_weather_api,2026-06-11T10:40:28Z
12,Sao Paulo,2024-07-26,3,17.4,24.7,10.6,16.6,0.0,0.0,0.0,10.7,False,open_meteo_historical_weather_api,2026-06-11T10:40:28Z
12,Sao Paulo,2024-07-27,3,18.0,25.6,11.8,17.3,0.0,0.0,0.0,12.0,False,open_meteo_historical_weather_api,2026-06-11T10:40:28Z
12,Sao Paulo,2024-07-28,3,18.5,27.2,11.1,17.5,0.0,0.0,0.0,18.7,False,open_meteo_historical_weather_api,2026-06-11T10:40:28Z
12,Sao Paulo,2024-07-29,53,17.3,25.5,13.1,17.1,0.8,0.8,3.0,24.0,True,open_meteo_historical_weather_api,2026-06-11T10:40:28Z
12,Sao Paulo,2024-07-30,53,14.7,16.5,13.6,13.2,3.3,3.3,9.0,21.9,True,open_meteo_historical_weather_api,2026-06-11T10:40:28Z
12,Sao Paulo,2024-07-31,51,16.5,22.7,13.6,15.2,0.1,0.1,1.0,23.8,True,open_meteo_historical_weather_api,2026-06-11T10:40:28Z
12,Sao Paulo,2024-08-01,3,16.9,24.6,12.9,16.5,0.0,0.0,0.0,16.6,False,open_meteo_historical_weather_api,2026-06-11T10:40:28Z
12,Sao Paulo,2024-08-02,1,17.6,25.5,12.2,16.8,0.0,0.0,0.0,15.4,False,open_meteo_historical_weather_api,2026-06-11T10:40:28Z
12,Sao Paulo,2024-08-03,0,18.7,27.2,11.9,17.5,0.0,0.0,0.0,16.6,False,open_meteo_historical_weather_api,2026-06-11T10:40:28Z
12,Sao Paulo,2024-08-04,2,19.7,27.5,12.4,18.7,0.0,0.0,0.0,20.8,False,open_meteo_historical_weather_api,2026-06-11T10:40:28Z
12,Sao Paulo,2024-08-05,3,20.4,28.1,13.8,20.5,0.0,0.0,0.0,12.8,False,open_meteo_historical_weather_api,2026-06-11T10:40:28Z
12,Sao Paulo,2024-08-06,3,20.4,28.5,12.8,19.7,0.0,0.0,0.0,15.2,False,open_meteo_historical_weather_api,2026-06-11T10:40:28Z
12,Sao Paulo,2024-08-07,3,22.0,27.7,16.4,19.7,0.0,0.0,0.0,27.7,False,open_meteo_historical_weather_api,2026-06-11T10:40:28Z
12,Sao Paulo,2024-08-08,3,22.6,30.3,17.6,20.4,0.0,0.0,0.0,25.3,False,open_meteo_historical_weather_api,2026-06-11T10:40:28Z
12,Sao Paulo,2024-08-09,65,17.9,19.6,14.3,18.3,15.7,15.7,13.0,19.4,True,open_meteo_historical_weather_api,2026-06-11T10:40:28Z
12,Sao Paulo,2024-08-10,63,11.4,14.9,6.9,9.4,26.9,26.9,13.0,21.3,True,open_meteo_historical_weather_api,2026-06-11T10:40:28Z
12,Sao Paulo,2024-08-11,3,11.5,19.6,6.1,9.7,0.0,0.0,0.0,13.0,False,open_meteo_historical_weather_api,2026-06-11T10:40:28Z
12,Sao Paulo,2024-08-12,3,12.5,19.0,7.7,9.6,0.0,0.0,0.0,17.6,False,open_meteo_historical_weather_api,2026-06-11T10:40:28Z
12,Sao Paulo,2024-08-13,3,9.3,13.6,5.9,6.5,0.0,0.0,0.0,19.6,False,open_meteo_historical_weather_api,2026-06-11T10:40:28Z
12,Sao Paulo,2024-08-14,3,12.0,20.8,6.2,10.8,0.0,0.0,0.0,14.7,False,open_meteo_historical_weather_api,2026-06-11T10:40:28Z
12,Sao Paulo,2024-08-15,3,16.2,27.0,8.9,15.6,0.0,0.0,0.0,11.7,False,open_meteo_historical_weather_api,2026-06-11T10:40:28Z
12,Sao Paulo,2024-08-16,0,19.0,28.5,10.1,18.9,0.0,0.0,0.0,11.2,False,open_meteo_historical_weather_api,2026-06-11T10:40:28Z
12,Sao Paulo,2024-08-17,0,20.0,29.3,12.4,19.6,0.0,0.0,0.0,10.9,False,open_meteo_historical_weather_api,2026-06-11T10:40:28Z
12,Sao Paulo,2024-08-18,0,20.3,29.6,11.7,19.2,0.0,0.0,0.0,11.8,False,open_meteo_historical_weather_api,2026-06-11T10:40:28Z
12,Sao Paulo,2024-08-19,0,20.1,29.6,10.9,19.0,0.0,0.0,0.0,15.3,False,open_meteo_historical_weather_api,2026-06-11T10:40:28Z
12,Sao Paulo,2024-08-20,3,18.9,29.0,12.9,18.6,0.0,0.0,0.0,20.3,False,open_meteo_historical_weather_api,2026-06-11T10:40:28Z
12,Sao Paulo,2024-08-21,3,19.2,27.9,14.6,19.0,0.0,0.0,0.0,17.3,False,open_meteo_historical_weather_api,2026-06-11T10:40:28Z
12,Sao Paulo,2024-08-22,0,21.0,30.5,12.4,19.4,0.0,0.0,0.0,21.0,False,open_meteo_historical_weather_api,2026-06-11T10:40:28Z
12,Sao Paulo,2024-08-23,3,23.2,31.9,14.4,20.5,0.0,0.0,0.0,28.0,False,open_meteo_historical_weather_api,2026-06-11T10:40:28Z
12,Sao Paulo,2024-08-24,61,16.9,22.4,14.6,16.5,5.8,5.8,7.0,31.6,True,open_meteo_historical_weather_api,2026-06-11T10:40:28Z
12,Sao Paulo,2024-08-25,61,12.2,14.2,9.2,10.3,7.0,7.0,20.0,18.0,True,open_meteo_historical_weather_api,2026-06-11T10:40:28Z
12,Sao Paulo,2024-08-26,3,9.9,15.1,4.6,7.6,0.0,0.0,0.0,16.6,False,open_meteo_historical_weather_api,2026-06-11T10:40:28Z
12,Sao Paulo,2024-08-27,2,9.1,17.7,2.8,6.2,0.0,0.0,0.0,22.2,False,open_meteo_historical_weather_api,2026-06-11T10:40:28Z
12,Sao Paulo,2024-08-28,3,12.2,19.9,6.6,10.4,0.0,0.0,0.0,19.5,False,open_meteo_historical_weather_api,2026-06-11T10:40:28Z
12,Sao Paulo,2024-08-29,3,16.5,25.7,11.1,16.3,0.0,0.0,0.0,14.8,False,open_meteo_historical_weather_api,2026-06-11T10:40:28Z
12,Sao Paulo,2024-08-30,3,18.1,27.3,10.4,18.3,0.0,0.0,0.0,10.1,False,open_meteo_historical_weather_api,2026-06-11T10:40:28Z
12,Sao Paulo,2024-08-31,2,18.0,27.5,10.4,17.5,0.0,0.0,0.0,15.6,False,open_meteo_historical_weather_api,2026-06-11T10:40:28Z
12,Sao Paulo,2024-09-01,3,20.9,30.7,11.9,19.5,0.0,0.0,0.0,20.2,False,open_meteo_historical_weather_api,2026-06-11T10:40:28Z
12,Sao Paulo,2024-09-02,3,18.8,27.9,13.8,18.5,0.0,0.0,0.0,25.9,False,open_meteo_historical_weather_api,2026-06-11T10:40:28Z
12,Sao Paulo,2024-09-03,3,20.4,31.0,13.9,21.1,0.0,0.0,0.0,21.9,False,open_meteo_historical_weather_api,2026-06-11T10:40:28Z
12,Sao Paulo,2024-09-04,0,22.3,31.4,14.8,21.0,0.0,0.0,0.0,23.7,False,open_meteo_historical_weather_api,2026-06-11T10:40:28Z
12,Sao Paulo,2024-09-05,51,19.4,24.9,15.4,18.2,0.1,0.1,1.0,25.6,True,open_meteo_historical_weather_api,2026-06-11T10:40:28Z
12,Sao Paulo,2024-09-06,51,17.6,22.8,15.1,16.5,0.2,0.2,2.0,22.5,True,open_meteo_historical_weather_api,2026-06-11T10:40:28Z
12,Sao Paulo,2024-09-07,3,22.8,32.3,15.9,23.5,0.0,0.0,0.0,11.9,False,open_meteo_historical_weather_api,2026-06-11T10:40:28Z
12,Sao Paulo,2024-09-08,2,24.0,32.4,14.9,24.0,0.0,0.0,0.0,13.0,False,open_meteo_historical_weather_api,2026-06-11T10:40:28Z
12,Sao Paulo,2024-09-09,0,23.5,32.7,15.3,23.1,0.0,0.0,0.0,19.4,False,open_meteo_historical_weather_api,2026-06-11T10:40:28Z
12,Sao Paulo,2024-09-10,3,23.6,32.3,13.7,22.6,0.0,0.0,0.0,20.0,False,open_meteo_historical_weather_api,2026-06-11T10:40:28Z
12,Sao Paulo,2024-09-11,3,25.0,32.5,17.1,23.1,0.0,0.0,0.0,17.4,False,open_meteo_historical_weather_api,2026-06-11T10:40:28Z
12,Sao Paulo,2024-09-12,0,25.5,32.8,18.6,23.3,0.0,0.0,0.0,19.9,False,open_meteo_historical_weather_api,2026-06-11T10:40:28Z
12,Sao Paulo,2024-09-13,3,25.3,33.5,16.4,23.3,0.0,0.0,0.0,19.6,False,open_meteo_historical_weather_api,2026-06-11T10:40:28Z
12,Sao Paulo,2024-09-14,3,24.3,33.2,19.6,22.8,0.0,0.0,0.0,25.4,False,open_meteo_historical_weather_api,2026-06-11T10:40:28Z
12,Sao Paulo,2024-09-15,53,18.4,21.0,17.0,17.2,1.6,1.6,9.0,26.1,True,open_meteo_historical_weather_api,2026-06-11T10:40:28Z
12,Sao Paulo,2024-09-16,55,16.5,18.0,14.4,15.9,10.3,10.3,19.0,23.5,True,open_meteo_historical_weather_api,2026-06-11T10:40:28Z
12,Sao Paulo,2024-09-17,51,15.5,19.1,13.2,13.3,0.5,0.5,4.0,27.0,True,open_meteo_historical_weather_api,2026-06-11T10:40:28Z
12,Sao Paulo,2024-09-18,3,16.5,21.8,13.6,15.3,0.0,0.0,0.0,24.4,False,open_meteo_historical_weather_api,2026-06-11T10:40:28Z
12,Sao Paulo,2024-09-19,3,18.9,26.9,14.3,19.7,0.0,0.0,0.0,19.8,False,open_meteo_historical_weather_api,2026-06-11T10:40:28Z
12,Sao Paulo,2024-09-20,3,22.5,32.5,14.8,22.8,0.0,0.0,0.0,23.1,False,open_meteo_historical_weather_api,2026-06-11T10:40:28Z
12,Sao Paulo,2024-09-21,51,20.8,27.5,16.4,22.2,0.5,0.5,2.0,19.1,True,open_meteo_historical_weather_api,2026-06-11T10:40:28Z
12,Sao Paulo,2024-09-22,3,21.7,30.7,15.6,23.3,0.0,0.0,0.0,19.0,False,open_meteo_historical_weather_api,2026-06-11T10:40:28Z
12,Sao Paulo,2024-09-23,0,22.4,32.0,14.6,23.2,0.0,0.0,0.0,26.5,False,open_meteo_historical_weather_api,2026-06-11T10:40:28Z
12,Sao Paulo,2024-09-24,1,22.1,32.7,15.4,23.4,0.0,0.0,0.0,23.0,False,open_meteo_historical_weather_api,2026-06-11T10:40:28Z
12,Sao Paulo,2024-09-25,3,25.0,34.7,16.7,25.8,0.0,0.0,0.0,20.2,False,open_meteo_historical_weather_api,2026-06-11T10:40:28Z
12,Sao Paulo,2024-09-26,3,26.7,35.6,17.9,26.9,0.0,0.0,0.0,15.5,False,open_meteo_historical_weather_api,2026-06-11T10:40:28Z
12,Sao Paulo,2024-09-27,53,20.4,27.5,15.9,20.4,2.0,2.0,11.0,27.7,True,open_meteo_historical_weather_api,2026-06-11T10:40:28Z
12,Sao Paulo,2024-09-28,3,17.8,22.9,14.8,15.9,0.0,0.0,0.0,24.2,False,open_meteo_historical_weather_api,2026-06-11T10:40:28Z
12,Sao Paulo,2024-09-29,3,19.3,28.0,15.4,19.1,0.0,0.0,0.0,25.0,False,open_meteo_historical_weather_api,2026-06-11T10:40:28Z
12,Sao Paulo,2024-09-30,3,21.6,32.0,15.1,22.4,0.0,0.0,0.0,25.1,False,open_meteo_historical_weather_api,2026-06-11T10:40:28Z
12,Sao Paulo,2024-10-01,3,25.9,34.3,16.5,25.1,0.0,0.0,0.0,21.3,False,open_meteo_historical_weather_api,2026-06-11T10:40:28Z
12,Sao Paulo,2024-10-02,3,25.6,36.2,18.8,24.5,0.0,0.0,0.0,24.6,False,open_meteo_historical_weather_api,2026-06-11T10:40:28Z
12,Sao Paulo,2024-10-03,63,18.9,22.1,15.2,18.0,10.9,10.9,15.0,32.7,True,open_meteo_historical_weather_api,2026-06-11T10:40:28Z
12,Sao Paulo,2024-10-04,63,15.9,18.8,14.4,14.3,12.1,12.1,10.0,24.8,True,open_meteo_historical_weather_api,2026-06-11T10:40:28Z
12,Sao Paulo,2024-10-05,51,17.4,23.0,14.3,16.6,0.3,0.3,3.0,22.6,True,open_meteo_historical_weather_api,2026-06-11T10:40:28Z
12,Sao Paulo,2024-10-06,3,17.6,25.1,13.6,17.8,0.0,0.0,0.0,22.5,False,open_meteo_historical_weather_api,2026-06-11T10:40:28Z
12,Sao Paulo,2024-10-07,3,18.0,26.0,13.4,17.5,0.0,0.0,0.0,21.2,False,open_meteo_historical_weather_api,2026-06-11T10:40:28Z
12,Sao Paulo,2024-10-08,3,20.0,34.3,13.4,20.8,0.0,0.0,0.0,22.1,False,open_meteo_historical_weather_api,2026-06-11T10:40:28Z
12,Sao Paulo,2024-10-09,51,18.1,23.3,13.6,17.5,0.5,0.5,2.0,27.2,True,open_meteo_historical_weather_api,2026-06-11T10:40:28Z
12,Sao Paulo,2024-10-10,61,20.0,27.5,16.7,21.2,9.2,9.2,16.0,16.9,True,open_meteo_historical_weather_api,2026-06-11T10:40:28Z
12,Sao Paulo,2024-10-11,55,22.0,28.0,18.8,23.2,6.2,6.2,17.0,29.0,True,open_meteo_historical_weather_api,2026-06-11T10:40:28Z
12,Sao Paulo,2024-10-12,51,21.3,27.0,16.4,21.1,2.4,2.4,14.0,34.2,True,open_meteo_historical_weather_api,2026-06-11T10:40:28Z
12,Sao Paulo,2024-10-13,51,18.9,25.3,16.1,18.3,0.1,0.1,1.0,28.3,True,open_meteo_historical_weather_api,2026-06-11T10:40:28Z
12,Sao Paulo,2024-10-14,51,18.5,24.4,15.5,17.7,0.2,0.2,2.0,24.8,True,open_meteo_historical_weather_api,2026-06-11T10:40:28Z
12,Sao Paulo,2024-10-15,3,19.7,27.4,14.6,20.3,0.0,0.0,0.0,21.9,False,open_meteo_historical_weather_api,2026-06-11T10:40:28Z
12,Sao Paulo,2024-10-16,53,21.0,28.0,14.8,22.3,1.0,1.0,4.0,21.6,True,open_meteo_historical_weather_api,2026-06-11T10:40:28Z
12,Sao Paulo,2024-10-17,3,20.6,29.6,16.1,22.1,0.0,0.0,0.0,23.6,False,open_meteo_historical_weather_api,2026-06-11T10:40:28Z
12,Sao Paulo,2024-10-18,3,19.6,28.0,15.0,20.5,0.0,0.0,0.0,27.1,False,open_meteo_historical_weather_api,2026-06-11T10:40:28Z
12,Sao Paulo,2024-10-19,61,17.3,19.2,14.1,16.8,6.8,6.8,14.0,25.0,True,open_meteo_historical_weather_api,2026-06-11T10:40:28Z
12,Sao Paulo,2024-10-20,61,16.8,20.2,14.1,16.0,9.5,9.5,16.0,21.7,True,open_meteo_historical_weather_api,2026-06-11T10:40:28Z
12,Sao Paulo,2024-10-21,51,20.6,25.9,16.9,21.1,0.7,0.7,5.0,21.1,True,open_meteo_historical_weather_api,2026-06-11T10:40:28Z
12,Sao Paulo,2024-10-22,63,22.7,29.1,17.1,25.2,4.1,4.1,4.0,17.8,True,open_meteo_historical_weather_api,2026-06-11T10:40:28Z
12,Sao Paulo,2024-10-23,63,22.5,27.3,19.2,25.6,8.7,8.7,11.0,10.0,True,open_meteo_historical_weather_api,2026-06-11T10:40:28Z
12,Sao Paulo,2024-10-24,63,23.6,28.2,20.2,25.0,12.4,12.4,9.0,30.9,True,open_meteo_historical_weather_api,2026-06-11T10:40:28Z
12,Sao Paulo,2024-10-25,63,22.9,26.1,20.5,22.3,5.0,5.0,6.0,42.6,True,open_meteo_historical_weather_api,2026-06-11T10:40:28Z
12,Sao Paulo,2024-10-26,61,22.1,28.5,17.7,22.9,3.2,3.2,5.0,26.3,True,open_meteo_historical_weather_api,2026-06-11T10:40:28Z
12,Sao Paulo,2024-10-27,55,17.4,19.2,16.1,16.1,1.9,1.9,5.0,24.0,True,open_meteo_historical_weather_api,2026-06-11T10:40:28Z
12,Sao Paulo,2024-10-28,3,18.3,22.0,14.9,18.4,0.0,0.0,0.0,16.9,False,open_meteo_historical_weather_api,2026-06-11T10:40:28Z
12,Sao Paulo,2024-10-29,51,18.9,23.4,15.9,19.7,0.7,0.7,5.0,21.0,True,open_meteo_historical_weather_api,2026-06-11T10:40:28Z
12,Sao Paulo,2024-10-30,3,19.2,24.7,15.6,19.7,0.0,0.0,0.0,23.2,False,open_meteo_historical_weather_api,2026-06-11T10:40:28Z
12,Sao Paulo,2024-10-31,51,18.4,24.6,13.9,18.6,0.5,0.5,4.0,22.9,True,open_meteo_historical_weather_api,2026-06-11T10:40:28Z
12,Sao Paulo,2024-11-01,53,19.8,27.6,14.7,20.6,0.8,0.8,2.0,20.0,True,open_meteo_historical_weather_api,2026-06-11T10:40:28Z
12,Sao Paulo,2024-11-02,65,21.4,29.1,17.5,23.2,14.2,14.2,8.0,20.9,True,open_meteo_historical_weather_api,2026-06-11T10:40:28Z
12,Sao Paulo,2024-11-03,61,20.1,22.0,19.0,21.8,15.7,15.7,23.0,17.1,True,open_meteo_historical_weather_api,2026-06-11T10:40:28Z
12,Sao Paulo,2024-11-04,55,20.8,23.8,18.6,22.3,7.6,7.6,17.0,15.7,True,open_meteo_historical_weather_api,2026-06-11T10:40:28Z
12,Sao Paulo,2024-11-05,65,21.3,26.0,18.2,23.9,32.9,32.9,12.0,13.4,True,open_meteo_historical_weather_api,2026-06-11T10:40:28Z
12,Sao Paulo,2024-11-06,63,21.8,25.9,19.1,24.2,26.2,26.2,21.0,17.2,True,open_meteo_historical_weather_api,2026-06-11T10:40:28Z
12,Sao Paulo,2024-11-07,63,20.8,23.7,19.1,21.4,16.6,16.6,14.0,29.2,True,open_meteo_historical_weather_api,2026-06-11T10:40:28Z
12,Sao Paulo,2024-11-08,63,19.9,22.4,17.6,20.5,42.3,42.3,22.0,26.0,True,open_meteo_historical_weather_api,2026-06-11T10:40:28Z
12,Sao Paulo,2024-11-09,51,18.3,21.0,15.4,18.3,0.8,0.8,8.0,20.7,True,open_meteo_historical_weather_api,2026-06-11T10:40:28Z
12,Sao Paulo,2024-11-10,51,17.1,22.2,13.1,17.1,0.2,0.2,2.0,20.2,True,open_meteo_historical_weather_api,2026-06-11T10:40:28Z
12,Sao Paulo,2024-11-11,3,20.0,27.2,12.9,20.9,0.0,0.0,0.0,18.5,False,open_meteo_historical_weather_api,2026-06-11T10:40:28Z
12,Sao Paulo,2024-11-12,61,21.5,30.4,15.1,22.2,3.3,3.3,8.0,16.2,True,open_meteo_historical_weather_api,2026-06-11T10:40:28Z
12,Sao Paulo,2024-11-13,63,17.6,20.5,15.4,17.7,11.0,11.0,13.0,13.0,True,open_meteo_historical_weather_api,2026-06-11T10:40:28Z
12,Sao Paulo,2024-11-14,51,17.7,21.3,14.4,17.8,0.1,0.1,1.0,12.5,True,open_meteo_historical_weather_api,2026-06-11T10:40:28Z
12,Sao Paulo,2024-11-15,53,20.2,26.5,16.4,21.4,1.8,1.8,6.0,13.1,True,open_meteo_historical_weather_api,2026-06-11T10:40:28Z
12,Sao Paulo,2024-11-16,63,20.8,24.0,18.6,23.3,15.8,15.8,17.0,8.9,True,open_meteo_historical_weather_api,2026-06-11T10:40:28Z
12,Sao Paulo,2024-11-17,51,21.0,26.0,17.2,23.5,0.3,0.3,3.0,11.3,True,open_meteo_historical_weather_api,2026-06-11T10:40:28Z
12,Sao Paulo,2024-11-18,3,23.1,29.4,16.9,25.4,0.0,0.0,0.0,10.4,False,open_meteo_historical_weather_api,2026-06-11T10:40:28Z
12,Sao Paulo,2024-11-19,51,23.1,30.1,18.0,24.7,0.2,0.2,2.0,15.1,True,open_meteo_historical_weather_api,2026-06-11T10:40:28Z
12,Sao Paulo,2024-11-20,51,24.0,31.5,17.9,25.8,0.6,0.6,5.0,11.3,True,open_meteo_historical_weather_api,2026-06-11T10:40:28Z
12,Sao Paulo,2024-11-21,53,21.9,26.5,19.1,23.0,1.5,1.5,6.0,16.6,True,open_meteo_historical_weather_api,2026-06-11T10:40:28Z
12,Sao Paulo,2024-11-22,51,20.7,23.2,18.8,21.2,1.2,1.2,7.0,13.4,True,open_meteo_historical_weather_api,2026-06-11T10:40:28Z
12,Sao Paulo,2024-11-23,53,19.9,23.6,17.4,20.4,1.3,1.3,6.0,17.3,True,open_meteo_historical_weather_api,2026-06-11T10:40:28Z
12,Sao Paulo,2024-11-24,3,19.0,24.1,15.4,18.7,0.0,0.0,0.0,14.4,False,open_meteo_historical_weather_api,2026-06-11T10:40:28Z
12,Sao Paulo,2024-11-25,51,21.6,29.4,15.2,22.1,0.2,0.2,1.0,13.8,True,open_meteo_historical_weather_api,2026-06-11T10:40:28Z
12,Sao Paulo,2024-11-26,3,26.0,31.6,18.6,26.3,0.0,0.0,0.0,13.5,False,open_meteo_historical_weather_api,2026-06-11T10:40:28Z
12,Sao Paulo,2024-11-27,3,28.8,33.5,22.7,29.5,0.0,0.0,0.0,13.6,False,open_meteo_historical_weather_api,2026-06-11T10:40:28Z
12,Sao Paulo,2024-11-28,61,27.7,34.3,22.9,29.1,3.5,3.5,8.0,18.2,True,open_meteo_historical_weather_api,2026-06-11T10:40:28Z
12,Sao Paulo,2024-11-29,55,23.5,26.9,20.8,26.4,3.2,3.2,10.0,14.5,True,open_meteo_historical_weather_api,2026-06-11T10:40:28Z
12,Sao Paulo,2024-11-30,53,23.1,28.2,20.1,26.2,2.0,2.0,12.0,14.0,True,open_meteo_historical_weather_api,2026-06-11T10:40:28Z
12,Sao Paulo,2024-12-01,51,23.5,30.0,19.5,26.6,0.1,0.1,1.0,13.3,True,open_meteo_historical_weather_api,2026-06-11T10:40:28Z
12,Sao Paulo,2024-12-02,63,24.8,30.2,21.5,27.5,9.5,9.5,10.0,20.8,True,open_meteo_historical_weather_api,2026-06-11T10:40:28Z
12,Sao Paulo,2024-12-03,63,21.7,25.0,19.8,24.2,20.4,20.4,22.0,13.7,True,open_meteo_historical_weather_api,2026-06-11T10:40:28Z
12,Sao Paulo,2024-12-04,55,18.8,20.8,17.6,19.3,1.8,1.8,7.0,15.3,True,open_meteo_historical_weather_api,2026-06-11T10:40:28Z
12,Sao Paulo,2024-12-05,65,21.4,27.6,17.2,23.9,15.3,15.3,15.0,11.2,True,open_meteo_historical_weather_api,2026-06-11T10:40:28Z
12,Sao Paulo,2024-12-06,51,24.9,30.0,20.0,27.9,0.4,0.4,3.0,16.6,True,open_meteo_historical_weather_api,2026-06-11T10:40:28Z
12,Sao Paulo,2024-12-07,51,26.2,31.2,21.7,28.3,0.1,0.1,1.0,19.8,True,open_meteo_historical_weather_api,2026-06-11T10:40:28Z
12,Sao Paulo,2024-12-08,53,23.4,27.6,21.2,26.4,4.0,4.0,9.0,7.1,True,open_meteo_historical_weather_api,2026-06-11T10:40:28Z
12,Sao Paulo,2024-12-09,55,23.2,27.2,20.8,26.1,4.7,4.7,10.0,13.5,True,open_meteo_historical_weather_api,2026-06-11T10:40:28Z
12,Sao Paulo,2024-12-10,63,22.0,27.1,17.9,24.1,16.7,16.7,17.0,17.7,True,open_meteo_historical_weather_api,2026-06-11T10:40:28Z
12,Sao Paulo,2024-12-11,51,19.5,23.4,16.8,20.4,1.3,1.3,8.0,15.7,True,open_meteo_historical_weather_api,2026-06-11T10:40:28Z
12,Sao Paulo,2024-12-12,51,19.9,25.5,16.0,21.3,0.3,0.3,3.0,13.8,True,open_meteo_historical_weather_api,2026-06-11T10:40:28Z
12,Sao Paulo,2024-12-13,51,21.6,26.7,17.2,23.3,0.9,0.9,6.0,12.0,True,open_meteo_historical_weather_api,2026-06-11T10:40:28Z
12,Sao Paulo,2024-12-14,61,21.7,24.8,19.5,23.2,4.7,4.7,13.0,20.6,True,open_meteo_historical_weather_api,2026-06-11T10:40:28Z
12,Sao Paulo,2024-12-15,63,22.3,26.9,19.3,23.4,7.9,7.9,14.0,21.6,True,open_meteo_historical_weather_api,2026-06-11T10:40:28Z
12,Sao Paulo,2024-12-16,53,23.3,28.2,19.2,23.8,0.9,0.9,3.0,22.6,True,open_meteo_historical_weather_api,2026-06-11T10:40:28Z
12,Sao Paulo,2024-12-17,51,22.0,28.7,18.1,23.0,0.8,0.8,5.0,15.2,True,open_meteo_historical_weather_api,2026-06-11T10:40:28Z
12,Sao Paulo,2024-12-18,51,21.8,28.3,17.2,22.9,0.1,0.1,1.0,14.1,True,open_meteo_historical_weather_api,2026-06-11T10:40:28Z
12,Sao Paulo,2024-12-19,3,24.8,32.0,18.0,26.2,0.0,0.0,0.0,12.7,False,open_meteo_historical_weather_api,2026-06-11T10:40:28Z
12,Sao Paulo,2024-12-20,63,24.8,31.4,21.4,26.6,11.0,11.0,10.0,17.9,True,open_meteo_historical_weather_api,2026-06-11T10:40:28Z
12,Sao Paulo,2024-12-21,65,22.7,28.2,19.4,25.3,18.2,18.2,11.0,12.5,True,open_meteo_historical_weather_api,2026-06-11T10:40:28Z
12,Sao Paulo,2024-12-22,63,22.0,26.1,19.0,24.9,8.4,8.4,13.0,10.4,True,open_meteo_historical_weather_api,2026-06-11T10:40:28Z
12,Sao Paulo,2024-12-23,53,21.0,24.2,19.0,23.1,5.1,5.1,19.0,17.1,True,open_meteo_historical_weather_api,2026-06-11T10:40:28Z
12,Sao Paulo,2024-12-24,51,21.0,25.5,17.4,22.4,2.6,2.6,12.0,14.6,True,open_meteo_historical_weather_api,2026-06-11T10:40:28Z
12,Sao Paulo,2024-12-25,65,23.4,29.4,18.5,26.0,13.6,13.6,6.0,10.5,True,open_meteo_historical_weather_api,2026-06-11T10:40:28Z
12,Sao Paulo,2024-12-26,63,21.4,24.5,20.3,24.4,41.6,41.6,23.0,10.7,True,open_meteo_historical_weather_api,2026-06-11T10:40:28Z
12,Sao Paulo,2024-12-27,65,21.8,25.3,20.0,24.6,35.2,35.2,20.0,13.4,True,open_meteo_historical_weather_api,2026-06-11T10:40:28Z
12,Sao Paulo,2024-12-28,53,22.6,27.9,19.6,25.6,1.7,1.7,7.0,15.2,True,open_meteo_historical_weather_api,2026-06-11T10:40:28Z
12,Sao Paulo,2024-12-29,53,22.0,27.8,19.5,24.4,3.1,3.1,12.0,16.8,True,open_meteo_historical_weather_api,2026-06-11T10:40:28Z
12,Sao Paulo,2024-12-30,63,21.3,26.1,19.0,23.3,3.8,3.8,7.0,11.0,True,open_meteo_historical_weather_api,2026-06-11T10:40:28Z
12,Sao Paulo,2024-12-31,61,22.0,27.4,18.1,24.5,2.7,2.7,6.0,9.5,True,open_meteo_historical_weather_api,2026-06-11T10:40:28Z
13,Mumbai,2024-01-01,1,25.2,31.6,20.0,26.9,0.0,0.0,0.0,15.9,False,open_meteo_historical_weather_api,2026-06-11T10:40:28Z
13,Mumbai,2024-01-02,0,24.7,31.0,19.9,26.2,0.0,0.0,0.0,20.0,False,open_meteo_historical_weather_api,2026-06-11T10:40:28Z
13,Mumbai,2024-01-03,1,24.2,30.1,19.4,25.2,0.0,0.0,0.0,18.7,False,open_meteo_historical_weather_api,2026-06-11T10:40:28Z
13,Mumbai,2024-01-04,3,23.4,28.9,19.0,24.9,0.0,0.0,0.0,18.6,False,open_meteo_historical_weather_api,2026-06-11T10:40:28Z
13,Mumbai,2024-01-05,3,23.1,29.8,18.0,24.3,0.0,0.0,0.0,17.6,False,open_meteo_historical_weather_api,2026-06-11T10:40:28Z
13,Mumbai,2024-01-06,3,25.0,31.8,19.4,25.4,0.0,0.0,0.0,21.4,False,open_meteo_historical_weather_api,2026-06-11T10:40:28Z
13,Mumbai,2024-01-07,1,25.3,31.7,20.9,26.7,0.0,0.0,0.0,17.3,False,open_meteo_historical_weather_api,2026-06-11T10:40:28Z
13,Mumbai,2024-01-08,1,26.6,32.8,21.5,27.4,0.0,0.0,0.0,17.6,False,open_meteo_historical_weather_api,2026-06-11T10:40:28Z
13,Mumbai,2024-01-09,53,26.2,30.7,22.8,29.1,0.7,0.7,2.0,12.7,True,open_meteo_historical_weather_api,2026-06-11T10:40:28Z
13,Mumbai,2024-01-10,53,25.7,30.5,21.9,28.4,0.7,0.7,2.0,11.5,True,open_meteo_historical_weather_api,2026-06-11T10:40:28Z
13,Mumbai,2024-01-11,53,27.0,32.8,22.5,29.2,0.8,0.8,2.0,17.6,True,open_meteo_historical_weather_api,2026-06-11T10:40:28Z
13,Mumbai,2024-01-12,3,27.5,34.2,22.8,29.5,0.0,0.0,0.0,18.3,False,open_meteo_historical_weather_api,2026-06-11T10:40:28Z
13,Mumbai,2024-01-13,0,26.6,32.9,20.6,28.2,0.0,0.0,0.0,18.4,False,open_meteo_historical_weather_api,2026-06-11T10:40:28Z
13,Mumbai,2024-01-14,0,26.3,32.7,21.2,26.2,0.0,0.0,0.0,19.7,False,open_meteo_historical_weather_api,2026-06-11T10:40:28Z
13,Mumbai,2024-01-15,3,24.6,30.0,20.0,23.1,0.0,0.0,0.0,20.9,False,open_meteo_historical_weather_api,2026-06-11T10:40:28Z
13,Mumbai,2024-01-16,3,22.4,28.4,17.7,22.1,0.0,0.0,0.0,17.4,False,open_meteo_historical_weather_api,2026-06-11T10:40:28Z
13,Mumbai,2024-01-17,3,22.0,27.5,16.5,22.4,0.0,0.0,0.0,15.5,False,open_meteo_historical_weather_api,2026-06-11T10:40:28Z
13,Mumbai,2024-01-18,3,22.2,27.9,17.0,22.6,0.0,0.0,0.0,17.1,False,open_meteo_historical_weather_api,2026-06-11T10:40:28Z
13,Mumbai,2024-01-19,1,22.1,27.7,16.7,23.2,0.0,0.0,0.0,13.2,False,open_meteo_historical_weather_api,2026-06-11T10:40:28Z
13,Mumbai,2024-01-20,0,22.8,28.4,18.1,23.1,0.0,0.0,0.0,21.9,False,open_meteo_historical_weather_api,2026-06-11T10:40:28Z
13,Mumbai,2024-01-21,3,23.8,30.2,17.5,23.4,0.0,0.0,0.0,18.4,False,open_meteo_historical_weather_api,2026-06-11T10:40:28Z
13,Mumbai,2024-01-22,3,23.2,29.8,17.2,22.9,0.0,0.0,0.0,18.3,False,open_meteo_historical_weather_api,2026-06-11T10:40:28Z
13,Mumbai,2024-01-23,3,23.7,29.7,19.4,21.2,0.0,0.0,0.0,24.9,False,open_meteo_historical_weather_api,2026-06-11T10:40:28Z
13,Mumbai,2024-01-24,3,23.8,30.5,18.5,21.6,0.0,0.0,0.0,21.3,False,open_meteo_historical_weather_api,2026-06-11T10:40:28Z
13,Mumbai,2024-01-25,3,23.7,31.1,18.0,22.6,0.0,0.0,0.0,15.6,False,open_meteo_historical_weather_api,2026-06-11T10:40:28Z
13,Mumbai,2024-01-26,3,23.8,32.0,17.0,23.2,0.0,0.0,0.0,15.7,False,open_meteo_historical_weather_api,2026-06-11T10:40:28Z
13,Mumbai,2024-01-27,3,24.8,32.7,18.3,24.2,0.0,0.0,0.0,16.2,False,open_meteo_historical_weather_api,2026-06-11T10:40:28Z
13,Mumbai,2024-01-28,3,24.8,32.7,17.5,24.0,0.0,0.0,0.0,18.3,False,open_meteo_historical_weather_api,2026-06-11T10:40:28Z
13,Mumbai,2024-01-29,3,25.2,32.0,19.7,24.0,0.0,0.0,0.0,22.4,False,open_meteo_historical_weather_api,2026-06-11T10:40:28Z
13,Mumbai,2024-01-30,3,24.6,31.4,19.5,23.9,0.0,0.0,0.0,20.4,False,open_meteo_historical_weather_api,2026-06-11T10:40:28Z
13,Mumbai,2024-01-31,3,23.7,29.5,19.2,24.3,0.0,0.0,0.0,19.4,False,open_meteo_historical_weather_api,2026-06-11T10:40:28Z
13,Mumbai,2024-02-01,3,22.9,28.2,18.9,23.9,0.0,0.0,0.0,20.4,False,open_meteo_historical_weather_api,2026-06-11T10:40:28Z
13,Mumbai,2024-02-02,3,23.7,30.1,18.9,24.4,0.0,0.0,0.0,21.1,False,open_meteo_historical_weather_api,2026-06-11T10:40:28Z
13,Mumbai,2024-02-03,2,26.4,34.2,20.0,26.3,0.0,0.0,0.0,22.2,False,open_meteo_historical_weather_api,2026-06-11T10:40:28Z
13,Mumbai,2024-02-04,0,26.2,33.5,20.0,27.2,0.0,0.0,0.0,13.1,False,open_meteo_historical_weather_api,2026-06-11T10:40:28Z
13,Mumbai,2024-02-05,0,26.3,32.2,21.7,26.8,0.0,0.0,0.0,18.6,False,open_meteo_historical_weather_api,2026-06-11T10:40:28Z
13,Mumbai,2024-02-06,0,25.8,32.0,21.1,26.4,0.0,0.0,0.0,19.9,False,open_meteo_historical_weather_api,2026-06-11T10:40:28Z
13,Mumbai,2024-02-07,3,26.1,32.4,21.4,26.4,0.0,0.0,0.0,24.0,False,open_meteo_historical_weather_api,2026-06-11T10:40:28Z
13,Mumbai,2024-02-08,3,25.8,32.2,20.9,25.6,0.0,0.0,0.0,24.5,False,open_meteo_historical_weather_api,2026-06-11T10:40:28Z
13,Mumbai,2024-02-09,1,24.6,31.0,18.6,24.1,0.0,0.0,0.0,23.1,False,open_meteo_historical_weather_api,2026-06-11T10:40:28Z
13,Mumbai,2024-02-10,0,24.7,30.9,20.1,23.1,0.0,0.0,0.0,24.4,False,open_meteo_historical_weather_api,2026-06-11T10:40:28Z
13,Mumbai,2024-02-11,3,24.1,31.0,18.2,22.9,0.0,0.0,0.0,22.2,False,open_meteo_historical_weather_api,2026-06-11T10:40:28Z
13,Mumbai,2024-02-12,3,24.3,31.5,17.9,24.3,0.0,0.0,0.0,15.0,False,open_meteo_historical_weather_api,2026-06-11T10:40:28Z
13,Mumbai,2024-02-13,3,24.9,31.8,19.8,23.4,0.0,0.0,0.0,22.3,False,open_meteo_historical_weather_api,2026-06-11T10:40:28Z
13,Mumbai,2024-02-14,3,25.6,33.0,20.5,23.9,0.0,0.0,0.0,23.7,False,open_meteo_historical_weather_api,2026-06-11T10:40:28Z
13,Mumbai,2024-02-15,3,25.9,32.7,20.0,25.1,0.0,0.0,0.0,20.9,False,open_meteo_historical_weather_api,2026-06-11T10:40:28Z
13,Mumbai,2024-02-16,0,26.2,34.5,19.6,27.4,0.0,0.0,0.0,17.2,False,open_meteo_historical_weather_api,2026-06-11T10:40:28Z
13,Mumbai,2024-02-17,1,26.3,33.5,19.6,28.0,0.0,0.0,0.0,14.5,False,open_meteo_historical_weather_api,2026-06-11T10:40:28Z
13,Mumbai,2024-02-18,0,26.8,34.8,20.6,27.5,0.0,0.0,0.0,21.7,False,open_meteo_historical_weather_api,2026-06-11T10:40:28Z
13,Mumbai,2024-02-19,1,25.8,32.3,19.4,25.5,0.0,0.0,0.0,20.6,False,open_meteo_historical_weather_api,2026-06-11T10:40:28Z
13,Mumbai,2024-02-20,3,25.4,31.5,20.3,26.1,0.0,0.0,0.0,25.3,False,open_meteo_historical_weather_api,2026-06-11T10:40:28Z
13,Mumbai,2024-02-21,51,24.0,28.8,19.2,26.2,0.1,0.1,1.0,19.3,True,open_meteo_historical_weather_api,2026-06-11T10:40:28Z
13,Mumbai,2024-02-22,51,24.2,28.6,20.5,26.5,0.2,0.2,2.0,19.6,True,open_meteo_historical_weather_api,2026-06-11T10:40:28Z
13,Mumbai,2024-02-23,2,24.4,30.1,18.6,24.9,0.0,0.0,0.0,24.9,False,open_meteo_historical_weather_api,2026-06-11T10:40:28Z
13,Mumbai,2024-02-24,0,24.8,31.8,19.6,22.1,0.0,0.0,0.0,27.8,False,open_meteo_historical_weather_api,2026-06-11T10:40:28Z
13,Mumbai,2024-02-25,0,25.6,34.3,18.8,23.2,0.0,0.0,0.0,19.0,False,open_meteo_historical_weather_api,2026-06-11T10:40:28Z
13,Mumbai,2024-02-26,3,26.3,34.8,18.5,26.6,0.0,0.0,0.0,17.3,False,open_meteo_historical_weather_api,2026-06-11T10:40:28Z
13,Mumbai,2024-02-27,1,27.4,34.0,20.9,27.9,0.0,0.0,0.0,21.4,False,open_meteo_historical_weather_api,2026-06-11T10:40:28Z
13,Mumbai,2024-02-28,0,27.9,35.2,22.5,27.7,0.0,0.0,0.0,21.9,False,open_meteo_historical_weather_api,2026-06-11T10:40:28Z
13,Mumbai,2024-02-29,2,28.2,34.4,22.5,29.5,0.0,0.0,0.0,19.0,False,open_meteo_historical_weather_api,2026-06-11T10:40:28Z
13,Mumbai,2024-03-01,3,27.4,33.8,23.1,29.0,0.0,0.0,0.0,19.6,False,open_meteo_historical_weather_api,2026-06-11T10:40:28Z
13,Mumbai,2024-03-02,3,25.9,30.1,22.0,29.3,0.0,0.0,0.0,19.4,False,open_meteo_historical_weather_api,2026-06-11T10:40:28Z
13,Mumbai,2024-03-03,51,24.5,28.0,20.5,26.1,0.2,0.2,2.0,18.9,True,open_meteo_historical_weather_api,2026-06-11T10:40:28Z
13,Mumbai,2024-03-04,3,22.8,28.4,18.0,22.7,0.0,0.0,0.0,21.2,False,open_meteo_historical_weather_api,2026-06-11T10:40:28Z
13,Mumbai,2024-03-05,0,23.8,30.5,17.5,22.8,0.0,0.0,0.0,23.0,False,open_meteo_historical_weather_api,2026-06-11T10:40:28Z
13,Mumbai,2024-03-06,3,24.4,31.0,18.3,22.3,0.0,0.0,0.0,23.7,False,open_meteo_historical_weather_api,2026-06-11T10:40:28Z
13,Mumbai,2024-03-07,3,26.3,32.7,20.0,25.0,0.0,0.0,0.0,24.2,False,open_meteo_historical_weather_api,2026-06-11T10:40:28Z
13,Mumbai,2024-03-08,0,27.8,35.0,21.3,25.4,0.0,0.0,0.0,27.9,False,open_meteo_historical_weather_api,2026-06-11T10:40:28Z
13,Mumbai,2024-03-09,2,27.8,35.0,20.6,25.9,0.0,0.0,0.0,23.2,False,open_meteo_historical_weather_api,2026-06-11T10:40:28Z
13,Mumbai,2024-03-10,0,26.8,32.8,21.0,25.2,0.0,0.0,0.0,21.1,False,open_meteo_historical_weather_api,2026-06-11T10:40:28Z
13,Mumbai,2024-03-11,3,27.4,34.5,20.4,26.9,0.0,0.0,0.0,25.5,False,open_meteo_historical_weather_api,2026-06-11T10:40:28Z
13,Mumbai,2024-03-12,3,28.0,34.8,21.9,27.8,0.0,0.0,0.0,22.2,False,open_meteo_historical_weather_api,2026-06-11T10:40:28Z
13,Mumbai,2024-03-13,3,26.3,31.5,21.6,27.7,0.0,0.0,0.0,24.2,False,open_meteo_historical_weather_api,2026-06-11T10:40:28Z
13,Mumbai,2024-03-14,0,25.5,31.0,20.8,27.3,0.0,0.0,0.0,23.9,False,open_meteo_historical_weather_api,2026-06-11T10:40:28Z
13,Mumbai,2024-03-15,2,24.4,30.0,19.8,26.6,0.0,0.0,0.0,16.9,False,open_meteo_historical_weather_api,2026-06-11T10:40:28Z
13,Mumbai,2024-03-16,3,24.5,30.4,19.0,26.6,0.0,0.0,0.0,20.2,False,open_meteo_historical_weather_api,2026-06-11T10:40:28Z
13,Mumbai,2024-03-17,3,25.2,31.6,20.0,27.7,0.0,0.0,0.0,18.8,False,open_meteo_historical_weather_api,2026-06-11T10:40:28Z
13,Mumbai,2024-03-18,3,25.9,31.5,21.9,29.6,0.0,0.0,0.0,17.6,False,open_meteo_historical_weather_api,2026-06-11T10:40:28Z
13,Mumbai,2024-03-19,3,26.6,33.0,22.0,29.0,0.0,0.0,0.0,21.4,False,open_meteo_historical_weather_api,2026-06-11T10:40:28Z
13,Mumbai,2024-03-20,2,29.0,38.0,21.2,27.2,0.0,0.0,0.0,22.4,False,open_meteo_historical_weather_api,2026-06-11T10:40:28Z
13,Mumbai,2024-03-21,3,29.6,37.8,22.3,28.1,0.0,0.0,0.0,18.9,False,open_meteo_historical_weather_api,2026-06-11T10:40:28Z
13,Mumbai,2024-03-22,2,27.2,33.8,22.0,30.1,0.0,0.0,0.0,18.0,False,open_meteo_historical_weather_api,2026-06-11T10:40:28Z
13,Mumbai,2024-03-23,3,26.8,33.2,20.7,29.4,0.0,0.0,0.0,18.7,False,open_meteo_historical_weather_api,2026-06-11T10:40:28Z
13,Mumbai,2024-03-24,3,26.7,31.8,21.3,30.1,0.0,0.0,0.0,18.9,False,open_meteo_historical_weather_api,2026-06-11T10:40:28Z
13,Mumbai,2024-03-25,0,27.3,32.5,22.2,30.5,0.0,0.0,0.0,20.3,False,open_meteo_historical_weather_api,2026-06-11T10:40:28Z
13,Mumbai,2024-03-26,1,27.5,34.2,21.1,30.6,0.0,0.0,0.0,22.2,False,open_meteo_historical_weather_api,2026-06-11T10:40:28Z
13,Mumbai,2024-03-27,0,27.4,33.1,22.1,31.9,0.0,0.0,0.0,22.3,False,open_meteo_historical_weather_api,2026-06-11T10:40:28Z
13,Mumbai,2024-03-28,3,27.6,33.0,22.7,31.9,0.0,0.0,0.0,18.4,False,open_meteo_historical_weather_api,2026-06-11T10:40:28Z
13,Mumbai,2024-03-29,2,28.5,34.7,23.2,31.9,0.0,0.0,0.0,19.9,False,open_meteo_historical_weather_api,2026-06-11T10:40:28Z
13,Mumbai,2024-03-30,3,28.4,34.2,23.5,30.9,0.0,0.0,0.0,24.0,False,open_meteo_historical_weather_api,2026-06-11T10:40:28Z
13,Mumbai,2024-03-31,1,28.9,34.0,23.6,30.2,0.0,0.0,0.0,24.0,False,open_meteo_historical_weather_api,2026-06-11T10:40:28Z
13,Mumbai,2024-04-01,3,28.3,33.8,24.4,31.3,0.0,0.0,0.0,20.0,False,open_meteo_historical_weather_api,2026-06-11T10:40:28Z
13,Mumbai,2024-04-02,3,27.3,33.2,21.3,30.7,0.0,0.0,0.0,19.0,False,open_meteo_historical_weather_api,2026-06-11T10:40:28Z
13,Mumbai,2024-04-03,3,27.1,33.4,21.5,30.1,0.0,0.0,0.0,20.6,False,open_meteo_historical_weather_api,2026-06-11T10:40:28Z
13,Mumbai,2024-04-04,3,27.6,32.9,22.1,30.6,0.0,0.0,0.0,21.4,False,open_meteo_historical_weather_api,2026-06-11T10:40:28Z
13,Mumbai,2024-04-05,3,29.2,35.4,23.1,31.2,0.0,0.0,0.0,26.7,False,open_meteo_historical_weather_api,2026-06-11T10:40:28Z
13,Mumbai,2024-04-06,3,31.0,36.8,25.8,30.9,0.0,0.0,0.0,28.4,False,open_meteo_historical_weather_api,2026-06-11T10:40:28Z
13,Mumbai,2024-04-07,0,30.0,36.5,25.8,30.1,0.0,0.0,0.0,26.0,False,open_meteo_historical_weather_api,2026-06-11T10:40:28Z
13,Mumbai,2024-04-08,0,27.7,33.3,21.9,30.8,0.0,0.0,0.0,19.8,False,open_meteo_historical_weather_api,2026-06-11T10:40:28Z
13,Mumbai,2024-04-09,3,27.7,34.2,21.7,31.6,0.0,0.0,0.0,19.0,False,open_meteo_historical_weather_api,2026-06-11T10:40:28Z
13,Mumbai,2024-04-10,3,27.6,33.3,23.2,31.7,0.0,0.0,0.0,20.2,False,open_meteo_historical_weather_api,2026-06-11T10:40:28Z
13,Mumbai,2024-04-11,3,27.8,33.5,22.6,31.5,0.0,0.0,0.0,18.8,False,open_meteo_historical_weather_api,2026-06-11T10:40:28Z
13,Mumbai,2024-04-12,3,27.7,33.8,23.1,30.5,0.0,0.0,0.0,17.6,False,open_meteo_historical_weather_api,2026-06-11T10:40:28Z
13,Mumbai,2024-04-13,3,26.7,31.5,22.5,30.1,0.0,0.0,0.0,17.7,False,open_meteo_historical_weather_api,2026-06-11T10:40:28Z
13,Mumbai,2024-04-14,2,27.3,32.6,21.6,31.5,0.0,0.0,0.0,23.8,False,open_meteo_historical_weather_api,2026-06-11T10:40:28Z
13,Mumbai,2024-04-15,3,31.0,36.3,24.4,35.0,0.0,0.0,0.0,21.7,False,open_meteo_historical_weather_api,2026-06-11T10:40:28Z
13,Mumbai,2024-04-16,2,34.0,41.3,27.8,36.1,0.0,0.0,0.0,21.6,False,open_meteo_historical_weather_api,2026-06-11T10:40:28Z
13,Mumbai,2024-04-17,3,30.8,33.8,27.9,35.3,0.0,0.0,0.0,18.2,False,open_meteo_historical_weather_api,2026-06-11T10:40:28Z
13,Mumbai,2024-04-18,3,30.5,34.3,27.0,35.9,0.0,0.0,0.0,21.3,False,open_meteo_historical_weather_api,2026-06-11T10:40:28Z
13,Mumbai,2024-04-19,2,30.9,35.7,26.5,34.8,0.0,0.0,0.0,26.7,False,open_meteo_historical_weather_api,2026-06-11T10:40:28Z
13,Mumbai,2024-04-20,1,30.5,35.7,26.1,33.2,0.0,0.0,0.0,27.0,False,open_meteo_historical_weather_api,2026-06-11T10:40:28Z
13,Mumbai,2024-04-21,3,29.6,34.0,24.3,32.0,0.0,0.0,0.0,26.0,False,open_meteo_historical_weather_api,2026-06-11T10:40:28Z
13,Mumbai,2024-04-22,2,29.7,34.2,25.8,32.9,0.0,0.0,0.0,24.4,False,open_meteo_historical_weather_api,2026-06-11T10:40:28Z
13,Mumbai,2024-04-23,0,29.2,34.3,24.2,32.5,0.0,0.0,0.0,23.5,False,open_meteo_historical_weather_api,2026-06-11T10:40:28Z
13,Mumbai,2024-04-24,1,29.0,33.8,23.8,33.1,0.0,0.0,0.0,22.3,False,open_meteo_historical_weather_api,2026-06-11T10:40:28Z
13,Mumbai,2024-04-25,1,29.4,34.3,24.6,32.8,0.0,0.0,0.0,25.5,False,open_meteo_historical_weather_api,2026-06-11T10:40:28Z
13,Mumbai,2024-04-26,2,30.1,35.2,25.7,33.6,0.0,0.0,0.0,22.1,False,open_meteo_historical_weather_api,2026-06-11T10:40:28Z
13,Mumbai,2024-04-27,3,31.0,36.1,26.0,34.0,0.0,0.0,0.0,23.4,False,open_meteo_historical_weather_api,2026-06-11T10:40:28Z
13,Mumbai,2024-04-28,0,33.0,39.3,27.0,34.4,0.0,0.0,0.0,27.2,False,open_meteo_historical_weather_api,2026-06-11T10:40:28Z
13,Mumbai,2024-04-29,3,32.6,38.2,26.8,33.4,0.0,0.0,0.0,26.6,False,open_meteo_historical_weather_api,2026-06-11T10:40:28Z
13,Mumbai,2024-04-30,0,31.8,37.6,25.8,34.0,0.0,0.0,0.0,27.0,False,open_meteo_historical_weather_api,2026-06-11T10:40:28Z
13,Mumbai,2024-05-01,3,29.5,34.5,25.0,32.8,0.0,0.0,0.0,20.0,False,open_meteo_historical_weather_api,2026-06-11T10:40:28Z
13,Mumbai,2024-05-02,0,28.7,33.4,24.2,32.6,0.0,0.0,0.0,20.5,False,open_meteo_historical_weather_api,2026-06-11T10:40:28Z
13,Mumbai,2024-05-03,2,28.0,33.2,23.2,32.6,0.0,0.0,0.0,20.2,False,open_meteo_historical_weather_api,2026-06-11T10:40:28Z
13,Mumbai,2024-05-04,3,28.8,33.2,24.0,33.9,0.0,0.0,0.0,21.9,False,open_meteo_historical_weather_api,2026-06-11T10:40:28Z
13,Mumbai,2024-05-05,1,29.8,34.7,24.9,34.7,0.0,0.0,0.0,23.5,False,open_meteo_historical_weather_api,2026-06-11T10:40:28Z
13,Mumbai,2024-05-06,1,29.2,33.2,25.5,34.4,0.0,0.0,0.0,20.7,False,open_meteo_historical_weather_api,2026-06-11T10:40:28Z
13,Mumbai,2024-05-07,2,29.3,33.3,25.5,34.5,0.0,0.0,0.0,20.4,False,open_meteo_historical_weather_api,2026-06-11T10:40:28Z
13,Mumbai,2024-05-08,1,29.6,33.0,26.5,34.5,0.0,0.0,0.0,24.4,False,open_meteo_historical_weather_api,2026-06-11T10:40:28Z
13,Mumbai,2024-05-09,1,29.6,32.8,26.2,35.1,0.0,0.0,0.0,20.3,False,open_meteo_historical_weather_api,2026-06-11T10:40:28Z
13,Mumbai,2024-05-10,1,29.5,33.2,26.1,34.7,0.0,0.0,0.0,19.9,False,open_meteo_historical_weather_api,2026-06-11T10:40:28Z
13,Mumbai,2024-05-11,1,29.7,33.5,26.3,35.0,0.0,0.0,0.0,23.9,False,open_meteo_historical_weather_api,2026-06-11T10:40:28Z
13,Mumbai,2024-05-12,2,30.3,33.8,27.1,35.4,0.0,0.0,0.0,22.4,False,open_meteo_historical_weather_api,2026-06-11T10:40:28Z
13,Mumbai,2024-05-13,61,30.4,34.8,27.5,35.9,1.8,1.8,1.0,22.5,True,open_meteo_historical_weather_api,2026-06-11T10:40:28Z
13,Mumbai,2024-05-14,1,31.3,37.5,27.5,35.5,0.0,0.0,0.0,23.7,False,open_meteo_historical_weather_api,2026-06-11T10:40:28Z
13,Mumbai,2024-05-15,1,31.3,36.0,26.7,36.4,0.0,0.0,0.0,21.1,False,open_meteo_historical_weather_api,2026-06-11T10:40:28Z
13,Mumbai,2024-05-16,51,32.3,38.9,27.1,37.9,0.1,0.1,1.0,18.1,True,open_meteo_historical_weather_api,2026-06-11T10:40:28Z
13,Mumbai,2024-05-17,3,31.5,36.2,28.3,36.8,0.0,0.0,0.0,17.3,False,open_meteo_historical_weather_api,2026-06-11T10:40:28Z
13,Mumbai,2024-05-18,2,31.1,34.7,27.6,38.1,0.0,0.0,0.0,17.3,False,open_meteo_historical_weather_api,2026-06-11T10:40:28Z
13,Mumbai,2024-05-19,63,30.8,34.1,26.5,37.2,5.6,5.6,2.0,19.3,True,open_meteo_historical_weather_api,2026-06-11T10:40:28Z
13,Mumbai,2024-05-20,3,31.5,35.1,29.1,37.5,0.0,0.0,0.0,21.2,False,open_meteo_historical_weather_api,2026-06-11T10:40:28Z
13,Mumbai,2024-05-21,51,31.7,35.3,28.5,38.0,0.1,0.1,1.0,21.9,True,open_meteo_historical_weather_api,2026-06-11T10:40:28Z
13,Mumbai,2024-05-22,51,31.4,34.5,28.9,37.8,0.3,0.3,3.0,18.7,True,open_meteo_historical_weather_api,2026-06-11T10:40:28Z
13,Mumbai,2024-05-23,3,31.0,34.2,28.0,37.4,0.0,0.0,0.0,24.2,False,open_meteo_historical_weather_api,2026-06-11T10:40:28Z
13,Mumbai,2024-05-24,51,30.9,34.7,28.1,36.9,0.2,0.2,2.0,18.4,True,open_meteo_historical_weather_api,2026-06-11T10:40:28Z
13,Mumbai,2024-05-25,51,30.8,33.7,28.5,36.0,0.7,0.7,4.0,19.4,True,open_meteo_historical_weather_api,2026-06-11T10:40:28Z
13,Mumbai,2024-05-26,51,31.1,33.4,29.0,35.3,0.5,0.5,3.0,21.3,True,open_meteo_historical_weather_api,2026-06-11T10:40:28Z
13,Mumbai,2024-05-27,51,30.8,33.5,29.2,35.2,0.5,0.5,3.0,21.3,True,open_meteo_historical_weather_api,2026-06-11T10:40:28Z
13,Mumbai,2024-05-28,51,31.1,33.7,28.9,35.4,0.6,0.6,4.0,21.3,True,open_meteo_historical_weather_api,2026-06-11T10:40:28Z
13,Mumbai,2024-05-29,51,31.4,34.0,29.1,34.8,0.4,0.4,1.0,23.4,True,open_meteo_historical_weather_api,2026-06-11T10:40:28Z
13,Mumbai,2024-05-30,51,31.6,34.5,29.0,35.9,0.2,0.2,2.0,19.2,True,open_meteo_historical_weather_api,2026-06-11T10:40:28Z
13,Mumbai,2024-05-31,51,30.7,34.3,28.0,37.1,0.6,0.6,6.0,19.5,True,open_meteo_historical_weather_api,2026-06-11T10:40:28Z
13,Mumbai,2024-06-01,51,30.9,34.0,27.5,36.6,0.8,0.8,4.0,18.7,True,open_meteo_historical_weather_api,2026-06-11T10:40:28Z
13,Mumbai,2024-06-02,51,31.2,34.5,28.0,36.4,0.3,0.3,3.0,17.9,True,open_meteo_historical_weather_api,2026-06-11T10:40:28Z
13,Mumbai,2024-06-03,51,31.5,34.2,28.6,37.1,0.7,0.7,4.0,15.5,True,open_meteo_historical_weather_api,2026-06-11T10:40:28Z
13,Mumbai,2024-06-04,63,30.0,33.5,27.8,35.8,4.8,4.8,11.0,15.9,True,open_meteo_historical_weather_api,2026-06-11T10:40:28Z
13,Mumbai,2024-06-05,61,29.5,33.8,26.5,35.1,6.7,6.7,14.0,16.5,True,open_meteo_historical_weather_api,2026-06-11T10:40:28Z
13,Mumbai,2024-06-06,51,29.8,34.1,26.5,35.9,1.2,1.2,7.0,17.3,True,open_meteo_historical_weather_api,2026-06-11T10:40:28Z
13,Mumbai,2024-06-07,51,30.4,33.5,28.0,35.4,1.1,1.1,9.0,18.0,True,open_meteo_historical_weather_api,2026-06-11T10:40:28Z
13,Mumbai,2024-06-08,63,29.9,34.3,26.5,34.8,6.3,6.3,6.0,20.0,True,open_meteo_historical_weather_api,2026-06-11T10:40:28Z
13,Mumbai,2024-06-09,63,28.7,31.6,26.0,34.2,23.0,23.0,14.0,13.6,True,open_meteo_historical_weather_api,2026-06-11T10:40:28Z
13,Mumbai,2024-06-10,65,27.1,29.8,25.7,32.6,33.2,33.2,24.0,14.7,True,open_meteo_historical_weather_api,2026-06-11T10:40:28Z
13,Mumbai,2024-06-11,61,27.7,30.2,25.6,33.6,10.8,10.8,21.0,13.5,True,open_meteo_historical_weather_api,2026-06-11T10:40:28Z
13,Mumbai,2024-06-12,63,27.7,30.0,25.6,33.1,14.3,14.3,22.0,16.1,True,open_meteo_historical_weather_api,2026-06-11T10:40:28Z
13,Mumbai,2024-06-13,63,27.5,30.0,26.2,32.8,13.6,13.6,21.0,17.7,True,open_meteo_historical_weather_api,2026-06-11T10:40:28Z
13,Mumbai,2024-06-14,61,27.0,29.2,25.8,31.9,8.6,8.6,23.0,18.3,True,open_meteo_historical_weather_api,2026-06-11T10:40:28Z
13,Mumbai,2024-06-15,51,27.7,29.8,25.8,32.1,2.2,2.2,16.0,18.9,True,open_meteo_historical_weather_api,2026-06-11T10:40:28Z
13,Mumbai,2024-06-16,51,28.5,31.0,26.1,34.0,1.4,1.4,9.0,15.0,True,open_meteo_historical_weather_api,2026-06-11T10:40:28Z
13,Mumbai,2024-06-17,63,28.3,31.5,26.5,33.6,7.4,7.4,19.0,18.6,True,open_meteo_historical_weather_api,2026-06-11T10:40:28Z
13,Mumbai,2024-06-18,63,27.3,29.8,26.1,31.9,30.3,30.3,22.0,20.8,True,open_meteo_historical_weather_api,2026-06-11T10:40:28Z
13,Mumbai,2024-06-19,63,27.4,29.2,26.0,31.8,23.3,23.3,20.0,18.9,True,open_meteo_historical_weather_api,2026-06-11T10:40:28Z
13,Mumbai,2024-06-20,65,27.2,28.5,26.1,31.8,48.6,48.6,24.0,20.7,True,open_meteo_historical_weather_api,2026-06-11T10:40:28Z
13,Mumbai,2024-06-21,63,27.7,31.1,24.9,32.6,22.9,22.9,24.0,20.9,True,open_meteo_historical_weather_api,2026-06-11T10:40:28Z
13,Mumbai,2024-06-22,61,27.5,30.2,25.3,32.6,5.3,5.3,18.0,16.8,True,open_meteo_historical_weather_api,2026-06-11T10:40:28Z
13,Mumbai,2024-06-23,53,27.8,29.8,25.8,33.1,4.2,4.2,14.0,16.6,True,open_meteo_historical_weather_api,2026-06-11T10:40:28Z
13,Mumbai,2024-06-24,63,27.7,29.6,26.0,33.2,11.3,11.3,20.0,18.0,True,open_meteo_historical_weather_api,2026-06-11T10:40:28Z
13,Mumbai,2024-06-25,63,28.1,30.6,26.1,32.4,6.8,6.8,23.0,31.7,True,open_meteo_historical_weather_api,2026-06-11T10:40:28Z
13,Mumbai,2024-06-26,63,27.9,30.5,26.9,31.8,23.0,23.0,23.0,29.9,True,open_meteo_historical_weather_api,2026-06-11T10:40:28Z
13,Mumbai,2024-06-27,65,27.1,28.8,26.5,30.8,98.7,98.7,24.0,27.5,True,open_meteo_historical_weather_api,2026-06-11T10:40:28Z
13,Mumbai,2024-06-28,63,27.1,28.2,26.0,30.4,45.3,45.3,24.0,27.8,True,open_meteo_historical_weather_api,2026-06-11T10:40:28Z
13,Mumbai,2024-06-29,63,27.5,30.0,25.9,31.4,21.3,21.3,24.0,26.2,True,open_meteo_historical_weather_api,2026-06-11T10:40:28Z
13,Mumbai,2024-06-30,63,27.7,29.4,26.2,31.5,21.3,21.3,23.0,30.6,True,open_meteo_historical_weather_api,2026-06-11T10:40:28Z
13,Mumbai,2024-07-01,63,28.2,30.6,26.8,30.4,16.3,16.3,20.0,36.4,True,open_meteo_historical_weather_api,2026-06-11T10:40:28Z
13,Mumbai,2024-07-02,63,28.6,30.4,26.1,31.6,8.1,8.1,14.0,32.0,True,open_meteo_historical_weather_api,2026-06-11T10:40:28Z
13,Mumbai,2024-07-03,63,28.6,30.0,26.3,32.4,8.9,8.9,16.0,28.6,True,open_meteo_historical_weather_api,2026-06-11T10:40:28Z
13,Mumbai,2024-07-04,55,27.8,29.0,26.5,31.7,8.7,8.7,21.0,24.3,True,open_meteo_historical_weather_api,2026-06-11T10:40:28Z
13,Mumbai,2024-07-05,63,27.4,29.1,25.9,31.2,12.2,12.2,21.0,23.0,True,open_meteo_historical_weather_api,2026-06-11T10:40:28Z
13,Mumbai,2024-07-06,63,27.6,29.5,25.8,31.1,17.6,17.6,21.0,26.7,True,open_meteo_historical_weather_api,2026-06-11T10:40:28Z
13,Mumbai,2024-07-07,55,27.3,29.2,25.6,31.8,11.8,11.8,23.0,20.9,True,open_meteo_historical_weather_api,2026-06-11T10:40:28Z
13,Mumbai,2024-07-08,63,26.8,28.5,25.7,32.0,20.7,20.7,22.0,17.2,True,open_meteo_historical_weather_api,2026-06-11T10:40:28Z
13,Mumbai,2024-07-09,65,26.1,27.0,25.5,31.0,80.2,80.2,24.0,22.1,True,open_meteo_historical_weather_api,2026-06-11T10:40:28Z
13,Mumbai,2024-07-10,65,26.6,28.8,25.2,30.9,36.0,36.0,22.0,21.3,True,open_meteo_historical_weather_api,2026-06-11T10:40:28Z
13,Mumbai,2024-07-11,63,26.4,28.8,24.6,30.6,39.1,39.1,24.0,21.6,True,open_meteo_historical_weather_api,2026-06-11T10:40:28Z
13,Mumbai,2024-07-12,65,26.0,26.9,25.2,30.2,83.3,83.3,24.0,21.0,True,open_meteo_historical_weather_api,2026-06-11T10:40:28Z
13,Mumbai,2024-07-13,63,25.9,26.5,25.2,29.5,76.7,76.7,24.0,27.6,True,open_meteo_historical_weather_api,2026-06-11T10:40:28Z
13,Mumbai,2024-07-14,63,25.6,26.5,24.5,30.0,50.5,50.5,24.0,24.5,True,open_meteo_historical_weather_api,2026-06-11T10:40:28Z
13,Mumbai,2024-07-15,61,26.4,28.0,24.9,31.4,10.2,10.2,18.0,14.8,True,open_meteo_historical_weather_api,2026-06-11T10:40:28Z
13,Mumbai,2024-07-16,63,26.6,29.0,25.2,31.1,17.6,17.6,19.0,20.0,True,open_meteo_historical_weather_api,2026-06-11T10:40:28Z
13,Mumbai,2024-07-17,65,26.5,27.6,25.8,30.5,45.3,45.3,24.0,23.9,True,open_meteo_historical_weather_api,2026-06-11T10:40:28Z
13,Mumbai,2024-07-18,65,26.4,28.1,25.7,30.0,57.6,57.6,24.0,26.4,True,open_meteo_historical_weather_api,2026-06-11T10:40:28Z
13,Mumbai,2024-07-19,63,26.2,27.3,25.6,29.5,48.3,48.3,24.0,26.9,True,open_meteo_historical_weather_api,2026-06-11T10:40:28Z
13,Mumbai,2024-07-20,65,26.3,27.7,25.9,29.4,87.0,87.0,24.0,27.5,True,open_meteo_historical_weather_api,2026-06-11T10:40:28Z
13,Mumbai,2024-07-21,63,26.4,27.1,25.9,29.6,48.9,48.9,24.0,27.2,True,open_meteo_historical_weather_api,2026-06-11T10:40:28Z
13,Mumbai,2024-07-22,63,26.3,26.9,25.7,29.2,54.7,54.7,24.0,28.1,True,open_meteo_historical_weather_api,2026-06-11T10:40:28Z
13,Mumbai,2024-07-23,63,26.2,26.5,25.5,28.9,42.1,42.1,24.0,29.0,True,open_meteo_historical_weather_api,2026-06-11T10:40:28Z
13,Mumbai,2024-07-24,63,26.2,27.0,25.5,28.5,54.4,54.4,24.0,32.4,True,open_meteo_historical_weather_api,2026-06-11T10:40:28Z
13,Mumbai,2024-07-25,65,26.2,27.4,25.1,28.5,74.2,74.2,24.0,33.6,True,open_meteo_historical_weather_api,2026-06-11T10:40:28Z
13,Mumbai,2024-07-26,63,26.7,28.5,25.3,29.8,22.9,22.9,21.0,27.7,True,open_meteo_historical_weather_api,2026-06-11T10:40:28Z
13,Mumbai,2024-07-27,61,27.2,28.8,25.8,29.8,8.2,8.2,20.0,29.3,True,open_meteo_historical_weather_api,2026-06-11T10:40:28Z
13,Mumbai,2024-07-28,63,27.0,29.2,26.0,30.3,19.0,19.0,22.0,27.1,True,open_meteo_historical_weather_api,2026-06-11T10:40:28Z
13,Mumbai,2024-07-29,63,26.4,27.7,25.6,29.8,34.2,34.2,24.0,25.4,True,open_meteo_historical_weather_api,2026-06-11T10:40:28Z
13,Mumbai,2024-07-30,63,26.6,28.1,25.2,30.6,17.4,17.4,21.0,23.2,True,open_meteo_historical_weather_api,2026-06-11T10:40:28Z
13,Mumbai,2024-07-31,65,26.8,28.6,24.9,30.9,22.1,22.1,22.0,20.8,True,open_meteo_historical_weather_api,2026-06-11T10:40:28Z
13,Mumbai,2024-08-01,61,26.9,29.4,25.1,30.3,15.8,15.8,22.0,26.3,True,open_meteo_historical_weather_api,2026-06-11T10:40:28Z
13,Mumbai,2024-08-02,63,26.4,28.3,25.3,29.0,28.2,28.2,24.0,29.2,True,open_meteo_historical_weather_api,2026-06-11T10:40:28Z
13,Mumbai,2024-08-03,63,26.3,27.5,25.6,28.6,24.5,24.5,24.0,30.2,True,open_meteo_historical_weather_api,2026-06-11T10:40:28Z
13,Mumbai,2024-08-04,65,26.2,27.0,25.5,28.9,39.4,39.4,24.0,27.8,True,open_meteo_historical_weather_api,2026-06-11T10:40:28Z
13,Mumbai,2024-08-05,53,27.1,28.9,25.6,30.3,5.8,5.8,20.0,24.0,True,open_meteo_historical_weather_api,2026-06-11T10:40:28Z
13,Mumbai,2024-08-06,53,27.0,28.6,25.5,30.7,5.2,5.2,19.0,20.0,True,open_meteo_historical_weather_api,2026-06-11T10:40:28Z
13,Mumbai,2024-08-07,53,26.9,28.8,25.3,31.0,5.6,5.6,21.0,19.2,True,open_meteo_historical_weather_api,2026-06-11T10:40:28Z
13,Mumbai,2024-08-08,53,26.8,28.6,25.5,30.8,4.2,4.2,20.0,18.8,True,open_meteo_historical_weather_api,2026-06-11T10:40:28Z
13,Mumbai,2024-08-09,63,26.1,27.8,25.1,30.3,15.5,15.5,24.0,16.0,True,open_meteo_historical_weather_api,2026-06-11T10:40:28Z
13,Mumbai,2024-08-10,53,26.7,28.1,25.0,31.2,4.7,4.7,19.0,18.7,True,open_meteo_historical_weather_api,2026-06-11T10:40:28Z
13,Mumbai,2024-08-11,51,27.2,29.2,25.9,31.1,2.4,2.4,12.0,20.4,True,open_meteo_historical_weather_api,2026-06-11T10:40:28Z
13,Mumbai,2024-08-12,53,27.1,28.9,25.7,31.4,2.9,2.9,15.0,21.5,True,open_meteo_historical_weather_api,2026-06-11T10:40:28Z
13,Mumbai,2024-08-13,53,27.0,28.8,25.4,32.0,3.6,3.6,14.0,16.9,True,open_meteo_historical_weather_api,2026-06-11T10:40:28Z
13,Mumbai,2024-08-14,53,27.1,29.1,25.5,32.5,1.9,1.9,12.0,16.1,True,open_meteo_historical_weather_api,2026-06-11T10:40:28Z
13,Mumbai,2024-08-15,51,27.3,29.4,25.4,32.7,1.2,1.2,8.0,18.1,True,open_meteo_historical_weather_api,2026-06-11T10:40:28Z
13,Mumbai,2024-08-16,51,27.5,29.5,25.8,33.0,0.9,0.9,7.0,16.6,True,open_meteo_historical_weather_api,2026-06-11T10:40:28Z
13,Mumbai,2024-08-17,51,27.5,29.6,25.6,33.3,0.5,0.5,4.0,13.1,True,open_meteo_historical_weather_api,2026-06-11T10:40:28Z
13,Mumbai,2024-08-18,55,27.6,29.9,25.5,33.3,2.9,2.9,6.0,13.7,True,open_meteo_historical_weather_api,2026-06-11T10:40:28Z
13,Mumbai,2024-08-19,63,27.1,29.0,25.5,32.8,16.7,16.7,17.0,15.9,True,open_meteo_historical_weather_api,2026-06-11T10:40:28Z
13,Mumbai,2024-08-20,65,26.3,28.6,25.0,31.9,28.8,28.8,15.0,13.1,True,open_meteo_historical_weather_api,2026-06-11T10:40:28Z
13,Mumbai,2024-08-21,51,27.6,30.3,25.3,33.4,0.2,0.2,2.0,17.3,True,open_meteo_historical_weather_api,2026-06-11T10:40:28Z
13,Mumbai,2024-08-22,63,27.9,30.0,25.9,33.6,4.7,4.7,13.0,15.8,True,open_meteo_historical_weather_api,2026-06-11T10:40:28Z
13,Mumbai,2024-08-23,63,26.9,28.5,25.9,32.0,16.0,16.0,24.0,18.1,True,open_meteo_historical_weather_api,2026-06-11T10:40:28Z
13,Mumbai,2024-08-24,63,25.8,26.5,25.2,30.1,61.7,61.7,24.0,20.9,True,open_meteo_historical_weather_api,2026-06-11T10:40:28Z
13,Mumbai,2024-08-25,63,26.1,27.6,24.7,29.0,28.0,28.0,24.0,26.0,True,open_meteo_historical_weather_api,2026-06-11T10:40:28Z
13,Mumbai,2024-08-26,63,26.1,27.0,24.4,28.5,22.6,22.6,24.0,28.1,True,open_meteo_historical_weather_api,2026-06-11T10:40:28Z
13,Mumbai,2024-08-27,63,26.0,27.5,24.8,28.3,17.9,17.9,24.0,31.1,True,open_meteo_historical_weather_api,2026-06-11T10:40:28Z
13,Mumbai,2024-08-28,63,26.8,28.9,25.0,29.4,14.4,14.4,22.0,32.1,True,open_meteo_historical_weather_api,2026-06-11T10:40:28Z
13,Mumbai,2024-08-29,53,27.3,29.0,26.1,30.7,5.1,5.1,18.0,25.3,True,open_meteo_historical_weather_api,2026-06-11T10:40:28Z
13,Mumbai,2024-08-30,61,26.9,29.0,25.1,31.1,6.5,6.5,17.0,19.8,True,open_meteo_historical_weather_api,2026-06-11T10:40:28Z
13,Mumbai,2024-08-31,53,27.0,28.9,25.2,32.0,2.1,2.1,13.0,12.9,True,open_meteo_historical_weather_api,2026-06-11T10:40:28Z
13,Mumbai,2024-09-01,51,26.7,27.8,25.3,31.5,2.3,2.3,12.0,13.2,True,open_meteo_historical_weather_api,2026-06-11T10:40:28Z
13,Mumbai,2024-09-02,63,26.1,27.2,24.9,30.3,29.6,29.6,24.0,19.5,True,open_meteo_historical_weather_api,2026-06-11T10:40:28Z
13,Mumbai,2024-09-03,63,26.0,27.2,24.8,30.4,13.0,13.0,23.0,16.0,True,open_meteo_historical_weather_api,2026-06-11T10:40:28Z
13,Mumbai,2024-09-04,63,26.3,28.3,25.1,30.5,17.1,17.1,21.0,19.4,True,open_meteo_historical_weather_api,2026-06-11T10:40:28Z
13,Mumbai,2024-09-05,63,26.3,28.2,25.2,30.2,27.9,27.9,24.0,23.4,True,open_meteo_historical_weather_api,2026-06-11T10:40:28Z
13,Mumbai,2024-09-06,61,26.5,28.4,25.0,30.7,14.7,14.7,22.0,21.3,True,open_meteo_historical_weather_api,2026-06-11T10:40:28Z
13,Mumbai,2024-09-07,61,26.4,28.3,25.1,31.0,10.0,10.0,24.0,17.2,True,open_meteo_historical_weather_api,2026-06-11T10:40:28Z
13,Mumbai,2024-09-08,53,26.5,28.7,24.9,31.4,4.2,4.2,18.0,14.9,True,open_meteo_historical_weather_api,2026-06-11T10:40:28Z
13,Mumbai,2024-09-09,51,26.7,28.8,25.0,31.7,2.0,2.0,13.0,16.4,True,open_meteo_historical_weather_api,2026-06-11T10:40:28Z
13,Mumbai,2024-09-10,53,26.6,28.5,25.0,31.3,3.9,3.9,17.0,17.6,True,open_meteo_historical_weather_api,2026-06-11T10:40:28Z
13,Mumbai,2024-09-11,55,26.3,28.1,24.9,30.6,4.6,4.6,20.0,18.5,True,open_meteo_historical_weather_api,2026-06-11T10:40:28Z
13,Mumbai,2024-09-12,61,26.3,28.4,24.9,30.5,8.2,8.2,21.0,17.9,True,open_meteo_historical_weather_api,2026-06-11T10:40:28Z
13,Mumbai,2024-09-13,53,26.3,28.6,24.6,30.2,4.5,4.5,21.0,19.2,True,open_meteo_historical_weather_api,2026-06-11T10:40:28Z
13,Mumbai,2024-09-14,55,25.2,27.9,23.8,29.0,9.1,9.1,22.0,16.7,True,open_meteo_historical_weather_api,2026-06-11T10:40:28Z
13,Mumbai,2024-09-15,55,25.3,27.4,23.5,29.8,3.9,3.9,11.0,13.4,True,open_meteo_historical_weather_api,2026-06-11T10:40:28Z
13,Mumbai,2024-09-16,53,26.1,28.7,23.8,31.0,2.4,2.4,14.0,14.6,True,open_meteo_historical_weather_api,2026-06-11T10:40:28Z
13,Mumbai,2024-09-17,51,26.0,28.9,23.1,30.8,0.2,0.2,2.0,15.6,True,open_meteo_historical_weather_api,2026-06-11T10:40:28Z
13,Mumbai,2024-09-18,51,26.2,29.2,23.4,30.9,0.8,0.8,5.0,13.0,True,open_meteo_historical_weather_api,2026-06-11T10:40:28Z
13,Mumbai,2024-09-19,51,27.1,29.5,24.5,32.2,1.0,1.0,5.0,12.8,True,open_meteo_historical_weather_api,2026-06-11T10:40:28Z
13,Mumbai,2024-09-20,61,26.3,28.4,23.3,31.4,5.2,5.2,11.0,15.9,True,open_meteo_historical_weather_api,2026-06-11T10:40:28Z
13,Mumbai,2024-09-21,53,27.0,29.7,23.9,32.1,1.9,1.9,12.0,15.8,True,open_meteo_historical_weather_api,2026-06-11T10:40:28Z
13,Mumbai,2024-09-22,53,27.3,29.6,25.0,32.2,2.2,2.2,9.0,18.5,True,open_meteo_historical_weather_api,2026-06-11T10:40:28Z
13,Mumbai,2024-09-23,61,27.3,28.9,26.0,32.6,5.7,5.7,15.0,17.6,True,open_meteo_historical_weather_api,2026-06-11T10:40:28Z
13,Mumbai,2024-09-24,63,26.4,29.0,24.7,31.5,23.1,23.1,24.0,22.7,True,open_meteo_historical_weather_api,2026-06-11T10:40:28Z
13,Mumbai,2024-09-25,65,25.9,28.0,24.3,30.9,36.4,36.4,24.0,20.6,True,open_meteo_historical_weather_api,2026-06-11T10:40:28Z
13,Mumbai,2024-09-26,63,25.6,26.5,24.5,30.7,48.0,48.0,24.0,18.7,True,open_meteo_historical_weather_api,2026-06-11T10:40:28Z
13,Mumbai,2024-09-27,65,26.0,26.8,25.5,28.8,61.7,61.7,24.0,28.1,True,open_meteo_historical_weather_api,2026-06-11T10:40:28Z
13,Mumbai,2024-09-28,53,26.6,28.0,24.9,30.8,5.8,5.8,18.0,17.9,True,open_meteo_historical_weather_api,2026-06-11T10:40:28Z
13,Mumbai,2024-09-29,61,26.6,28.6,25.0,31.7,4.6,4.6,15.0,14.8,True,open_meteo_historical_weather_api,2026-06-11T10:40:28Z
13,Mumbai,2024-09-30,51,27.1,29.7,24.7,32.8,1.6,1.6,7.0,15.2,True,open_meteo_historical_weather_api,2026-06-11T10:40:28Z
13,Mumbai,2024-10-01,51,27.9,31.5,25.0,34.1,0.6,0.6,4.0,15.7,True,open_meteo_historical_weather_api,2026-06-11T10:40:28Z
13,Mumbai,2024-10-02,53,27.9,30.7,26.0,34.6,1.3,1.3,7.0,15.0,True,open_meteo_historical_weather_api,2026-06-11T10:40:28Z
13,Mumbai,2024-10-03,51,27.5,30.0,25.4,33.5,1.4,1.4,7.0,15.7,True,open_meteo_historical_weather_api,2026-06-11T10:40:28Z
13,Mumbai,2024-10-04,51,27.2,29.5,25.2,32.9,1.4,1.4,10.0,14.4,True,open_meteo_historical_weather_api,2026-06-11T10:40:28Z
13,Mumbai,2024-10-05,51,26.6,29.5,24.3,32.1,1.1,1.1,6.0,14.7,True,open_meteo_historical_weather_api,2026-06-11T10:40:28Z
13,Mumbai,2024-10-06,65,26.9,31.2,24.3,32.2,21.4,21.4,5.0,17.9,True,open_meteo_historical_weather_api,2026-06-11T10:40:28Z
13,Mumbai,2024-10-07,53,28.1,31.6,24.8,34.0,0.6,0.6,2.0,13.7,True,open_meteo_historical_weather_api,2026-06-11T10:40:28Z
13,Mumbai,2024-10-08,3,28.4,32.2,25.2,34.7,0.0,0.0,0.0,14.1,False,open_meteo_historical_weather_api,2026-06-11T10:40:28Z
13,Mumbai,2024-10-09,55,26.8,29.1,25.0,32.3,6.4,6.4,13.0,18.9,True,open_meteo_historical_weather_api,2026-06-11T10:40:28Z
13,Mumbai,2024-10-10,63,26.7,29.6,24.4,31.8,6.4,6.4,8.0,15.9,True,open_meteo_historical_weather_api,2026-06-11T10:40:28Z
13,Mumbai,2024-10-11,63,27.4,31.5,25.0,32.6,22.0,22.0,8.0,15.7,True,open_meteo_historical_weather_api,2026-06-11T10:40:28Z
13,Mumbai,2024-10-12,51,27.5,31.4,24.2,33.4,0.7,0.7,5.0,11.5,True,open_meteo_historical_weather_api,2026-06-11T10:40:28Z
13,Mumbai,2024-10-13,61,27.4,30.6,24.8,33.2,2.0,2.0,7.0,10.9,True,open_meteo_historical_weather_api,2026-06-11T10:40:28Z
13,Mumbai,2024-10-14,63,26.8,31.5,24.1,32.4,5.2,5.2,6.0,16.0,True,open_meteo_historical_weather_api,2026-06-11T10:40:28Z
13,Mumbai,2024-10-15,3,26.7,29.6,24.4,32.2,0.0,0.0,0.0,11.9,False,open_meteo_historical_weather_api,2026-06-11T10:40:28Z
13,Mumbai,2024-10-16,63,27.2,30.7,24.6,33.0,8.6,8.6,10.0,12.5,True,open_meteo_historical_weather_api,2026-06-11T10:40:28Z
13,Mumbai,2024-10-17,55,27.1,29.0,25.2,33.0,2.9,2.9,5.0,12.3,True,open_meteo_historical_weather_api,2026-06-11T10:40:28Z
13,Mumbai,2024-10-18,63,27.7,31.9,24.7,33.2,12.4,12.4,7.0,13.4,True,open_meteo_historical_weather_api,2026-06-11T10:40:28Z
13,Mumbai,2024-10-19,61,26.3,30.0,24.0,31.7,7.9,7.9,9.0,12.1,True,open_meteo_historical_weather_api,2026-06-11T10:40:28Z
13,Mumbai,2024-10-20,63,26.4,29.8,24.0,31.8,6.8,6.8,8.0,8.2,True,open_meteo_historical_weather_api,2026-06-11T10:40:28Z
13,Mumbai,2024-10-21,63,26.9,30.4,23.9,32.4,13.3,13.3,11.0,8.8,True,open_meteo_historical_weather_api,2026-06-11T10:40:28Z
13,Mumbai,2024-10-22,63,26.6,30.3,23.5,32.1,7.3,7.3,9.0,12.3,True,open_meteo_historical_weather_api,2026-06-11T10:40:28Z
13,Mumbai,2024-10-23,3,27.3,31.4,24.1,32.8,0.0,0.0,0.0,14.8,False,open_meteo_historical_weather_api,2026-06-11T10:40:28Z
13,Mumbai,2024-10-24,3,28.1,32.5,24.5,32.6,0.0,0.0,0.0,14.9,False,open_meteo_historical_weather_api,2026-06-11T10:40:28Z
13,Mumbai,2024-10-25,3,27.0,31.1,22.5,31.0,0.0,0.0,0.0,12.5,False,open_meteo_historical_weather_api,2026-06-11T10:40:28Z
13,Mumbai,2024-10-26,3,26.9,32.5,22.0,29.8,0.0,0.0,0.0,17.0,False,open_meteo_historical_weather_api,2026-06-11T10:40:28Z
13,Mumbai,2024-10-27,3,26.9,31.6,22.0,31.2,0.0,0.0,0.0,15.9,False,open_meteo_historical_weather_api,2026-06-11T10:40:28Z
13,Mumbai,2024-10-28,2,27.1,31.8,23.0,32.3,0.0,0.0,0.0,16.2,False,open_meteo_historical_weather_api,2026-06-11T10:40:28Z
13,Mumbai,2024-10-29,3,27.6,31.2,24.5,33.8,0.0,0.0,0.0,13.7,False,open_meteo_historical_weather_api,2026-06-11T10:40:28Z
13,Mumbai,2024-10-30,2,27.7,32.7,24.0,33.1,0.0,0.0,0.0,12.5,False,open_meteo_historical_weather_api,2026-06-11T10:40:28Z
13,Mumbai,2024-10-31,2,28.3,32.4,24.1,33.1,0.0,0.0,0.0,15.2,False,open_meteo_historical_weather_api,2026-06-11T10:40:28Z
13,Mumbai,2024-11-01,51,27.9,31.2,24.5,33.4,0.3,0.3,3.0,14.1,True,open_meteo_historical_weather_api,2026-06-11T10:40:28Z
13,Mumbai,2024-11-02,3,28.0,33.0,24.1,32.6,0.0,0.0,0.0,17.5,False,open_meteo_historical_weather_api,2026-06-11T10:40:28Z
13,Mumbai,2024-11-03,0,28.0,34.2,22.2,31.0,0.0,0.0,0.0,16.6,False,open_meteo_historical_weather_api,2026-06-11T10:40:28Z
13,Mumbai,2024-11-04,0,27.9,34.0,22.8,30.1,0.0,0.0,0.0,19.7,False,open_meteo_historical_weather_api,2026-06-11T10:40:28Z
13,Mumbai,2024-11-05,0,28.2,34.3,22.6,30.6,0.0,0.0,0.0,15.8,False,open_meteo_historical_weather_api,2026-06-11T10:40:28Z
13,Mumbai,2024-11-06,2,27.9,33.7,22.0,30.3,0.0,0.0,0.0,17.7,False,open_meteo_historical_weather_api,2026-06-11T10:40:28Z
13,Mumbai,2024-11-07,0,27.4,33.5,21.6,29.1,0.0,0.0,0.0,16.1,False,open_meteo_historical_weather_api,2026-06-11T10:40:28Z
13,Mumbai,2024-11-08,0,27.7,33.8,22.2,29.4,0.0,0.0,0.0,17.2,False,open_meteo_historical_weather_api,2026-06-11T10:40:28Z
13,Mumbai,2024-11-09,0,27.7,34.1,22.0,29.3,0.0,0.0,0.0,17.9,False,open_meteo_historical_weather_api,2026-06-11T10:40:28Z
13,Mumbai,2024-11-10,0,27.6,33.7,21.6,28.9,0.0,0.0,0.0,20.3,False,open_meteo_historical_weather_api,2026-06-11T10:40:28Z
13,Mumbai,2024-11-11,0,27.9,33.3,22.9,28.2,0.0,0.0,0.0,20.6,False,open_meteo_historical_weather_api,2026-06-11T10:40:28Z
13,Mumbai,2024-11-12,0,27.8,33.5,22.2,29.1,0.0,0.0,0.0,17.9,False,open_meteo_historical_weather_api,2026-06-11T10:40:28Z
13,Mumbai,2024-11-13,2,28.5,34.8,23.4,29.6,0.0,0.0,0.0,12.6,False,open_meteo_historical_weather_api,2026-06-11T10:40:28Z
13,Mumbai,2024-11-14,3,29.1,35.4,23.0,30.2,0.0,0.0,0.0,10.7,False,open_meteo_historical_weather_api,2026-06-11T10:40:28Z
13,Mumbai,2024-11-15,51,29.0,33.9,25.1,32.1,0.3,0.3,3.0,10.5,True,open_meteo_historical_weather_api,2026-06-11T10:40:28Z
13,Mumbai,2024-11-16,3,29.2,34.3,25.4,32.9,0.0,0.0,0.0,14.2,False,open_meteo_historical_weather_api,2026-06-11T10:40:28Z
13,Mumbai,2024-11-17,2,29.7,35.8,25.7,32.7,0.0,0.0,0.0,14.5,False,open_meteo_historical_weather_api,2026-06-11T10:40:28Z
13,Mumbai,2024-11-18,0,28.9,34.8,24.2,30.6,0.0,0.0,0.0,12.3,False,open_meteo_historical_weather_api,2026-06-11T10:40:28Z
13,Mumbai,2024-11-19,0,27.6,33.8,22.0,28.0,0.0,0.0,0.0,14.1,False,open_meteo_historical_weather_api,2026-06-11T10:40:28Z
13,Mumbai,2024-11-20,0,26.9,33.0,22.0,27.3,0.0,0.0,0.0,13.5,False,open_meteo_historical_weather_api,2026-06-11T10:40:28Z
13,Mumbai,2024-11-21,1,26.7,33.0,21.4,27.2,0.0,0.0,0.0,12.8,False,open_meteo_historical_weather_api,2026-06-11T10:40:28Z
13,Mumbai,2024-11-22,0,26.5,32.7,20.9,27.7,0.0,0.0,0.0,12.6,False,open_meteo_historical_weather_api,2026-06-11T10:40:28Z
13,Mumbai,2024-11-23,3,26.5,32.0,21.6,28.0,0.0,0.0,0.0,10.1,False,open_meteo_historical_weather_api,2026-06-11T10:40:28Z
13,Mumbai,2024-11-24,3,26.9,33.0,21.6,28.5,0.0,0.0,0.0,12.0,False,open_meteo_historical_weather_api,2026-06-11T10:40:28Z
13,Mumbai,2024-11-25,3,26.7,32.8,21.4,27.7,0.0,0.0,0.0,13.0,False,open_meteo_historical_weather_api,2026-06-11T10:40:28Z
13,Mumbai,2024-11-26,3,26.3,32.3,20.7,26.2,0.0,0.0,0.0,13.5,False,open_meteo_historical_weather_api,2026-06-11T10:40:28Z
13,Mumbai,2024-11-27,3,26.2,32.6,20.4,25.7,0.0,0.0,0.0,13.1,False,open_meteo_historical_weather_api,2026-06-11T10:40:28Z
13,Mumbai,2024-11-28,3,26.4,32.1,19.9,25.1,0.0,0.0,0.0,11.3,False,open_meteo_historical_weather_api,2026-06-11T10:40:28Z
13,Mumbai,2024-11-29,3,25.3,31.4,20.2,24.6,0.0,0.0,0.0,14.4,False,open_meteo_historical_weather_api,2026-06-11T10:40:28Z
13,Mumbai,2024-11-30,3,25.1,31.4,19.9,24.5,0.0,0.0,0.0,12.2,False,open_meteo_historical_weather_api,2026-06-11T10:40:28Z
13,Mumbai,2024-12-01,3,25.8,32.5,20.5,26.4,0.0,0.0,0.0,13.3,False,open_meteo_historical_weather_api,2026-06-11T10:40:28Z
13,Mumbai,2024-12-02,3,27.6,33.8,22.8,29.6,0.0,0.0,0.0,12.3,False,open_meteo_historical_weather_api,2026-06-11T10:40:28Z
13,Mumbai,2024-12-03,51,28.9,33.5,25.6,31.5,0.2,0.2,1.0,14.5,True,open_meteo_historical_weather_api,2026-06-11T10:40:28Z
13,Mumbai,2024-12-04,51,29.4,34.2,26.5,33.2,0.2,0.2,1.0,13.4,True,open_meteo_historical_weather_api,2026-06-11T10:40:28Z
13,Mumbai,2024-12-05,3,29.2,34.2,25.8,33.5,0.0,0.0,0.0,10.4,False,open_meteo_historical_weather_api,2026-06-11T10:40:28Z
13,Mumbai,2024-12-06,3,28.5,32.7,25.2,32.0,0.0,0.0,0.0,12.8,False,open_meteo_historical_weather_api,2026-06-11T10:40:28Z
13,Mumbai,2024-12-07,3,27.6,32.8,24.3,28.4,0.0,0.0,0.0,15.6,False,open_meteo_historical_weather_api,2026-06-11T10:40:28Z
13,Mumbai,2024-12-08,3,25.4,31.1,21.1,24.7,0.0,0.0,0.0,13.5,False,open_meteo_historical_weather_api,2026-06-11T10:40:28Z
13,Mumbai,2024-12-09,3,24.9,30.9,20.4,22.7,0.0,0.0,0.0,16.2,False,open_meteo_historical_weather_api,2026-06-11T10:40:28Z
13,Mumbai,2024-12-10,3,25.1,31.4,20.4,25.3,0.0,0.0,0.0,11.0,False,open_meteo_historical_weather_api,2026-06-11T10:40:28Z
13,Mumbai,2024-12-11,3,26.3,33.5,21.1,27.6,0.0,0.0,0.0,12.3,False,open_meteo_historical_weather_api,2026-06-11T10:40:28Z
13,Mumbai,2024-12-12,2,25.3,31.1,20.5,26.6,0.0,0.0,0.0,14.5,False,open_meteo_historical_weather_api,2026-06-11T10:40:28Z
13,Mumbai,2024-12-13,3,25.9,32.2,21.2,26.1,0.0,0.0,0.0,12.0,False,open_meteo_historical_weather_api,2026-06-11T10:40:28Z
13,Mumbai,2024-12-14,3,25.9,32.8,20.1,25.4,0.0,0.0,0.0,11.5,False,open_meteo_historical_weather_api,2026-06-11T10:40:28Z
13,Mumbai,2024-12-15,3,25.5,33.2,19.0,25.1,0.0,0.0,0.0,10.3,False,open_meteo_historical_weather_api,2026-06-11T10:40:28Z
13,Mumbai,2024-12-16,1,24.9,32.3,18.3,24.4,0.0,0.0,0.0,11.9,False,open_meteo_historical_weather_api,2026-06-11T10:40:28Z
13,Mumbai,2024-12-17,3,24.0,30.8,17.8,24.0,0.0,0.0,0.0,12.3,False,open_meteo_historical_weather_api,2026-06-11T10:40:28Z
13,Mumbai,2024-12-18,2,24.3,32.2,18.2,25.0,0.0,0.0,0.0,10.6,False,open_meteo_historical_weather_api,2026-06-11T10:40:28Z
13,Mumbai,2024-12-19,2,23.6,29.6,17.9,25.4,0.0,0.0,0.0,11.4,False,open_meteo_historical_weather_api,2026-06-11T10:40:28Z
13,Mumbai,2024-12-20,1,23.3,28.1,19.5,25.2,0.0,0.0,0.0,13.2,False,open_meteo_historical_weather_api,2026-06-11T10:40:28Z
13,Mumbai,2024-12-21,1,23.5,27.9,19.2,26.0,0.0,0.0,0.0,10.5,False,open_meteo_historical_weather_api,2026-06-11T10:40:28Z
13,Mumbai,2024-12-22,3,24.0,27.8,20.9,26.8,0.0,0.0,0.0,12.0,False,open_meteo_historical_weather_api,2026-06-11T10:40:28Z
13,Mumbai,2024-12-23,2,23.8,27.3,21.1,25.6,0.0,0.0,0.0,14.7,False,open_meteo_historical_weather_api,2026-06-11T10:40:28Z
13,Mumbai,2024-12-24,3,23.9,28.5,20.6,24.4,0.0,0.0,0.0,16.1,False,open_meteo_historical_weather_api,2026-06-11T10:40:28Z
13,Mumbai,2024-12-25,3,24.0,28.7,20.3,24.7,0.0,0.0,0.0,14.1,False,open_meteo_historical_weather_api,2026-06-11T10:40:28Z
13,Mumbai,2024-12-26,3,24.9,29.5,21.5,27.0,0.0,0.0,0.0,12.9,False,open_meteo_historical_weather_api,2026-06-11T10:40:28Z
13,Mumbai,2024-12-27,1,24.7,28.2,21.7,26.7,0.0,0.0,0.0,14.5,False,open_meteo_historical_weather_api,2026-06-11T10:40:28Z
13,Mumbai,2024-12-28,51,25.0,29.9,21.7,27.2,0.3,0.3,3.0,14.0,True,open_meteo_historical_weather_api,2026-06-11T10:40:28Z
13,Mumbai,2024-12-29,3,25.7,30.4,22.1,28.1,0.0,0.0,0.0,12.3,False,open_meteo_historical_weather_api,2026-06-11T10:40:28Z
13,Mumbai,2024-12-30,0,26.9,32.5,23.4,29.2,0.0,0.0,0.0,11.7,False,open_meteo_historical_weather_api,2026-06-11T10:40:28Z
13,Mumbai,2024-12-31,0,27.2,33.2,22.8,29.1,0.0,0.0,0.0,12.4,False,open_meteo_historical_weather_api,2026-06-11T10:40:28Z
14,Bangalore,2024-01-01,3,21.7,28.4,16.6,21.6,0.0,0.0,0.0,19.1,False,open_meteo_historical_weather_api,2026-06-11T10:40:28Z
14,Bangalore,2024-01-02,3,21.9,27.5,18.1,21.6,0.0,0.0,0.0,18.8,False,open_meteo_historical_weather_api,2026-06-11T10:40:28Z
14,Bangalore,2024-01-03,3,21.5,27.4,16.4,21.5,0.0,0.0,0.0,16.9,False,open_meteo_historical_weather_api,2026-06-11T10:40:28Z
14,Bangalore,2024-01-04,61,21.3,25.5,18.1,21.5,2.7,2.7,5.0,17.7,True,open_meteo_historical_weather_api,2026-06-11T10:40:28Z
14,Bangalore,2024-01-05,51,22.4,27.0,18.6,23.2,0.2,0.2,1.0,16.2,True,open_meteo_historical_weather_api,2026-06-11T10:40:28Z
14,Bangalore,2024-01-06,51,22.8,28.7,19.2,23.4,1.2,1.2,7.0,17.3,True,open_meteo_historical_weather_api,2026-06-11T10:40:28Z
14,Bangalore,2024-01-07,3,22.1,27.8,17.0,22.2,0.0,0.0,0.0,18.1,False,open_meteo_historical_weather_api,2026-06-11T10:40:28Z
14,Bangalore,2024-01-08,53,20.3,23.5,18.4,20.8,2.4,2.4,12.0,21.2,True,open_meteo_historical_weather_api,2026-06-11T10:40:28Z
14,Bangalore,2024-01-09,51,21.6,26.5,18.8,21.5,1.0,1.0,6.0,25.3,True,open_meteo_historical_weather_api,2026-06-11T10:40:28Z
14,Bangalore,2024-01-10,3,20.9,25.0,17.1,20.3,0.0,0.0,0.0,19.1,False,open_meteo_historical_weather_api,2026-06-11T10:40:28Z
14,Bangalore,2024-01-11,3,21.4,27.8,17.0,21.1,0.0,0.0,0.0,17.7,False,open_meteo_historical_weather_api,2026-06-11T10:40:28Z
14,Bangalore,2024-01-12,3,20.8,27.3,15.6,19.9,0.0,0.0,0.0,23.4,False,open_meteo_historical_weather_api,2026-06-11T10:40:28Z
14,Bangalore,2024-01-13,3,21.2,28.5,15.8,21.5,0.0,0.0,0.0,15.2,False,open_meteo_historical_weather_api,2026-06-11T10:40:28Z
14,Bangalore,2024-01-14,3,21.7,28.4,16.9,22.0,0.0,0.0,0.0,16.5,False,open_meteo_historical_weather_api,2026-06-11T10:40:28Z
14,Bangalore,2024-01-15,3,21.4,28.1,15.6,21.5,0.0,0.0,0.0,14.0,False,open_meteo_historical_weather_api,2026-06-11T10:40:28Z
14,Bangalore,2024-01-16,3,21.5,28.2,15.6,21.6,0.0,0.0,0.0,15.5,False,open_meteo_historical_weather_api,2026-06-11T10:40:28Z
14,Bangalore,2024-01-17,3,21.7,28.4,15.9,21.9,0.0,0.0,0.0,16.5,False,open_meteo_historical_weather_api,2026-06-11T10:40:28Z
14,Bangalore,2024-01-18,3,22.2,28.9,16.6,22.4,0.0,0.0,0.0,14.4,False,open_meteo_historical_weather_api,2026-06-11T10:40:28Z
14,Bangalore,2024-01-19,3,22.8,29.4,17.5,23.0,0.0,0.0,0.0,18.7,False,open_meteo_historical_weather_api,2026-06-11T10:40:28Z
14,Bangalore,2024-01-20,3,22.5,29.1,16.5,22.2,0.0,0.0,0.0,18.1,False,open_meteo_historical_weather_api,2026-06-11T10:40:28Z
14,Bangalore,2024-01-21,3,22.8,29.2,17.0,22.6,0.0,0.0,0.0,15.3,False,open_meteo_historical_weather_api,2026-06-11T10:40:28Z
14,Bangalore,2024-01-22,3,23.0,29.2,17.0,23.3,0.0,0.0,0.0,18.3,False,open_meteo_historical_weather_api,2026-06-11T10:40:28Z
14,Bangalore,2024-01-23,3,22.7,29.1,17.0,23.1,0.0,0.0,0.0,16.6,False,open_meteo_historical_weather_api,2026-06-11T10:40:28Z
14,Bangalore,2024-01-24,3,23.0,29.7,17.3,23.6,0.0,0.0,0.0,15.4,False,open_meteo_historical_weather_api,2026-06-11T10:40:28Z
14,Bangalore,2024-01-25,3,23.1,28.5,17.6,23.4,0.0,0.0,0.0,17.5,False,open_meteo_historical_weather_api,2026-06-11T10:40:28Z
14,Bangalore,2024-01-26,3,22.0,28.2,16.9,21.0,0.0,0.0,0.0,19.1,False,open_meteo_historical_weather_api,2026-06-11T10:40:28Z
14,Bangalore,2024-01-27,3,21.6,28.4,16.1,20.8,0.0,0.0,0.0,18.4,False,open_meteo_historical_weather_api,2026-06-11T10:40:28Z
14,Bangalore,2024-01-28,3,21.6,28.4,15.9,21.2,0.0,0.0,0.0,15.7,False,open_meteo_historical_weather_api,2026-06-11T10:40:28Z
14,Bangalore,2024-01-29,3,21.6,28.2,16.6,20.9,0.0,0.0,0.0,16.8,False,open_meteo_historical_weather_api,2026-06-11T10:40:28Z
14,Bangalore,2024-01-30,3,21.7,29.2,15.1,21.6,0.0,0.0,0.0,15.1,False,open_meteo_historical_weather_api,2026-06-11T10:40:28Z
14,Bangalore,2024-01-31,3,22.9,29.5,16.8,22.9,0.0,0.0,0.0,16.2,False,open_meteo_historical_weather_api,2026-06-11T10:40:28Z
14,Bangalore,2024-02-01,3,23.4,30.0,18.4,24.0,0.0,0.0,0.0,14.9,False,open_meteo_historical_weather_api,2026-06-11T10:40:28Z
14,Bangalore,2024-02-02,3,23.9,30.5,18.9,24.9,0.0,0.0,0.0,13.9,False,open_meteo_historical_weather_api,2026-06-11T10:40:28Z
14,Bangalore,2024-02-03,3,24.3,30.4,19.4,24.7,0.0,0.0,0.0,19.5,False,open_meteo_historical_weather_api,2026-06-11T10:40:28Z
14,Bangalore,2024-02-04,3,23.3,29.6,17.9,22.6,0.0,0.0,0.0,18.8,False,open_meteo_historical_weather_api,2026-06-11T10:40:28Z
14,Bangalore,2024-02-05,2,23.1,30.6,16.6,22.2,0.0,0.0,0.0,15.4,False,open_meteo_historical_weather_api,2026-06-11T10:40:28Z
14,Bangalore,2024-02-06,0,23.6,32.2,15.8,22.7,0.0,0.0,0.0,18.6,False,open_meteo_historical_weather_api,2026-06-11T10:40:28Z
14,Bangalore,2024-02-07,0,24.4,32.5,16.8,22.7,0.0,0.0,0.0,18.6,False,open_meteo_historical_weather_api,2026-06-11T10:40:28Z
14,Bangalore,2024-02-08,3,24.8,32.9,17.0,22.9,0.0,0.0,0.0,17.7,False,open_meteo_historical_weather_api,2026-06-11T10:40:28Z
14,Bangalore,2024-02-09,3,24.5,32.2,17.0,23.5,0.0,0.0,0.0,17.5,False,open_meteo_historical_weather_api,2026-06-11T10:40:28Z
14,Bangalore,2024-02-10,3,23.4,30.8,17.0,23.2,0.0,0.0,0.0,19.5,False,open_meteo_historical_weather_api,2026-06-11T10:40:28Z
14,Bangalore,2024-02-11,3,23.2,30.5,17.4,22.6,0.0,0.0,0.0,18.6,False,open_meteo_historical_weather_api,2026-06-11T10:40:28Z
14,Bangalore,2024-02-12,3,22.7,30.8,15.8,21.3,0.0,0.0,0.0,18.4,False,open_meteo_historical_weather_api,2026-06-11T10:40:28Z
14,Bangalore,2024-02-13,3,23.2,30.6,16.4,22.8,0.0,0.0,0.0,17.3,False,open_meteo_historical_weather_api,2026-06-11T10:40:28Z
14,Bangalore,2024-02-14,3,23.8,30.7,17.9,23.5,0.0,0.0,0.0,18.2,False,open_meteo_historical_weather_api,2026-06-11T10:40:28Z
14,Bangalore,2024-02-15,3,23.5,30.8,17.0,21.7,0.0,0.0,0.0,18.4,False,open_meteo_historical_weather_api,2026-06-11T10:40:28Z
14,Bangalore,2024-02-16,3,22.9,29.8,16.6,21.9,0.0,0.0,0.0,20.7,False,open_meteo_historical_weather_api,2026-06-11T10:40:28Z
14,Bangalore,2024-02-17,2,24.0,31.3,17.0,22.4,0.0,0.0,0.0,19.3,False,open_meteo_historical_weather_api,2026-06-11T10:40:28Z
14,Bangalore,2024-02-18,3,24.8,32.1,17.5,23.5,0.0,0.0,0.0,20.0,False,open_meteo_historical_weather_api,2026-06-11T10:40:28Z
14,Bangalore,2024-02-19,3,24.3,31.0,17.2,23.4,0.0,0.0,0.0,19.0,False,open_meteo_historical_weather_api,2026-06-11T10:40:28Z
14,Bangalore,2024-02-20,3,25.3,31.6,18.8,24.7,0.0,0.0,0.0,18.6,False,open_meteo_historical_weather_api,2026-06-11T10:40:28Z
14,Bangalore,2024-02-21,2,25.7,32.0,19.7,26.3,0.0,0.0,0.0,13.1,False,open_meteo_historical_weather_api,2026-06-11T10:40:28Z
14,Bangalore,2024-02-22,3,25.8,32.4,19.4,25.9,0.0,0.0,0.0,9.9,False,open_meteo_historical_weather_api,2026-06-11T10:40:28Z
14,Bangalore,2024-02-23,3,25.6,32.7,18.5,24.9,0.0,0.0,0.0,12.6,False,open_meteo_historical_weather_api,2026-06-11T10:40:28Z
14,Bangalore,2024-02-24,3,25.8,31.8,19.5,26.6,0.0,0.0,0.0,16.1,False,open_meteo_historical_weather_api,2026-06-11T10:40:28Z
14,Bangalore,2024-02-25,3,25.5,32.1,20.1,25.6,0.0,0.0,0.0,21.4,False,open_meteo_historical_weather_api,2026-06-11T10:40:28Z
14,Bangalore,2024-02-26,3,24.0,31.2,17.8,23.4,0.0,0.0,0.0,22.1,False,open_meteo_historical_weather_api,2026-06-11T10:40:28Z
14,Bangalore,2024-02-27,3,24.2,31.1,18.0,24.1,0.0,0.0,0.0,19.3,False,open_meteo_historical_weather_api,2026-06-11T10:40:28Z
14,Bangalore,2024-02-28,3,24.8,32.6,17.2,23.5,0.0,0.0,0.0,18.1,False,open_meteo_historical_weather_api,2026-06-11T10:40:28Z
14,Bangalore,2024-02-29,3,24.5,32.2,16.4,22.1,0.0,0.0,0.0,19.9,False,open_meteo_historical_weather_api,2026-06-11T10:40:28Z
14,Bangalore,2024-03-01,3,24.6,32.3,16.7,23.0,0.0,0.0,0.0,18.9,False,open_meteo_historical_weather_api,2026-06-11T10:40:28Z
14,Bangalore,2024-03-02,3,25.1,32.5,17.5,23.4,0.0,0.0,0.0,18.9,False,open_meteo_historical_weather_api,2026-06-11T10:40:28Z
14,Bangalore,2024-03-03,3,25.4,32.7,18.4,25.0,0.0,0.0,0.0,17.1,False,open_meteo_historical_weather_api,2026-06-11T10:40:28Z
14,Bangalore,2024-03-04,3,26.6,34.4,18.9,26.5,0.0,0.0,0.0,17.4,False,open_meteo_historical_weather_api,2026-06-11T10:40:28Z
14,Bangalore,2024-03-05,3,26.7,34.2,18.9,26.2,0.0,0.0,0.0,20.8,False,open_meteo_historical_weather_api,2026-06-11T10:40:28Z
14,Bangalore,2024-03-06,3,27.1,34.5,20.0,26.9,0.0,0.0,0.0,20.0,False,open_meteo_historical_weather_api,2026-06-11T10:40:28Z
14,Bangalore,2024-03-07,3,27.3,34.5,19.9,27.0,0.0,0.0,0.0,15.5,False,open_meteo_historical_weather_api,2026-06-11T10:40:28Z
14,Bangalore,2024-03-08,3,26.9,33.5,20.8,27.3,0.0,0.0,0.0,14.8,False,open_meteo_historical_weather_api,2026-06-11T10:40:28Z
14,Bangalore,2024-03-09,3,27.6,33.4,20.5,27.3,0.0,0.0,0.0,17.8,False,open_meteo_historical_weather_api,2026-06-11T10:40:28Z
14,Bangalore,2024-03-10,3,27.5,33.2,22.2,27.8,0.0,0.0,0.0,22.5,False,open_meteo_historical_weather_api,2026-06-11T10:40:28Z
14,Bangalore,2024-03-11,3,27.3,33.8,20.8,26.7,0.0,0.0,0.0,19.6,False,open_meteo_historical_weather_api,2026-06-11T10:40:28Z
14,Bangalore,2024-03-12,3,27.3,34.2,20.2,27.0,0.0,0.0,0.0,16.8,False,open_meteo_historical_weather_api,2026-06-11T10:40:28Z
14,Bangalore,2024-03-13,3,27.9,34.5,21.7,28.0,0.0,0.0,0.0,16.8,False,open_meteo_historical_weather_api,2026-06-11T10:40:28Z
14,Bangalore,2024-03-14,3,27.9,34.1,21.7,28.6,0.0,0.0,0.0,15.8,False,open_meteo_historical_weather_api,2026-06-11T10:40:28Z
14,Bangalore,2024-03-15,3,28.6,34.8,21.8,28.6,0.0,0.0,0.0,19.6,False,open_meteo_historical_weather_api,2026-06-11T10:40:28Z
14,Bangalore,2024-03-16,3,28.3,35.5,22.6,28.4,0.0,0.0,0.0,17.8,False,open_meteo_historical_weather_api,2026-06-11T10:40:28Z
14,Bangalore,2024-03-17,2,27.4,34.5,20.5,27.3,0.0,0.0,0.0,19.4,False,open_meteo_historical_weather_api,2026-06-11T10:40:28Z
14,Bangalore,2024-03-18,3,27.2,34.8,20.0,26.9,0.0,0.0,0.0,15.6,False,open_meteo_historical_weather_api,2026-06-11T10:40:28Z
14,Bangalore,2024-03-19,3,27.3,34.4,20.8,26.5,0.0,0.0,0.0,20.3,False,open_meteo_historical_weather_api,2026-06-11T10:40:28Z
14,Bangalore,2024-03-20,3,27.3,35.2,20.1,27.1,0.0,0.0,0.0,18.8,False,open_meteo_historical_weather_api,2026-06-11T10:40:28Z
14,Bangalore,2024-03-21,3,25.8,32.7,20.0,25.8,0.0,0.0,0.0,19.6,False,open_meteo_historical_weather_api,2026-06-11T10:40:28Z
14,Bangalore,2024-03-22,2,26.8,34.1,20.0,26.9,0.0,0.0,0.0,18.8,False,open_meteo_historical_weather_api,2026-06-11T10:40:28Z
14,Bangalore,2024-03-23,2,27.2,34.5,19.4,26.8,0.0,0.0,0.0,18.8,False,open_meteo_historical_weather_api,2026-06-11T10:40:28Z
14,Bangalore,2024-03-24,3,27.5,35.0,19.6,25.9,0.0,0.0,0.0,17.2,False,open_meteo_historical_weather_api,2026-06-11T10:40:28Z
14,Bangalore,2024-03-25,1,27.6,35.5,19.2,26.7,0.0,0.0,0.0,20.0,False,open_meteo_historical_weather_api,2026-06-11T10:40:28Z
14,Bangalore,2024-03-26,2,27.5,35.5,19.9,26.5,0.0,0.0,0.0,19.9,False,open_meteo_historical_weather_api,2026-06-11T10:40:28Z
14,Bangalore,2024-03-27,1,26.9,35.0,18.9,25.7,0.0,0.0,0.0,19.5,False,open_meteo_historical_weather_api,2026-06-11T10:40:28Z
14,Bangalore,2024-03-28,3,27.7,35.2,19.8,27.5,0.0,0.0,0.0,16.3,False,open_meteo_historical_weather_api,2026-06-11T10:40:28Z
14,Bangalore,2024-03-29,3,28.5,36.0,21.3,27.8,0.0,0.0,0.0,18.8,False,open_meteo_historical_weather_api,2026-06-11T10:40:28Z
14,Bangalore,2024-03-30,3,28.2,35.7,20.7,27.2,0.0,0.0,0.0,20.2,False,open_meteo_historical_weather_api,2026-06-11T10:40:28Z
14,Bangalore,2024-03-31,3,27.5,35.5,20.1,26.7,0.0,0.0,0.0,15.2,False,open_meteo_historical_weather_api,2026-06-11T10:40:28Z
14,Bangalore,2024-04-01,2,28.1,36.0,20.4,28.9,0.0,0.0,0.0,13.5,False,open_meteo_historical_weather_api,2026-06-11T10:40:28Z
14,Bangalore,2024-04-02,3,29.3,36.8,22.6,29.1,0.0,0.0,0.0,17.9,False,open_meteo_historical_weather_api,2026-06-11T10:40:28Z
14,Bangalore,2024-04-03,1,29.0,36.7,21.7,28.4,0.0,0.0,0.0,18.1,False,open_meteo_historical_weather_api,2026-06-11T10:40:28Z
14,Bangalore,2024-04-04,3,29.0,36.5,22.0,28.1,0.0,0.0,0.0,14.7,False,open_meteo_historical_weather_api,2026-06-11T10:40:28Z
14,Bangalore,2024-04-05,3,29.4,37.5,22.2,28.1,0.0,0.0,0.0,20.0,False,open_meteo_historical_weather_api,2026-06-11T10:40:28Z
14,Bangalore,2024-04-06,3,29.8,37.4,21.4,28.3,0.0,0.0,0.0,20.5,False,open_meteo_historical_weather_api,2026-06-11T10:40:28Z
14,Bangalore,2024-04-07,3,29.6,37.0,22.4,28.1,0.0,0.0,0.0,17.9,False,open_meteo_historical_weather_api,2026-06-11T10:40:28Z
14,Bangalore,2024-04-08,3,29.3,37.0,21.6,28.0,0.0,0.0,0.0,20.3,False,open_meteo_historical_weather_api,2026-06-11T10:40:28Z
14,Bangalore,2024-04-09,3,28.3,35.3,21.5,27.2,0.0,0.0,0.0,18.2,False,open_meteo_historical_weather_api,2026-06-11T10:40:28Z
14,Bangalore,2024-04-10,3,28.3,35.5,20.7,27.6,0.0,0.0,0.0,18.1,False,open_meteo_historical_weather_api,2026-06-11T10:40:28Z
14,Bangalore,2024-04-11,3,28.5,35.7,20.5,28.4,0.0,0.0,0.0,22.3,False,open_meteo_historical_weather_api,2026-06-11T10:40:28Z
14,Bangalore,2024-04-12,51,27.6,34.7,21.9,28.4,0.1,0.1,1.0,21.4,True,open_meteo_historical_weather_api,2026-06-11T10:40:28Z
14,Bangalore,2024-04-13,3,27.8,35.0,21.4,28.1,0.0,0.0,0.0,27.1,False,open_meteo_historical_weather_api,2026-06-11T10:40:28Z
14,Bangalore,2024-04-14,3,28.0,35.3,20.7,27.7,0.0,0.0,0.0,19.1,False,open_meteo_historical_weather_api,2026-06-11T10:40:28Z
14,Bangalore,2024-04-15,3,28.4,36.0,20.7,27.3,0.0,0.0,0.0,20.6,False,open_meteo_historical_weather_api,2026-06-11T10:40:28Z
14,Bangalore,2024-04-16,3,28.6,36.2,19.9,27.9,0.0,0.0,0.0,18.6,False,open_meteo_historical_weather_api,2026-06-11T10:40:28Z
14,Bangalore,2024-04-17,3,29.7,37.5,22.6,29.4,0.0,0.0,0.0,16.0,False,open_meteo_historical_weather_api,2026-06-11T10:40:28Z
14,Bangalore,2024-04-18,3,30.4,37.8,22.9,30.4,0.0,0.0,0.0,17.1,False,open_meteo_historical_weather_api,2026-06-11T10:40:28Z
14,Bangalore,2024-04-19,3,31.0,38.0,24.0,31.3,0.0,0.0,0.0,16.3,False,open_meteo_historical_weather_api,2026-06-11T10:40:28Z
14,Bangalore,2024-04-20,3,30.3,37.2,23.8,31.0,0.0,0.0,0.0,16.6,False,open_meteo_historical_weather_api,2026-06-11T10:40:28Z
14,Bangalore,2024-04-21,3,30.3,37.1,22.9,30.5,0.0,0.0,0.0,16.8,False,open_meteo_historical_weather_api,2026-06-11T10:40:28Z
14,Bangalore,2024-04-22,3,30.2,37.7,23.0,30.0,0.0,0.0,0.0,20.2,False,open_meteo_historical_weather_api,2026-06-11T10:40:28Z
14,Bangalore,2024-04-23,3,29.8,37.2,22.1,28.5,0.0,0.0,0.0,18.9,False,open_meteo_historical_weather_api,2026-06-11T10:40:28Z
14,Bangalore,2024-04-24,3,29.8,36.8,22.0,28.8,0.0,0.0,0.0,19.0,False,open_meteo_historical_weather_api,2026-06-11T10:40:28Z
14,Bangalore,2024-04-25,3,30.3,37.5,22.6,29.3,0.0,0.0,0.0,25.3,False,open_meteo_historical_weather_api,2026-06-11T10:40:28Z
14,Bangalore,2024-04-26,3,30.1,37.2,22.6,29.5,0.0,0.0,0.0,22.4,False,open_meteo_historical_weather_api,2026-06-11T10:40:28Z
14,Bangalore,2024-04-27,1,29.9,37.7,21.4,28.8,0.0,0.0,0.0,18.9,False,open_meteo_historical_weather_api,2026-06-11T10:40:28Z
14,Bangalore,2024-04-28,3,30.4,38.6,22.3,29.9,0.0,0.0,0.0,18.4,False,open_meteo_historical_weather_api,2026-06-11T10:40:28Z
14,Bangalore,2024-04-29,3,30.4,38.0,24.0,30.4,0.0,0.0,0.0,16.9,False,open_meteo_historical_weather_api,2026-06-11T10:40:28Z
14,Bangalore,2024-04-30,3,30.8,38.5,23.7,30.9,0.0,0.0,0.0,15.9,False,open_meteo_historical_weather_api,2026-06-11T10:40:28Z
14,Bangalore,2024-05-01,3,31.5,39.5,23.2,32.8,0.0,0.0,0.0,14.3,False,open_meteo_historical_weather_api,2026-06-11T10:40:28Z
14,Bangalore,2024-05-02,53,31.0,37.8,24.6,32.8,0.6,0.6,2.0,18.1,True,open_meteo_historical_weather_api,2026-06-11T10:40:28Z
14,Bangalore,2024-05-03,51,29.7,37.5,24.6,31.7,0.2,0.2,2.0,19.4,True,open_meteo_historical_weather_api,2026-06-11T10:40:28Z
14,Bangalore,2024-05-04,51,29.4,37.8,23.1,31.5,0.1,0.1,1.0,18.2,True,open_meteo_historical_weather_api,2026-06-11T10:40:28Z
14,Bangalore,2024-05-05,3,30.1,37.7,23.2,31.1,0.0,0.0,0.0,17.4,False,open_meteo_historical_weather_api,2026-06-11T10:40:28Z
14,Bangalore,2024-05-06,3,30.4,39.3,23.2,31.9,0.0,0.0,0.0,15.9,False,open_meteo_historical_weather_api,2026-06-11T10:40:28Z
14,Bangalore,2024-05-07,51,29.2,35.9,23.6,31.3,0.1,0.1,1.0,13.6,True,open_meteo_historical_weather_api,2026-06-11T10:40:28Z
14,Bangalore,2024-05-08,63,27.6,34.0,21.5,29.4,6.2,6.2,4.0,18.2,True,open_meteo_historical_weather_api,2026-06-11T10:40:28Z
14,Bangalore,2024-05-09,61,27.3,32.8,22.5,29.6,4.5,4.5,5.0,16.3,True,open_meteo_historical_weather_api,2026-06-11T10:40:28Z
14,Bangalore,2024-05-10,63,26.6,33.0,22.4,29.0,6.0,6.0,5.0,17.0,True,open_meteo_historical_weather_api,2026-06-11T10:40:28Z
14,Bangalore,2024-05-11,3,27.4,34.0,21.6,29.6,0.0,0.0,0.0,16.7,False,open_meteo_historical_weather_api,2026-06-11T10:40:28Z
14,Bangalore,2024-05-12,63,26.2,31.8,22.0,29.3,5.8,5.8,10.0,18.1,True,open_meteo_historical_weather_api,2026-06-11T10:40:28Z
14,Bangalore,2024-05-13,63,26.1,32.7,20.8,28.9,4.9,4.9,8.0,15.5,True,open_meteo_historical_weather_api,2026-06-11T10:40:28Z
14,Bangalore,2024-05-14,65,24.9,29.2,21.5,28.2,16.2,16.2,9.0,10.0,True,open_meteo_historical_weather_api,2026-06-11T10:40:28Z
14,Bangalore,2024-05-15,53,26.2,32.2,21.1,28.7,1.0,1.0,2.0,18.7,True,open_meteo_historical_weather_api,2026-06-11T10:40:28Z
14,Bangalore,2024-05-16,61,24.5,27.1,21.2,27.3,2.8,2.8,4.0,12.8,True,open_meteo_historical_weather_api,2026-06-11T10:40:28Z
14,Bangalore,2024-05-17,65,24.1,29.3,20.9,27.6,15.0,15.0,11.0,14.3,True,open_meteo_historical_weather_api,2026-06-11T10:40:28Z
14,Bangalore,2024-05-18,65,24.1,29.2,21.1,28.0,19.5,19.5,15.0,17.8,True,open_meteo_historical_weather_api,2026-06-11T10:40:28Z
14,Bangalore,2024-05-19,63,24.3,29.2,21.5,28.4,9.1,9.1,17.0,6.5,True,open_meteo_historical_weather_api,2026-06-11T10:40:28Z
14,Bangalore,2024-05-20,65,23.8,27.5,21.1,27.5,25.2,25.2,10.0,17.9,True,open_meteo_historical_weather_api,2026-06-11T10:40:28Z
14,Bangalore,2024-05-21,63,24.2,29.8,21.4,27.7,10.5,10.5,12.0,17.7,True,open_meteo_historical_weather_api,2026-06-11T10:40:28Z
14,Bangalore,2024-05-22,63,24.9,29.8,21.2,28.1,12.9,12.9,8.0,19.3,True,open_meteo_historical_weather_api,2026-06-11T10:40:28Z
14,Bangalore,2024-05-23,53,25.8,31.5,20.5,29.7,0.7,0.7,2.0,15.7,True,open_meteo_historical_weather_api,2026-06-11T10:40:28Z
14,Bangalore,2024-05-24,55,24.8,29.8,21.8,28.4,3.5,3.5,7.0,16.0,True,open_meteo_historical_weather_api,2026-06-11T10:40:28Z
14,Bangalore,2024-05-25,51,25.1,29.6,22.0,26.6,0.5,0.5,2.0,21.9,True,open_meteo_historical_weather_api,2026-06-11T10:40:28Z
14,Bangalore,2024-05-26,61,24.7,29.1,21.6,25.3,2.4,2.4,2.0,27.2,True,open_meteo_historical_weather_api,2026-06-11T10:40:28Z
14,Bangalore,2024-05-27,3,25.5,30.5,20.6,26.7,0.0,0.0,0.0,23.8,False,open_meteo_historical_weather_api,2026-06-11T10:40:28Z
14,Bangalore,2024-05-28,3,25.7,32.2,21.4,27.3,0.0,0.0,0.0,21.7,False,open_meteo_historical_weather_api,2026-06-11T10:40:28Z
14,Bangalore,2024-05-29,51,26.3,32.1,20.5,28.1,0.2,0.2,2.0,22.3,True,open_meteo_historical_weather_api,2026-06-11T10:40:28Z
14,Bangalore,2024-05-30,61,26.0,32.2,21.4,28.5,2.4,2.4,4.0,17.1,True,open_meteo_historical_weather_api,2026-06-11T10:40:28Z
14,Bangalore,2024-05-31,53,26.5,32.2,21.6,29.0,1.2,1.2,4.0,17.7,True,open_meteo_historical_weather_api,2026-06-11T10:40:28Z
14,Bangalore,2024-06-01,65,25.5,32.2,22.4,29.3,28.0,28.0,14.0,16.0,True,open_meteo_historical_weather_api,2026-06-11T10:40:28Z
14,Bangalore,2024-06-02,63,25.5,30.9,22.5,29.5,10.3,10.3,14.0,11.8,True,open_meteo_historical_weather_api,2026-06-11T10:40:28Z
14,Bangalore,2024-06-03,51,24.7,28.4,22.0,27.9,0.6,0.6,5.0,13.0,True,open_meteo_historical_weather_api,2026-06-11T10:40:28Z
14,Bangalore,2024-06-04,61,24.6,29.4,21.3,28.0,7.1,7.1,7.0,13.4,True,open_meteo_historical_weather_api,2026-06-11T10:40:28Z
14,Bangalore,2024-06-05,65,23.8,27.6,20.9,27.2,20.8,20.8,10.0,11.0,True,open_meteo_historical_weather_api,2026-06-11T10:40:28Z
14,Bangalore,2024-06-06,61,23.6,28.1,21.5,27.1,8.4,8.4,17.0,20.7,True,open_meteo_historical_weather_api,2026-06-11T10:40:28Z
14,Bangalore,2024-06-07,63,23.3,27.1,21.3,26.0,7.2,7.2,14.0,21.9,True,open_meteo_historical_weather_api,2026-06-11T10:40:28Z
14,Bangalore,2024-06-08,53,23.8,28.8,20.6,25.4,1.9,1.9,7.0,22.7,True,open_meteo_historical_weather_api,2026-06-11T10:40:28Z
14,Bangalore,2024-06-09,61,23.5,27.1,20.5,24.3,3.3,3.3,8.0,28.3,True,open_meteo_historical_weather_api,2026-06-11T10:40:28Z
14,Bangalore,2024-06-10,53,23.7,27.5,20.6,24.8,2.2,2.2,7.0,28.4,True,open_meteo_historical_weather_api,2026-06-11T10:40:28Z
14,Bangalore,2024-06-11,51,23.6,28.8,21.1,24.7,0.6,0.6,5.0,26.8,True,open_meteo_historical_weather_api,2026-06-11T10:40:28Z
14,Bangalore,2024-06-12,63,23.0,27.7,20.6,24.3,6.9,6.9,12.0,24.2,True,open_meteo_historical_weather_api,2026-06-11T10:40:28Z
14,Bangalore,2024-06-13,61,23.1,28.6,20.0,24.5,3.1,3.1,7.0,23.5,True,open_meteo_historical_weather_api,2026-06-11T10:40:28Z
14,Bangalore,2024-06-14,3,23.9,28.6,20.2,25.1,0.0,0.0,0.0,21.1,False,open_meteo_historical_weather_api,2026-06-11T10:40:28Z
14,Bangalore,2024-06-15,3,24.2,29.9,19.4,25.5,0.0,0.0,0.0,17.7,False,open_meteo_historical_weather_api,2026-06-11T10:40:28Z
14,Bangalore,2024-06-16,51,23.9,29.2,19.6,25.6,1.0,1.0,5.0,20.6,True,open_meteo_historical_weather_api,2026-06-11T10:40:28Z
14,Bangalore,2024-06-17,53,24.1,29.8,20.3,26.2,0.6,0.6,2.0,17.2,True,open_meteo_historical_weather_api,2026-06-11T10:40:28Z
14,Bangalore,2024-06-18,61,23.8,29.2,20.3,26.0,4.4,4.4,5.0,22.2,True,open_meteo_historical_weather_api,2026-06-11T10:40:28Z
14,Bangalore,2024-06-19,63,23.4,29.1,20.1,25.5,5.4,5.4,8.0,19.4,True,open_meteo_historical_weather_api,2026-06-11T10:40:28Z
14,Bangalore,2024-06-20,51,23.5,28.2,20.4,24.6,0.6,0.6,4.0,22.4,True,open_meteo_historical_weather_api,2026-06-11T10:40:28Z
14,Bangalore,2024-06-21,63,23.1,28.8,19.7,24.5,3.3,3.3,6.0,23.0,True,open_meteo_historical_weather_api,2026-06-11T10:40:28Z
14,Bangalore,2024-06-22,53,23.7,28.0,20.1,25.0,1.9,1.9,8.0,20.7,True,open_meteo_historical_weather_api,2026-06-11T10:40:28Z
14,Bangalore,2024-06-23,51,23.8,28.3,20.2,24.9,1.6,1.6,11.0,22.9,True,open_meteo_historical_weather_api,2026-06-11T10:40:28Z
14,Bangalore,2024-06-24,55,23.7,29.8,20.5,24.4,4.1,4.1,10.0,24.8,True,open_meteo_historical_weather_api,2026-06-11T10:40:28Z
14,Bangalore,2024-06-25,51,23.6,27.4,20.8,24.3,1.6,1.6,9.0,30.0,True,open_meteo_historical_weather_api,2026-06-11T10:40:28Z
14,Bangalore,2024-06-26,53,23.3,28.0,20.8,23.7,2.2,2.2,8.0,31.7,True,open_meteo_historical_weather_api,2026-06-11T10:40:28Z
14,Bangalore,2024-06-27,55,22.5,25.6,21.0,23.1,6.1,6.1,15.0,32.9,True,open_meteo_historical_weather_api,2026-06-11T10:40:28Z
14,Bangalore,2024-06-28,51,23.9,29.1,20.0,24.6,0.8,0.8,6.0,25.8,True,open_meteo_historical_weather_api,2026-06-11T10:40:28Z
14,Bangalore,2024-06-29,51,23.8,29.8,19.8,25.3,1.0,1.0,7.0,21.4,True,open_meteo_historical_weather_api,2026-06-11T10:40:28Z
14,Bangalore,2024-06-30,53,23.5,28.4,20.2,25.4,1.4,1.4,6.0,19.8,True,open_meteo_historical_weather_api,2026-06-11T10:40:28Z
14,Bangalore,2024-07-01,63,23.0,27.6,20.5,24.5,9.0,9.0,14.0,22.3,True,open_meteo_historical_weather_api,2026-06-11T10:40:28Z
14,Bangalore,2024-07-02,51,24.0,29.4,20.1,24.5,0.1,0.1,1.0,26.7,True,open_meteo_historical_weather_api,2026-06-11T10:40:28Z
14,Bangalore,2024-07-03,63,23.2,29.3,20.0,24.8,10.4,10.4,13.0,22.2,True,open_meteo_historical_weather_api,2026-06-11T10:40:28Z
14,Bangalore,2024-07-04,61,22.4,26.8,20.0,24.1,3.8,3.8,7.0,19.7,True,open_meteo_historical_weather_api,2026-06-11T10:40:28Z
14,Bangalore,2024-07-05,61,23.2,29.8,20.1,24.7,6.9,6.9,13.0,20.7,True,open_meteo_historical_weather_api,2026-06-11T10:40:28Z
14,Bangalore,2024-07-06,63,22.6,26.5,20.0,23.1,5.9,5.9,8.0,27.3,True,open_meteo_historical_weather_api,2026-06-11T10:40:28Z
14,Bangalore,2024-07-07,53,23.4,28.6,20.0,24.3,1.0,1.0,3.0,26.9,True,open_meteo_historical_weather_api,2026-06-11T10:40:28Z
14,Bangalore,2024-07-08,61,23.2,27.9,20.4,24.1,5.6,5.6,8.0,22.2,True,open_meteo_historical_weather_api,2026-06-11T10:40:28Z
14,Bangalore,2024-07-09,61,23.3,28.7,19.7,24.1,2.9,2.9,7.0,23.8,True,open_meteo_historical_weather_api,2026-06-11T10:40:28Z
14,Bangalore,2024-07-10,51,23.3,29.3,19.4,24.9,1.5,1.5,8.0,20.6,True,open_meteo_historical_weather_api,2026-06-11T10:40:28Z
14,Bangalore,2024-07-11,55,23.2,26.9,20.2,24.7,3.7,3.7,7.0,19.1,True,open_meteo_historical_weather_api,2026-06-11T10:40:28Z
14,Bangalore,2024-07-12,63,22.9,29.1,19.7,24.8,17.4,17.4,11.0,23.0,True,open_meteo_historical_weather_api,2026-06-11T10:40:28Z
14,Bangalore,2024-07-13,51,22.7,25.8,20.5,23.4,1.2,1.2,10.0,27.2,True,open_meteo_historical_weather_api,2026-06-11T10:40:28Z
14,Bangalore,2024-07-14,51,22.5,26.5,20.5,22.7,1.5,1.5,8.0,27.8,True,open_meteo_historical_weather_api,2026-06-11T10:40:28Z
14,Bangalore,2024-07-15,63,21.7,26.4,20.2,22.3,16.8,16.8,17.0,27.2,True,open_meteo_historical_weather_api,2026-06-11T10:40:28Z
14,Bangalore,2024-07-16,61,21.8,24.4,20.3,22.4,16.2,16.2,24.0,29.7,True,open_meteo_historical_weather_api,2026-06-11T10:40:28Z
14,Bangalore,2024-07-17,55,22.1,25.8,20.0,22.7,5.2,5.2,17.0,30.4,True,open_meteo_historical_weather_api,2026-06-11T10:40:28Z
14,Bangalore,2024-07-18,61,22.1,26.0,20.5,22.4,9.3,9.3,18.0,33.3,True,open_meteo_historical_weather_api,2026-06-11T10:40:28Z
14,Bangalore,2024-07-19,61,21.1,22.3,20.1,21.4,14.5,14.5,24.0,27.5,True,open_meteo_historical_weather_api,2026-06-11T10:40:28Z
14,Bangalore,2024-07-20,53,22.0,25.1,19.8,21.8,2.8,2.8,10.0,32.1,True,open_meteo_historical_weather_api,2026-06-11T10:40:28Z
14,Bangalore,2024-07-21,51,22.9,27.2,20.5,22.6,1.1,1.1,8.0,33.0,True,open_meteo_historical_weather_api,2026-06-11T10:40:28Z
14,Bangalore,2024-07-22,51,23.1,27.6,20.5,22.8,1.4,1.4,7.0,32.8,True,open_meteo_historical_weather_api,2026-06-11T10:40:28Z
14,Bangalore,2024-07-23,53,23.3,27.2,20.9,23.3,2.2,2.2,9.0,29.9,True,open_meteo_historical_weather_api,2026-06-11T10:40:28Z
14,Bangalore,2024-07-24,51,23.2,27.1,20.5,23.2,1.5,1.5,9.0,30.5,True,open_meteo_historical_weather_api,2026-06-11T10:40:28Z
14,Bangalore,2024-07-25,53,22.9,26.9,20.5,22.9,2.3,2.3,11.0,36.1,True,open_meteo_historical_weather_api,2026-06-11T10:40:28Z
14,Bangalore,2024-07-26,53,23.1,26.8,21.0,23.0,2.2,2.2,12.0,35.1,True,open_meteo_historical_weather_api,2026-06-11T10:40:28Z
14,Bangalore,2024-07-27,51,23.2,27.4,20.8,22.6,0.6,0.6,5.0,34.7,True,open_meteo_historical_weather_api,2026-06-11T10:40:28Z
14,Bangalore,2024-07-28,51,22.8,27.2,20.3,22.2,0.2,0.2,2.0,34.2,True,open_meteo_historical_weather_api,2026-06-11T10:40:28Z
14,Bangalore,2024-07-29,55,23.3,28.4,20.6,23.9,3.7,3.7,13.0,30.1,True,open_meteo_historical_weather_api,2026-06-11T10:40:28Z
14,Bangalore,2024-07-30,61,21.2,22.8,20.2,22.4,11.7,11.7,23.0,24.7,True,open_meteo_historical_weather_api,2026-06-11T10:40:28Z
14,Bangalore,2024-07-31,63,22.0,26.3,20.0,23.4,10.6,10.6,14.0,21.8,True,open_meteo_historical_weather_api,2026-06-11T10:40:28Z
14,Bangalore,2024-08-01,53,22.4,27.9,20.2,23.7,3.4,3.4,12.0,26.3,True,open_meteo_historical_weather_api,2026-06-11T10:40:28Z
14,Bangalore,2024-08-02,53,22.6,26.8,20.2,23.7,4.3,4.3,17.0,25.9,True,open_meteo_historical_weather_api,2026-06-11T10:40:28Z
14,Bangalore,2024-08-03,63,22.3,27.4,19.5,23.4,7.6,7.6,14.0,25.6,True,open_meteo_historical_weather_api,2026-06-11T10:40:28Z
14,Bangalore,2024-08-04,53,23.2,28.1,19.8,25.0,2.0,2.0,5.0,21.7,True,open_meteo_historical_weather_api,2026-06-11T10:40:28Z
14,Bangalore,2024-08-05,55,22.7,27.7,19.1,25.0,1.2,1.2,2.0,15.6,True,open_meteo_historical_weather_api,2026-06-11T10:40:28Z
14,Bangalore,2024-08-06,61,22.2,25.4,20.0,24.7,8.6,8.6,18.0,15.3,True,open_meteo_historical_weather_api,2026-06-11T10:40:28Z
14,Bangalore,2024-08-07,53,21.9,25.0,20.2,24.1,5.2,5.2,16.0,17.2,True,open_meteo_historical_weather_api,2026-06-11T10:40:28Z
14,Bangalore,2024-08-08,63,22.4,27.1,19.5,24.3,16.1,16.1,14.0,17.4,True,open_meteo_historical_weather_api,2026-06-11T10:40:28Z
14,Bangalore,2024-08-09,63,23.1,28.0,19.7,25.3,12.4,12.4,14.0,18.2,True,open_meteo_historical_weather_api,2026-06-11T10:40:28Z
14,Bangalore,2024-08-10,63,22.8,26.5,20.3,25.4,19.2,19.2,16.0,16.6,True,open_meteo_historical_weather_api,2026-06-11T10:40:28Z
14,Bangalore,2024-08-11,53,23.6,27.9,20.2,26.1,3.0,3.0,11.0,14.8,True,open_meteo_historical_weather_api,2026-06-11T10:40:28Z
14,Bangalore,2024-08-12,53,24.1,28.9,20.2,26.8,2.4,2.4,10.0,13.7,True,open_meteo_historical_weather_api,2026-06-11T10:40:28Z
14,Bangalore,2024-08-13,63,23.8,28.6,20.2,27.2,12.7,12.7,13.0,11.5,True,open_meteo_historical_weather_api,2026-06-11T10:40:28Z
14,Bangalore,2024-08-14,51,24.5,28.5,20.3,27.8,1.5,1.5,8.0,11.2,True,open_meteo_historical_weather_api,2026-06-11T10:40:28Z
14,Bangalore,2024-08-15,55,24.6,28.8,21.7,28.2,2.0,2.0,6.0,11.1,True,open_meteo_historical_weather_api,2026-06-11T10:40:28Z
14,Bangalore,2024-08-16,63,23.8,28.6,20.5,27.6,13.3,13.3,15.0,11.6,True,open_meteo_historical_weather_api,2026-06-11T10:40:28Z
14,Bangalore,2024-08-17,55,23.9,28.9,19.5,27.7,3.7,3.7,11.0,11.1,True,open_meteo_historical_weather_api,2026-06-11T10:40:28Z
14,Bangalore,2024-08-18,51,24.1,29.0,19.1,27.5,0.1,0.1,1.0,7.6,True,open_meteo_historical_weather_api,2026-06-11T10:40:28Z
14,Bangalore,2024-08-19,63,23.6,28.0,20.7,27.5,17.4,17.4,18.0,8.4,True,open_meteo_historical_weather_api,2026-06-11T10:40:28Z
14,Bangalore,2024-08-20,65,23.5,28.7,19.9,27.1,19.7,19.7,8.0,15.1,True,open_meteo_historical_weather_api,2026-06-11T10:40:28Z
14,Bangalore,2024-08-21,51,23.3,27.4,20.6,25.4,1.2,1.2,9.0,20.8,True,open_meteo_historical_weather_api,2026-06-11T10:40:28Z
14,Bangalore,2024-08-22,51,23.1,27.4,19.6,24.0,0.4,0.4,4.0,26.7,True,open_meteo_historical_weather_api,2026-06-11T10:40:28Z
14,Bangalore,2024-08-23,51,23.1,27.4,19.0,24.5,0.1,0.1,1.0,22.2,True,open_meteo_historical_weather_api,2026-06-11T10:40:28Z
14,Bangalore,2024-08-24,61,22.8,27.3,19.6,23.5,3.8,3.8,8.0,26.1,True,open_meteo_historical_weather_api,2026-06-11T10:40:28Z
14,Bangalore,2024-08-25,51,22.7,27.1,19.8,23.0,0.9,0.9,6.0,28.1,True,open_meteo_historical_weather_api,2026-06-11T10:40:28Z
14,Bangalore,2024-08-26,51,23.0,28.1,19.4,23.3,1.2,1.2,11.0,27.7,True,open_meteo_historical_weather_api,2026-06-11T10:40:28Z
14,Bangalore,2024-08-27,53,22.7,26.7,19.8,23.6,1.7,1.7,9.0,23.0,True,open_meteo_historical_weather_api,2026-06-11T10:40:28Z
14,Bangalore,2024-08-28,53,22.3,26.6,19.6,23.2,1.4,1.4,7.0,23.4,True,open_meteo_historical_weather_api,2026-06-11T10:40:28Z
14,Bangalore,2024-08-29,63,21.9,27.1,19.4,23.1,9.4,9.4,9.0,23.4,True,open_meteo_historical_weather_api,2026-06-11T10:40:28Z
14,Bangalore,2024-08-30,53,21.8,25.9,19.8,23.2,3.9,3.9,15.0,20.9,True,open_meteo_historical_weather_api,2026-06-11T10:40:28Z
14,Bangalore,2024-08-31,53,21.5,23.8,19.6,22.5,4.6,4.6,19.0,22.4,True,open_meteo_historical_weather_api,2026-06-11T10:40:28Z
14,Bangalore,2024-09-01,61,22.3,27.0,20.1,23.5,5.3,5.3,12.0,26.6,True,open_meteo_historical_weather_api,2026-06-11T10:40:28Z
14,Bangalore,2024-09-02,55,22.9,27.5,20.4,24.4,4.1,4.1,10.0,20.5,True,open_meteo_historical_weather_api,2026-06-11T10:40:28Z
14,Bangalore,2024-09-03,51,23.1,27.7,20.0,24.3,1.4,1.4,9.0,23.8,True,open_meteo_historical_weather_api,2026-06-11T10:40:28Z
14,Bangalore,2024-09-04,51,23.2,27.8,19.8,24.2,0.5,0.5,4.0,25.2,True,open_meteo_historical_weather_api,2026-06-11T10:40:28Z
14,Bangalore,2024-09-05,51,23.2,27.8,19.9,24.3,0.5,0.5,5.0,22.1,True,open_meteo_historical_weather_api,2026-06-11T10:40:28Z
14,Bangalore,2024-09-06,51,22.8,27.1,19.8,24.2,1.6,1.6,11.0,21.3,True,open_meteo_historical_weather_api,2026-06-11T10:40:28Z
14,Bangalore,2024-09-07,63,22.5,27.6,19.6,23.9,11.9,11.9,10.0,21.7,True,open_meteo_historical_weather_api,2026-06-11T10:40:28Z
14,Bangalore,2024-09-08,53,22.3,25.7,20.2,23.2,2.6,2.6,10.0,23.4,True,open_meteo_historical_weather_api,2026-06-11T10:40:28Z
14,Bangalore,2024-09-09,63,22.9,28.4,20.2,23.8,6.0,6.0,10.0,25.7,True,open_meteo_historical_weather_api,2026-06-11T10:40:28Z
14,Bangalore,2024-09-10,51,23.3,28.4,19.8,23.9,1.9,1.9,12.0,29.9,True,open_meteo_historical_weather_api,2026-06-11T10:40:28Z
14,Bangalore,2024-09-11,51,23.4,28.8,19.5,24.2,0.7,0.7,6.0,22.9,True,open_meteo_historical_weather_api,2026-06-11T10:40:28Z
14,Bangalore,2024-09-12,51,23.3,29.1,19.5,24.4,0.7,0.7,6.0,22.1,True,open_meteo_historical_weather_api,2026-06-11T10:40:28Z
14,Bangalore,2024-09-13,3,23.1,28.5,18.5,24.2,0.0,0.0,0.0,20.8,False,open_meteo_historical_weather_api,2026-06-11T10:40:28Z
14,Bangalore,2024-09-14,51,23.1,28.4,18.8,24.6,0.9,0.9,4.0,20.9,True,open_meteo_historical_weather_api,2026-06-11T10:40:28Z
14,Bangalore,2024-09-15,51,23.3,28.5,18.4,24.7,0.6,0.6,6.0,18.6,True,open_meteo_historical_weather_api,2026-06-11T10:40:28Z
14,Bangalore,2024-09-16,51,22.8,28.4,17.5,24.0,0.7,0.7,3.0,22.6,True,open_meteo_historical_weather_api,2026-06-11T10:40:28Z
14,Bangalore,2024-09-17,51,23.1,28.2,18.6,24.3,0.4,0.4,3.0,20.4,True,open_meteo_historical_weather_api,2026-06-11T10:40:28Z
14,Bangalore,2024-09-18,3,23.0,28.4,17.9,23.8,0.0,0.0,0.0,16.8,False,open_meteo_historical_weather_api,2026-06-11T10:40:28Z
14,Bangalore,2024-09-19,51,23.0,28.9,17.4,24.3,0.6,0.6,4.0,18.4,True,open_meteo_historical_weather_api,2026-06-11T10:40:28Z
14,Bangalore,2024-09-20,51,23.8,28.9,19.6,25.5,0.1,0.1,1.0,13.3,True,open_meteo_historical_weather_api,2026-06-11T10:40:28Z
14,Bangalore,2024-09-21,51,24.0,29.2,19.1,25.1,0.1,0.1,1.0,18.6,True,open_meteo_historical_weather_api,2026-06-11T10:40:28Z
14,Bangalore,2024-09-22,55,24.0,29.0,19.5,25.2,1.4,1.4,3.0,19.3,True,open_meteo_historical_weather_api,2026-06-11T10:40:28Z
14,Bangalore,2024-09-23,63,23.5,29.4,20.0,25.3,5.3,5.3,10.0,20.0,True,open_meteo_historical_weather_api,2026-06-11T10:40:28Z
14,Bangalore,2024-09-24,61,23.1,28.5,20.5,24.5,4.4,4.4,12.0,23.5,True,open_meteo_historical_weather_api,2026-06-11T10:40:28Z
14,Bangalore,2024-09-25,55,23.3,28.8,20.4,24.6,2.5,2.5,9.0,23.4,True,open_meteo_historical_weather_api,2026-06-11T10:40:28Z
14,Bangalore,2024-09-26,51,23.6,28.8,19.5,24.9,0.6,0.6,4.0,19.5,True,open_meteo_historical_weather_api,2026-06-11T10:40:28Z
14,Bangalore,2024-09-27,53,23.4,28.8,19.4,25.4,1.5,1.5,4.0,16.8,True,open_meteo_historical_weather_api,2026-06-11T10:40:28Z
14,Bangalore,2024-09-28,53,23.2,28.5,19.6,26.2,3.0,3.0,11.0,15.4,True,open_meteo_historical_weather_api,2026-06-11T10:40:28Z
14,Bangalore,2024-09-29,61,24.0,28.5,20.3,26.8,5.5,5.5,13.0,12.1,True,open_meteo_historical_weather_api,2026-06-11T10:40:28Z
14,Bangalore,2024-09-30,51,24.5,30.1,20.5,27.0,0.1,0.1,1.0,13.6,True,open_meteo_historical_weather_api,2026-06-11T10:40:28Z
14,Bangalore,2024-10-01,51,24.8,30.6,19.8,27.9,0.4,0.4,3.0,10.6,True,open_meteo_historical_weather_api,2026-06-11T10:40:28Z
14,Bangalore,2024-10-02,63,24.2,29.9,20.4,27.0,9.8,9.8,11.0,14.6,True,open_meteo_historical_weather_api,2026-06-11T10:40:28Z
14,Bangalore,2024-10-03,63,23.4,28.4,20.0,26.0,4.2,4.2,6.0,15.5,True,open_meteo_historical_weather_api,2026-06-11T10:40:28Z
14,Bangalore,2024-10-04,63,23.6,28.5,19.9,26.3,7.2,7.2,5.0,12.3,True,open_meteo_historical_weather_api,2026-06-11T10:40:28Z
14,Bangalore,2024-10-05,61,22.4,26.9,20.0,25.0,11.3,11.3,13.0,14.3,True,open_meteo_historical_weather_api,2026-06-11T10:40:28Z
14,Bangalore,2024-10-06,51,23.3,27.4,19.6,25.8,0.5,0.5,2.0,11.4,True,open_meteo_historical_weather_api,2026-06-11T10:40:28Z
14,Bangalore,2024-10-07,53,23.1,28.9,19.1,24.8,0.9,0.9,4.0,23.5,True,open_meteo_historical_weather_api,2026-06-11T10:40:28Z
14,Bangalore,2024-10-08,63,23.2,27.9,20.0,25.7,10.7,10.7,9.0,13.4,True,open_meteo_historical_weather_api,2026-06-11T10:40:28Z
14,Bangalore,2024-10-09,63,23.3,28.0,20.2,25.8,5.2,5.2,8.0,14.4,True,open_meteo_historical_weather_api,2026-06-11T10:40:28Z
14,Bangalore,2024-10-10,63,22.8,27.5,19.9,25.5,6.5,6.5,12.0,17.5,True,open_meteo_historical_weather_api,2026-06-11T10:40:28Z
14,Bangalore,2024-10-11,61,22.9,27.9,19.9,25.4,4.9,4.9,12.0,17.3,True,open_meteo_historical_weather_api,2026-06-11T10:40:28Z
14,Bangalore,2024-10-12,63,23.2,28.1,20.3,25.6,7.2,7.2,8.0,15.3,True,open_meteo_historical_weather_api,2026-06-11T10:40:28Z
14,Bangalore,2024-10-13,51,23.3,27.9,20.4,25.2,1.8,1.8,11.0,19.7,True,open_meteo_historical_weather_api,2026-06-11T10:40:28Z
14,Bangalore,2024-10-14,63,21.0,23.4,19.3,23.7,14.4,14.4,13.0,13.7,True,open_meteo_historical_weather_api,2026-06-11T10:40:28Z
14,Bangalore,2024-10-15,63,21.2,23.1,19.8,23.7,31.5,31.5,24.0,15.9,True,open_meteo_historical_weather_api,2026-06-11T10:40:28Z
14,Bangalore,2024-10-16,63,20.8,22.9,19.2,23.5,13.3,13.3,15.0,11.6,True,open_meteo_historical_weather_api,2026-06-11T10:40:28Z
14,Bangalore,2024-10-17,51,22.8,27.0,19.8,25.3,0.8,0.8,7.0,14.7,True,open_meteo_historical_weather_api,2026-06-11T10:40:28Z
14,Bangalore,2024-10-18,65,22.2,27.6,19.5,25.0,8.4,8.4,7.0,18.5,True,open_meteo_historical_weather_api,2026-06-11T10:40:28Z
14,Bangalore,2024-10-19,61,21.4,24.7,18.9,24.3,8.5,8.5,14.0,10.1,True,open_meteo_historical_weather_api,2026-06-11T10:40:28Z
14,Bangalore,2024-10-20,63,21.7,26.4,19.4,24.7,21.1,21.1,18.0,11.7,True,open_meteo_historical_weather_api,2026-06-11T10:40:28Z
14,Bangalore,2024-10-21,63,22.2,26.8,19.6,25.3,17.8,17.8,14.0,10.2,True,open_meteo_historical_weather_api,2026-06-11T10:40:28Z
14,Bangalore,2024-10-22,65,22.0,27.5,18.4,25.1,27.3,27.3,13.0,11.9,True,open_meteo_historical_weather_api,2026-06-11T10:40:28Z
14,Bangalore,2024-10-23,65,22.4,27.5,19.2,25.8,20.1,20.1,16.0,10.4,True,open_meteo_historical_weather_api,2026-06-11T10:40:28Z
14,Bangalore,2024-10-24,51,22.0,26.2,19.0,24.9,1.1,1.1,9.0,6.2,True,open_meteo_historical_weather_api,2026-06-11T10:40:28Z
14,Bangalore,2024-10-25,3,21.9,27.0,17.4,23.9,0.0,0.0,0.0,8.7,False,open_meteo_historical_weather_api,2026-06-11T10:40:28Z
14,Bangalore,2024-10-26,3,21.6,26.6,17.0,22.7,0.0,0.0,0.0,13.2,False,open_meteo_historical_weather_api,2026-06-11T10:40:28Z
14,Bangalore,2024-10-27,2,21.1,26.7,15.5,22.4,0.0,0.0,0.0,11.0,False,open_meteo_historical_weather_api,2026-06-11T10:40:28Z
14,Bangalore,2024-10-28,3,21.9,27.1,16.5,23.9,0.0,0.0,0.0,9.0,False,open_meteo_historical_weather_api,2026-06-11T10:40:28Z
14,Bangalore,2024-10-29,51,22.5,27.6,17.5,24.6,0.4,0.4,4.0,9.7,True,open_meteo_historical_weather_api,2026-06-11T10:40:28Z
14,Bangalore,2024-10-30,51,22.4,27.3,17.8,25.1,1.1,1.1,6.0,7.5,True,open_meteo_historical_weather_api,2026-06-11T10:40:28Z
14,Bangalore,2024-10-31,63,22.5,27.8,18.4,25.5,4.0,4.0,4.0,10.0,True,open_meteo_historical_weather_api,2026-06-11T10:40:28Z
14,Bangalore,2024-11-01,63,22.3,26.9,19.8,25.1,8.2,8.2,14.0,9.6,True,open_meteo_historical_weather_api,2026-06-11T10:40:28Z
14,Bangalore,2024-11-02,51,22.1,27.6,18.8,24.1,1.2,1.2,9.0,19.9,True,open_meteo_historical_weather_api,2026-06-11T10:40:28Z
14,Bangalore,2024-11-03,51,22.4,27.7,19.5,24.1,0.7,0.7,4.0,17.6,True,open_meteo_historical_weather_api,2026-06-11T10:40:28Z
14,Bangalore,2024-11-04,51,22.4,27.0,19.5,24.0,1.0,1.0,7.0,14.8,True,open_meteo_historical_weather_api,2026-06-11T10:40:28Z
14,Bangalore,2024-11-05,3,21.9,27.0,17.1,22.6,0.0,0.0,0.0,13.6,False,open_meteo_historical_weather_api,2026-06-11T10:40:28Z
14,Bangalore,2024-11-06,51,22.2,27.8,16.3,22.8,0.1,0.1,1.0,16.5,True,open_meteo_historical_weather_api,2026-06-11T10:40:28Z
14,Bangalore,2024-11-07,51,22.6,27.4,19.0,23.8,1.3,1.3,5.0,19.9,True,open_meteo_historical_weather_api,2026-06-11T10:40:28Z
14,Bangalore,2024-11-08,3,22.8,29.0,18.2,23.7,0.0,0.0,0.0,17.2,False,open_meteo_historical_weather_api,2026-06-11T10:40:28Z
14,Bangalore,2024-11-09,3,22.2,27.8,18.0,22.6,0.0,0.0,0.0,17.2,False,open_meteo_historical_weather_api,2026-06-11T10:40:28Z
14,Bangalore,2024-11-10,51,22.0,27.0,17.5,22.5,0.4,0.4,3.0,16.4,True,open_meteo_historical_weather_api,2026-06-11T10:40:28Z
14,Bangalore,2024-11-11,3,22.2,27.8,17.2,22.6,0.0,0.0,0.0,16.9,False,open_meteo_historical_weather_api,2026-06-11T10:40:28Z
14,Bangalore,2024-11-12,51,22.2,27.0,19.0,23.1,0.9,0.9,5.0,18.4,True,open_meteo_historical_weather_api,2026-06-11T10:40:28Z
14,Bangalore,2024-11-13,63,22.3,27.0,19.9,24.2,9.9,9.9,6.0,17.4,True,open_meteo_historical_weather_api,2026-06-11T10:40:28Z
14,Bangalore,2024-11-14,63,21.9,25.7,19.9,24.0,6.0,6.0,9.0,16.2,True,open_meteo_historical_weather_api,2026-06-11T10:40:28Z
14,Bangalore,2024-11-15,63,22.1,27.0,19.9,24.2,10.0,10.0,9.0,15.4,True,open_meteo_historical_weather_api,2026-06-11T10:40:28Z
14,Bangalore,2024-11-16,55,22.1,26.3,19.6,24.0,3.4,3.4,9.0,17.2,True,open_meteo_historical_weather_api,2026-06-11T10:40:28Z
14,Bangalore,2024-11-17,51,22.7,27.4,19.8,24.4,0.5,0.5,5.0,14.1,True,open_meteo_historical_weather_api,2026-06-11T10:40:28Z
14,Bangalore,2024-11-18,51,22.3,26.9,19.0,23.5,0.1,0.1,1.0,14.9,True,open_meteo_historical_weather_api,2026-06-11T10:40:28Z
14,Bangalore,2024-11-19,3,22.3,27.3,18.5,23.2,0.0,0.0,0.0,13.6,False,open_meteo_historical_weather_api,2026-06-11T10:40:28Z
14,Bangalore,2024-11-20,3,22.1,28.0,17.5,22.9,0.0,0.0,0.0,12.4,False,open_meteo_historical_weather_api,2026-06-11T10:40:28Z
14,Bangalore,2024-11-21,3,22.0,27.5,17.2,22.8,0.0,0.0,0.0,12.2,False,open_meteo_historical_weather_api,2026-06-11T10:40:28Z
14,Bangalore,2024-11-22,3,21.9,27.9,16.4,22.6,0.0,0.0,0.0,12.1,False,open_meteo_historical_weather_api,2026-06-11T10:40:28Z
14,Bangalore,2024-11-23,3,22.3,28.6,16.7,23.1,0.0,0.0,0.0,11.0,False,open_meteo_historical_weather_api,2026-06-11T10:40:28Z
14,Bangalore,2024-11-24,3,22.9,29.1,17.3,23.7,0.0,0.0,0.0,12.4,False,open_meteo_historical_weather_api,2026-06-11T10:40:28Z
14,Bangalore,2024-11-25,3,22.1,27.8,17.1,22.5,0.0,0.0,0.0,11.3,False,open_meteo_historical_weather_api,2026-06-11T10:40:28Z
14,Bangalore,2024-11-26,3,21.7,26.2,18.1,22.1,0.0,0.0,0.0,18.0,False,open_meteo_historical_weather_api,2026-06-11T10:40:28Z
14,Bangalore,2024-11-27,3,21.7,26.4,18.9,22.0,0.0,0.0,0.0,19.9,False,open_meteo_historical_weather_api,2026-06-11T10:40:28Z
14,Bangalore,2024-11-28,3,21.5,26.9,17.5,20.8,0.0,0.0,0.0,16.6,False,open_meteo_historical_weather_api,2026-06-11T10:40:28Z
14,Bangalore,2024-11-29,51,21.7,25.4,18.2,21.2,0.8,0.8,2.0,20.9,True,open_meteo_historical_weather_api,2026-06-11T10:40:28Z
14,Bangalore,2024-11-30,51,21.0,23.6,19.0,21.6,0.3,0.3,1.0,20.7,True,open_meteo_historical_weather_api,2026-06-11T10:40:28Z
14,Bangalore,2024-12-01,63,21.4,24.5,19.9,22.5,8.0,8.0,20.0,22.3,True,open_meteo_historical_weather_api,2026-06-11T10:40:28Z
14,Bangalore,2024-12-02,63,21.3,23.2,20.4,23.4,35.0,35.0,22.0,18.0,True,open_meteo_historical_weather_api,2026-06-11T10:40:28Z
14,Bangalore,2024-12-03,63,22.2,26.0,20.0,24.8,4.7,4.7,8.0,13.7,True,open_meteo_historical_weather_api,2026-06-11T10:40:28Z
14,Bangalore,2024-12-04,3,21.9,25.9,18.8,23.8,0.0,0.0,0.0,15.7,False,open_meteo_historical_weather_api,2026-06-11T10:40:28Z
14,Bangalore,2024-12-05,51,22.3,26.1,19.9,24.6,0.8,0.8,6.0,11.1,True,open_meteo_historical_weather_api,2026-06-11T10:40:28Z
14,Bangalore,2024-12-06,3,22.5,26.7,19.5,24.9,0.0,0.0,0.0,12.1,False,open_meteo_historical_weather_api,2026-06-11T10:40:28Z
14,Bangalore,2024-12-07,51,22.3,27.0,19.2,24.8,0.6,0.6,2.0,11.3,True,open_meteo_historical_weather_api,2026-06-11T10:40:28Z
14,Bangalore,2024-12-08,3,22.1,26.8,18.5,24.0,0.0,0.0,0.0,10.6,False,open_meteo_historical_weather_api,2026-06-11T10:40:28Z
14,Bangalore,2024-12-09,51,22.4,27.5,18.4,24.4,0.1,0.1,1.0,10.3,True,open_meteo_historical_weather_api,2026-06-11T10:40:28Z
14,Bangalore,2024-12-10,3,22.5,27.9,18.5,23.9,0.0,0.0,0.0,12.4,False,open_meteo_historical_weather_api,2026-06-11T10:40:28Z
14,Bangalore,2024-12-11,3,21.9,26.4,18.3,22.6,0.0,0.0,0.0,16.4,False,open_meteo_historical_weather_api,2026-06-11T10:40:28Z
14,Bangalore,2024-12-12,63,20.2,22.0,19.0,21.6,21.2,21.2,19.0,15.5,True,open_meteo_historical_weather_api,2026-06-11T10:40:28Z
14,Bangalore,2024-12-13,53,21.2,24.4,19.6,22.4,1.3,1.3,4.0,18.6,True,open_meteo_historical_weather_api,2026-06-11T10:40:28Z
14,Bangalore,2024-12-14,3,21.2,26.1,17.6,22.3,0.0,0.0,0.0,18.2,False,open_meteo_historical_weather_api,2026-06-11T10:40:28Z
14,Bangalore,2024-12-15,3,19.3,24.3,15.0,19.7,0.0,0.0,0.0,13.3,False,open_meteo_historical_weather_api,2026-06-11T10:40:28Z
14,Bangalore,2024-12-16,3,19.3,24.9,15.1,19.9,0.0,0.0,0.0,11.4,False,open_meteo_historical_weather_api,2026-06-11T10:40:28Z
14,Bangalore,2024-12-17,3,20.4,27.1,14.5,21.4,0.0,0.0,0.0,10.7,False,open_meteo_historical_weather_api,2026-06-11T10:40:28Z
14,Bangalore,2024-12-18,51,21.6,25.9,17.0,22.9,0.3,0.3,3.0,12.3,True,open_meteo_historical_weather_api,2026-06-11T10:40:28Z
14,Bangalore,2024-12-19,51,22.9,28.0,19.1,24.4,0.3,0.3,2.0,10.9,True,open_meteo_historical_weather_api,2026-06-11T10:40:28Z
14,Bangalore,2024-12-20,51,22.9,27.9,18.8,24.7,0.1,0.1,1.0,12.6,True,open_meteo_historical_weather_api,2026-06-11T10:40:28Z
14,Bangalore,2024-12-21,3,23.1,29.0,18.0,25.3,0.0,0.0,0.0,9.9,False,open_meteo_historical_weather_api,2026-06-11T10:40:28Z
14,Bangalore,2024-12-22,3,22.9,28.1,17.9,24.9,0.0,0.0,0.0,11.5,False,open_meteo_historical_weather_api,2026-06-11T10:40:28Z
14,Bangalore,2024-12-23,3,22.4,27.0,18.4,23.8,0.0,0.0,0.0,10.0,False,open_meteo_historical_weather_api,2026-06-11T10:40:28Z
14,Bangalore,2024-12-24,3,22.4,27.2,17.6,23.4,0.0,0.0,0.0,11.5,False,open_meteo_historical_weather_api,2026-06-11T10:40:28Z
14,Bangalore,2024-12-25,3,22.2,27.9,17.2,23.1,0.0,0.0,0.0,11.0,False,open_meteo_historical_weather_api,2026-06-11T10:40:28Z
14,Bangalore,2024-12-26,55,22.2,26.2,18.5,23.4,3.6,3.6,10.0,17.5,True,open_meteo_historical_weather_api,2026-06-11T10:40:28Z
14,Bangalore,2024-12-27,51,21.2,25.4,18.5,22.2,1.7,1.7,7.0,19.0,True,open_meteo_historical_weather_api,2026-06-11T10:40:28Z
14,Bangalore,2024-12-28,3,21.2,26.1,17.5,21.9,0.0,0.0,0.0,15.5,False,open_meteo_historical_weather_api,2026-06-11T10:40:28Z
14,Bangalore,2024-12-29,3,21.4,26.9,16.9,21.9,0.0,0.0,0.0,14.3,False,open_meteo_historical_weather_api,2026-06-11T10:40:28Z
14,Bangalore,2024-12-30,3,21.2,25.7,16.7,21.6,0.0,0.0,0.0,14.4,False,open_meteo_historical_weather_api,2026-06-11T10:40:28Z
14,Bangalore,2024-12-31,3,21.6,27.5,17.0,21.2,0.0,0.0,0.0,15.8,False,open_meteo_historical_weather_api,2026-06-11T10:40:28Z
15,Tokyo,2024-01-01,3,7.7,10.7,2.0,0.5,0.0,0.0,0.0,51.3,False,open_meteo_historical_weather_api,2026-06-11T10:40:28Z
15,Tokyo,2024-01-02,51,3.7,7.8,-0.2,0.1,0.5,0.5,2.0,13.4,True,open_meteo_historical_weather_api,2026-06-11T10:40:28Z
15,Tokyo,2024-01-03,3,6.4,11.8,0.9,3.5,0.0,0.0,0.0,13.0,False,open_meteo_historical_weather_api,2026-06-11T10:40:28Z
15,Tokyo,2024-01-04,53,7.7,13.1,4.7,2.0,1.0,1.0,4.0,50.8,True,open_meteo_historical_weather_api,2026-06-11T10:40:28Z
15,Tokyo,2024-01-05,2,5.2,11.7,-0.1,1.7,0.0,0.0,0.0,18.5,False,open_meteo_historical_weather_api,2026-06-11T10:40:28Z
15,Tokyo,2024-01-06,0,7.2,14.1,0.3,4.4,0.0,0.0,0.0,15.1,False,open_meteo_historical_weather_api,2026-06-11T10:40:28Z
15,Tokyo,2024-01-07,51,6.7,10.8,2.7,2.0,0.3,0.3,1.0,36.8,True,open_meteo_historical_weather_api,2026-06-11T10:40:28Z
15,Tokyo,2024-01-08,1,3.7,9.4,0.6,-2.2,0.0,0.0,0.0,31.8,False,open_meteo_historical_weather_api,2026-06-11T10:40:28Z
15,Tokyo,2024-01-09,3,2.7,8.8,-3.1,-1.2,0.0,0.0,0.0,14.4,False,open_meteo_historical_weather_api,2026-06-11T10:40:28Z
15,Tokyo,2024-01-10,3,5.0,12.6,-1.3,0.4,0.0,0.0,0.0,28.7,False,open_meteo_historical_weather_api,2026-06-11T10:40:28Z
15,Tokyo,2024-01-11,3,3.7,8.6,0.1,-1.9,0.0,0.0,0.0,28.8,False,open_meteo_historical_weather_api,2026-06-11T10:40:28Z
15,Tokyo,2024-01-12,0,4.5,13.6,-3.2,0.5,0.0,0.0,0.0,23.0,False,open_meteo_historical_weather_api,2026-06-11T10:40:28Z
15,Tokyo,2024-01-13,53,5.3,11.2,1.9,-0.0,1.3,1.3,3.0,39.1,True,open_meteo_historical_weather_api,2026-06-11T10:40:28Z
15,Tokyo,2024-01-14,2,4.8,11.9,-2.3,-1.5,0.0,0.0,0.0,41.2,False,open_meteo_historical_weather_api,2026-06-11T10:40:28Z
15,Tokyo,2024-01-15,2,4.7,9.6,0.2,-3.1,0.0,0.0,0.0,49.2,False,open_meteo_historical_weather_api,2026-06-11T10:40:28Z
15,Tokyo,2024-01-16,2,2.6,7.6,-2.5,-4.7,0.0,0.0,0.0,54.4,False,open_meteo_historical_weather_api,2026-06-11T10:40:28Z
15,Tokyo,2024-01-17,3,4.9,11.4,-1.5,0.5,0.0,0.0,0.0,19.1,False,open_meteo_historical_weather_api,2026-06-11T10:40:28Z
15,Tokyo,2024-01-18,3,7.1,12.8,0.9,3.5,0.0,0.0,0.0,16.0,False,open_meteo_historical_weather_api,2026-06-11T10:40:28Z
15,Tokyo,2024-01-19,3,9.5,14.6,7.0,5.3,0.0,0.0,0.0,24.4,False,open_meteo_historical_weather_api,2026-06-11T10:40:28Z
15,Tokyo,2024-01-20,53,5.7,7.2,4.8,0.9,5.6,5.6,14.0,21.7,True,open_meteo_historical_weather_api,2026-06-11T10:40:28Z
15,Tokyo,2024-01-21,63,8.5,13.4,5.1,3.4,27.6,27.6,14.0,42.2,True,open_meteo_historical_weather_api,2026-06-11T10:40:28Z
15,Tokyo,2024-01-22,53,10.0,14.2,5.3,6.8,0.7,0.7,1.0,29.4,True,open_meteo_historical_weather_api,2026-06-11T10:40:28Z
15,Tokyo,2024-01-23,71,7.5,11.9,4.4,4.0,0.9,0.7,2.0,18.7,True,open_meteo_historical_weather_api,2026-06-11T10:40:28Z
15,Tokyo,2024-01-24,71,2.5,6.9,-2.3,-3.6,0.1,0.0,1.0,48.4,True,open_meteo_historical_weather_api,2026-06-11T10:40:28Z
15,Tokyo,2024-01-25,0,1.9,8.1,-3.8,-4.8,0.0,0.0,0.0,48.5,False,open_meteo_historical_weather_api,2026-06-11T10:40:28Z
15,Tokyo,2024-01-26,1,2.5,10.2,-4.7,-3.7,0.0,0.0,0.0,40.8,False,open_meteo_historical_weather_api,2026-06-11T10:40:28Z
15,Tokyo,2024-01-27,1,4.9,10.4,0.8,-1.6,0.0,0.0,0.0,34.1,False,open_meteo_historical_weather_api,2026-06-11T10:40:28Z
15,Tokyo,2024-01-28,3,4.3,9.8,0.5,0.1,0.0,0.0,0.0,19.8,False,open_meteo_historical_weather_api,2026-06-11T10:40:28Z
15,Tokyo,2024-01-29,3,5.4,10.3,0.5,1.1,0.0,0.0,0.0,21.4,False,open_meteo_historical_weather_api,2026-06-11T10:40:28Z
15,Tokyo,2024-01-30,2,5.9,12.2,0.5,1.9,0.0,0.0,0.0,17.2,False,open_meteo_historical_weather_api,2026-06-11T10:40:28Z
15,Tokyo,2024-01-31,2,6.7,12.9,-0.1,3.6,0.0,0.0,0.0,13.4,False,open_meteo_historical_weather_api,2026-06-11T10:40:28Z
15,Tokyo,2024-02-01,63,7.4,14.4,3.2,0.7,5.8,5.8,1.0,48.8,True,open_meteo_historical_weather_api,2026-06-11T10:40:28Z
15,Tokyo,2024-02-02,3,3.5,5.6,1.1,-1.1,0.0,0.0,0.0,37.5,False,open_meteo_historical_weather_api,2026-06-11T10:40:28Z
15,Tokyo,2024-02-03,3,5.5,10.5,0.9,0.2,0.0,0.0,0.0,30.1,False,open_meteo_historical_weather_api,2026-06-11T10:40:28Z
15,Tokyo,2024-02-04,73,4.2,6.4,1.6,0.5,3.0,2.3,12.0,21.3,True,open_meteo_historical_weather_api,2026-06-11T10:40:28Z
15,Tokyo,2024-02-05,75,1.6,3.7,0.4,-3.6,29.9,2.3,14.0,37.3,True,open_meteo_historical_weather_api,2026-06-11T10:40:28Z
15,Tokyo,2024-02-06,73,2.6,5.0,0.9,-1.9,3.0,2.7,12.0,31.8,True,open_meteo_historical_weather_api,2026-06-11T10:40:28Z
15,Tokyo,2024-02-07,3,3.0,8.8,-1.3,-0.5,0.0,0.0,0.0,13.4,False,open_meteo_historical_weather_api,2026-06-11T10:40:28Z
15,Tokyo,2024-02-08,3,4.2,10.3,-0.7,0.1,0.0,0.0,0.0,23.6,False,open_meteo_historical_weather_api,2026-06-11T10:40:28Z
15,Tokyo,2024-02-09,3,4.8,10.1,0.4,0.7,0.0,0.0,0.0,22.9,False,open_meteo_historical_weather_api,2026-06-11T10:40:28Z
15,Tokyo,2024-02-10,3,5.1,10.8,-0.7,1.3,0.0,0.0,0.0,20.1,False,open_meteo_historical_weather_api,2026-06-11T10:40:28Z
15,Tokyo,2024-02-11,51,6.3,10.6,2.3,1.2,0.2,0.2,2.0,28.4,True,open_meteo_historical_weather_api,2026-06-11T10:40:28Z
15,Tokyo,2024-02-12,73,5.2,11.7,0.8,0.5,1.0,0.3,4.0,24.4,True,open_meteo_historical_weather_api,2026-06-11T10:40:28Z
15,Tokyo,2024-02-13,0,6.4,16.0,-2.0,2.6,0.0,0.0,0.0,33.0,False,open_meteo_historical_weather_api,2026-06-11T10:40:28Z
15,Tokyo,2024-02-14,3,8.8,16.8,1.6,5.9,0.0,0.0,0.0,14.3,False,open_meteo_historical_weather_api,2026-06-11T10:40:28Z
15,Tokyo,2024-02-15,3,12.2,20.3,3.5,7.8,0.0,0.0,0.0,49.1,False,open_meteo_historical_weather_api,2026-06-11T10:40:28Z
15,Tokyo,2024-02-16,51,9.3,15.7,4.9,2.1,0.2,0.2,2.0,62.5,True,open_meteo_historical_weather_api,2026-06-11T10:40:28Z
15,Tokyo,2024-02-17,3,7.8,14.2,3.2,3.7,0.0,0.0,0.0,20.9,False,open_meteo_historical_weather_api,2026-06-11T10:40:28Z
15,Tokyo,2024-02-18,3,12.5,18.6,8.6,9.7,0.0,0.0,0.0,24.1,False,open_meteo_historical_weather_api,2026-06-11T10:40:28Z
15,Tokyo,2024-02-19,61,15.4,18.5,12.4,11.0,7.0,7.0,11.0,48.9,True,open_meteo_historical_weather_api,2026-06-11T10:40:28Z
15,Tokyo,2024-02-20,53,18.3,23.5,13.9,15.9,2.6,2.6,8.0,47.5,True,open_meteo_historical_weather_api,2026-06-11T10:40:28Z
15,Tokyo,2024-02-21,53,9.1,13.1,7.9,5.8,5.4,5.4,18.0,21.3,True,open_meteo_historical_weather_api,2026-06-11T10:40:28Z
15,Tokyo,2024-02-22,61,6.1,8.1,4.2,2.1,7.1,7.1,14.0,26.5,True,open_meteo_historical_weather_api,2026-06-11T10:40:28Z
15,Tokyo,2024-02-23,71,3.1,4.2,2.2,-1.2,4.3,4.2,16.0,24.7,True,open_meteo_historical_weather_api,2026-06-11T10:40:28Z
15,Tokyo,2024-02-24,3,4.4,9.1,-0.5,0.6,0.0,0.0,0.0,18.0,False,open_meteo_historical_weather_api,2026-06-11T10:40:28Z
15,Tokyo,2024-02-25,55,2.9,5.1,0.3,-2.1,8.2,8.2,16.0,26.9,True,open_meteo_historical_weather_api,2026-06-11T10:40:28Z
15,Tokyo,2024-02-26,55,6.7,10.6,4.2,-1.4,2.8,2.8,6.0,55.6,True,open_meteo_historical_weather_api,2026-06-11T10:40:28Z
15,Tokyo,2024-02-27,2,5.5,8.5,3.0,-3.9,0.0,0.0,0.0,65.5,False,open_meteo_historical_weather_api,2026-06-11T10:40:28Z
15,Tokyo,2024-02-28,3,6.4,11.9,2.8,-0.8,0.0,0.0,0.0,40.0,False,open_meteo_historical_weather_api,2026-06-11T10:40:28Z
15,Tokyo,2024-02-29,61,5.5,10.9,-0.6,1.7,4.2,4.2,6.0,18.7,True,open_meteo_historical_weather_api,2026-06-11T10:40:28Z
15,Tokyo,2024-03-01,63,8.6,14.1,3.4,4.1,16.5,16.5,12.0,37.4,True,open_meteo_historical_weather_api,2026-06-11T10:40:28Z
15,Tokyo,2024-03-02,51,4.7,7.0,2.0,-1.9,0.1,0.1,1.0,39.4,True,open_meteo_historical_weather_api,2026-06-11T10:40:28Z
15,Tokyo,2024-03-03,2,5.1,11.9,-1.7,0.9,0.0,0.0,0.0,22.7,False,open_meteo_historical_weather_api,2026-06-11T10:40:28Z
15,Tokyo,2024-03-04,3,6.0,12.6,-0.9,2.0,0.0,0.0,0.0,21.7,False,open_meteo_historical_weather_api,2026-06-11T10:40:28Z
15,Tokyo,2024-03-05,73,5.0,8.1,1.3,1.2,15.5,14.7,11.0,25.3,True,open_meteo_historical_weather_api,2026-06-11T10:40:28Z
15,Tokyo,2024-03-06,73,5.0,9.6,0.9,-0.9,17.7,16.3,13.0,35.4,True,open_meteo_historical_weather_api,2026-06-11T10:40:28Z
15,Tokyo,2024-03-07,53,5.7,8.8,2.8,1.5,0.7,0.7,2.0,24.4,True,open_meteo_historical_weather_api,2026-06-11T10:40:28Z
15,Tokyo,2024-03-08,75,4.2,8.4,1.3,0.5,15.0,9.4,13.0,24.5,True,open_meteo_historical_weather_api,2026-06-11T10:40:28Z
15,Tokyo,2024-03-09,3,4.1,9.8,-0.4,-2.0,0.0,0.0,0.0,41.3,False,open_meteo_historical_weather_api,2026-06-11T10:40:28Z
15,Tokyo,2024-03-10,1,4.8,11.6,-0.2,-0.9,0.0,0.0,0.0,28.7,False,open_meteo_historical_weather_api,2026-06-11T10:40:28Z
15,Tokyo,2024-03-11,3,5.7,12.0,-1.5,1.9,0.0,0.0,0.0,20.9,False,open_meteo_historical_weather_api,2026-06-11T10:40:28Z
15,Tokyo,2024-03-12,65,7.0,10.6,4.8,3.3,38.4,38.4,10.0,51.2,True,open_meteo_historical_weather_api,2026-06-11T10:40:28Z
15,Tokyo,2024-03-13,51,8.1,12.4,4.2,0.7,0.4,0.4,2.0,44.4,True,open_meteo_historical_weather_api,2026-06-11T10:40:28Z
15,Tokyo,2024-03-14,2,7.4,13.4,1.4,3.7,0.0,0.0,0.0,25.9,False,open_meteo_historical_weather_api,2026-06-11T10:40:28Z
15,Tokyo,2024-03-15,0,9.4,15.4,2.2,5.3,0.0,0.0,0.0,33.7,False,open_meteo_historical_weather_api,2026-06-11T10:40:28Z
15,Tokyo,2024-03-16,2,12.6,19.5,8.1,8.2,0.0,0.0,0.0,32.3,False,open_meteo_historical_weather_api,2026-06-11T10:40:28Z
15,Tokyo,2024-03-17,3,13.0,20.3,6.2,9.8,0.0,0.0,0.0,42.8,False,open_meteo_historical_weather_api,2026-06-11T10:40:28Z
15,Tokyo,2024-03-18,3,8.0,12.2,3.5,-0.5,0.0,0.0,0.0,55.6,False,open_meteo_historical_weather_api,2026-06-11T10:40:28Z
15,Tokyo,2024-03-19,3,7.2,11.4,3.0,1.4,0.0,0.0,0.0,31.0,False,open_meteo_historical_weather_api,2026-06-11T10:40:28Z
15,Tokyo,2024-03-20,61,7.0,12.4,1.8,1.6,4.4,4.4,5.0,59.8,True,open_meteo_historical_weather_api,2026-06-11T10:40:28Z
15,Tokyo,2024-03-21,1,5.1,9.4,1.9,-3.3,0.0,0.0,0.0,45.9,False,open_meteo_historical_weather_api,2026-06-11T10:40:28Z
15,Tokyo,2024-03-22,3,5.2,11.2,-0.9,-0.6,0.0,0.0,0.0,30.8,False,open_meteo_historical_weather_api,2026-06-11T10:40:28Z
15,Tokyo,2024-03-23,61,4.1,7.2,0.6,0.4,3.2,3.2,7.0,18.0,True,open_meteo_historical_weather_api,2026-06-11T10:40:28Z
15,Tokyo,2024-03-24,63,9.2,15.1,2.1,7.1,3.5,3.5,3.0,13.6,True,open_meteo_historical_weather_api,2026-06-11T10:40:28Z
15,Tokyo,2024-03-25,53,11.3,12.9,10.2,9.5,3.2,3.2,14.0,17.4,True,open_meteo_historical_weather_api,2026-06-11T10:40:28Z
15,Tokyo,2024-03-26,63,9.8,11.9,5.7,5.8,35.4,35.4,20.0,49.2,True,open_meteo_historical_weather_api,2026-06-11T10:40:28Z
15,Tokyo,2024-03-27,3,9.7,15.2,5.3,4.9,0.0,0.0,0.0,36.1,False,open_meteo_historical_weather_api,2026-06-11T10:40:28Z
15,Tokyo,2024-03-28,61,9.4,15.1,4.2,6.1,5.3,5.3,4.0,24.9,True,open_meteo_historical_weather_api,2026-06-11T10:40:28Z
15,Tokyo,2024-03-29,65,16.2,21.1,12.9,12.8,43.6,43.6,15.0,61.6,True,open_meteo_historical_weather_api,2026-06-11T10:40:28Z
15,Tokyo,2024-03-30,3,15.6,22.6,9.9,14.8,0.0,0.0,0.0,21.7,False,open_meteo_historical_weather_api,2026-06-11T10:40:28Z
15,Tokyo,2024-03-31,3,17.1,25.9,9.8,16.2,0.0,0.0,0.0,27.5,False,open_meteo_historical_weather_api,2026-06-11T10:40:28Z
15,Tokyo,2024-04-01,63,13.3,17.1,10.6,11.4,4.5,4.5,7.0,18.5,True,open_meteo_historical_weather_api,2026-06-11T10:40:28Z
15,Tokyo,2024-04-02,3,12.2,17.7,6.3,9.0,0.0,0.0,0.0,24.1,False,open_meteo_historical_weather_api,2026-06-11T10:40:28Z
15,Tokyo,2024-04-03,61,12.6,15.9,9.1,11.5,13.6,13.6,13.0,14.0,True,open_meteo_historical_weather_api,2026-06-11T10:40:28Z
15,Tokyo,2024-04-04,63,14.4,17.8,11.4,12.9,7.6,7.6,5.0,27.2,True,open_meteo_historical_weather_api,2026-06-11T10:40:28Z
15,Tokyo,2024-04-05,53,10.8,12.4,9.4,7.9,3.9,3.9,12.0,25.0,True,open_meteo_historical_weather_api,2026-06-11T10:40:28Z
15,Tokyo,2024-04-06,3,11.9,16.3,8.4,9.7,0.0,0.0,0.0,19.2,False,open_meteo_historical_weather_api,2026-06-11T10:40:28Z
15,Tokyo,2024-04-07,53,15.6,20.6,11.2,15.1,1.4,1.4,6.0,17.1,True,open_meteo_historical_weather_api,2026-06-11T10:40:28Z
15,Tokyo,2024-04-08,3,17.1,21.8,12.6,17.4,0.0,0.0,0.0,16.5,False,open_meteo_historical_weather_api,2026-06-11T10:40:28Z
15,Tokyo,2024-04-09,65,14.9,20.1,9.0,10.4,47.4,47.4,15.0,58.8,True,open_meteo_historical_weather_api,2026-06-11T10:40:28Z
15,Tokyo,2024-04-10,3,9.9,15.2,5.2,5.6,0.0,0.0,0.0,38.3,False,open_meteo_historical_weather_api,2026-06-11T10:40:28Z
15,Tokyo,2024-04-11,3,11.9,18.4,5.1,9.8,0.0,0.0,0.0,16.5,False,open_meteo_historical_weather_api,2026-06-11T10:40:28Z
15,Tokyo,2024-04-12,53,13.8,17.7,9.8,11.9,1.4,1.4,4.0,19.0,True,open_meteo_historical_weather_api,2026-06-11T10:40:28Z
15,Tokyo,2024-04-13,3,15.1,20.9,9.8,13.6,0.0,0.0,0.0,20.6,False,open_meteo_historical_weather_api,2026-06-11T10:40:28Z
15,Tokyo,2024-04-14,3,15.9,22.6,10.1,15.1,0.0,0.0,0.0,19.0,False,open_meteo_historical_weather_api,2026-06-11T10:40:28Z
15,Tokyo,2024-04-15,3,17.2,24.1,11.2,16.1,0.0,0.0,0.0,26.0,False,open_meteo_historical_weather_api,2026-06-11T10:40:28Z
15,Tokyo,2024-04-16,3,17.7,21.4,14.4,14.1,0.0,0.0,0.0,45.5,False,open_meteo_historical_weather_api,2026-06-11T10:40:28Z
15,Tokyo,2024-04-17,53,18.3,22.5,15.1,17.8,1.7,1.7,6.0,26.2,True,open_meteo_historical_weather_api,2026-06-11T10:40:28Z
15,Tokyo,2024-04-18,55,16.5,20.9,13.1,15.1,3.0,3.0,8.0,20.7,True,open_meteo_historical_weather_api,2026-06-11T10:40:28Z
15,Tokyo,2024-04-19,51,16.5,21.5,12.9,11.1,0.4,0.4,1.0,48.0,True,open_meteo_historical_weather_api,2026-06-11T10:40:28Z
15,Tokyo,2024-04-20,51,17.1,24.0,10.5,15.0,0.3,0.3,1.0,20.3,True,open_meteo_historical_weather_api,2026-06-11T10:40:28Z
15,Tokyo,2024-04-21,61,17.6,22.9,13.1,16.4,3.4,3.4,4.0,23.7,True,open_meteo_historical_weather_api,2026-06-11T10:40:28Z
15,Tokyo,2024-04-22,61,16.3,19.4,14.6,15.5,13.4,13.4,14.0,17.4,True,open_meteo_historical_weather_api,2026-06-11T10:40:28Z
15,Tokyo,2024-04-23,51,16.5,19.6,13.5,15.6,0.2,0.2,2.0,19.2,True,open_meteo_historical_weather_api,2026-06-11T10:40:28Z
15,Tokyo,2024-04-24,61,15.3,16.6,14.3,13.9,12.0,12.0,19.0,25.8,True,open_meteo_historical_weather_api,2026-06-11T10:40:28Z
15,Tokyo,2024-04-25,53,18.5,23.9,13.4,18.1,0.6,0.6,1.0,28.4,True,open_meteo_historical_weather_api,2026-06-11T10:40:28Z
15,Tokyo,2024-04-26,3,18.8,25.4,12.3,18.8,0.0,0.0,0.0,22.5,False,open_meteo_historical_weather_api,2026-06-11T10:40:28Z
15,Tokyo,2024-04-27,51,18.9,22.5,16.8,19.7,0.8,0.8,3.0,18.5,True,open_meteo_historical_weather_api,2026-06-11T10:40:28Z
15,Tokyo,2024-04-28,3,20.0,26.9,13.8,20.5,0.0,0.0,0.0,28.4,False,open_meteo_historical_weather_api,2026-06-11T10:40:28Z
15,Tokyo,2024-04-29,3,20.0,24.9,15.6,19.5,0.0,0.0,0.0,36.0,False,open_meteo_historical_weather_api,2026-06-11T10:40:28Z
15,Tokyo,2024-04-30,51,20.7,24.6,17.3,21.3,0.8,0.8,4.0,26.6,True,open_meteo_historical_weather_api,2026-06-11T10:40:28Z
15,Tokyo,2024-05-01,63,17.1,19.9,12.6,16.4,37.3,37.3,18.0,26.5,True,open_meteo_historical_weather_api,2026-06-11T10:40:28Z
15,Tokyo,2024-05-02,61,14.8,19.9,11.3,11.8,6.8,6.8,7.0,26.9,True,open_meteo_historical_weather_api,2026-06-11T10:40:28Z
15,Tokyo,2024-05-03,0,15.8,21.9,9.3,14.6,0.0,0.0,0.0,27.7,False,open_meteo_historical_weather_api,2026-06-11T10:40:28Z
15,Tokyo,2024-05-04,0,18.8,26.5,12.6,18.0,0.0,0.0,0.0,22.1,False,open_meteo_historical_weather_api,2026-06-11T10:40:28Z
15,Tokyo,2024-05-05,3,19.8,26.3,12.9,18.0,0.0,0.0,0.0,36.4,False,open_meteo_historical_weather_api,2026-06-11T10:40:28Z
15,Tokyo,2024-05-06,3,19.7,22.2,17.5,16.0,0.0,0.0,0.0,44.9,False,open_meteo_historical_weather_api,2026-06-11T10:40:28Z
15,Tokyo,2024-05-07,63,20.0,21.6,18.8,18.1,15.6,15.6,14.0,50.0,True,open_meteo_historical_weather_api,2026-06-11T10:40:28Z
15,Tokyo,2024-05-08,65,17.8,23.3,12.8,16.9,19.9,19.9,15.0,24.2,True,open_meteo_historical_weather_api,2026-06-11T10:40:28Z
15,Tokyo,2024-05-09,55,13.3,17.4,10.6,10.3,1.7,1.7,4.0,22.3,True,open_meteo_historical_weather_api,2026-06-11T10:40:28Z
15,Tokyo,2024-05-10,3,15.8,22.1,6.5,12.6,0.0,0.0,0.0,34.2,False,open_meteo_historical_weather_api,2026-06-11T10:40:28Z
15,Tokyo,2024-05-11,3,18.1,24.0,10.8,15.3,0.0,0.0,0.0,43.3,False,open_meteo_historical_weather_api,2026-06-11T10:40:28Z
15,Tokyo,2024-05-12,3,20.0,23.6,16.5,16.7,0.0,0.0,0.0,39.1,False,open_meteo_historical_weather_api,2026-06-11T10:40:28Z
15,Tokyo,2024-05-13,65,19.5,22.3,16.1,18.3,46.3,46.3,20.0,42.6,True,open_meteo_historical_weather_api,2026-06-11T10:40:28Z
15,Tokyo,2024-05-14,51,16.5,20.6,13.7,15.4,0.1,0.1,1.0,20.1,True,open_meteo_historical_weather_api,2026-06-11T10:40:28Z
15,Tokyo,2024-05-15,61,18.3,24.0,12.4,18.4,1.9,1.9,2.0,20.0,True,open_meteo_historical_weather_api,2026-06-11T10:40:28Z
15,Tokyo,2024-05-16,61,18.5,24.3,15.3,15.8,5.1,5.1,7.0,48.8,True,open_meteo_historical_weather_api,2026-06-11T10:40:28Z
15,Tokyo,2024-05-17,3,18.7,24.8,11.2,17.5,0.0,0.0,0.0,31.9,False,open_meteo_historical_weather_api,2026-06-11T10:40:28Z
15,Tokyo,2024-05-18,3,20.1,26.5,13.4,19.8,0.0,0.0,0.0,17.6,False,open_meteo_historical_weather_api,2026-06-11T10:40:28Z
15,Tokyo,2024-05-19,51,18.9,22.0,14.9,19.7,0.6,0.6,2.0,14.3,True,open_meteo_historical_weather_api,2026-06-11T10:40:28Z
15,Tokyo,2024-05-20,63,18.7,23.4,15.1,19.7,31.5,31.5,12.0,12.8,True,open_meteo_historical_weather_api,2026-06-11T10:40:28Z
15,Tokyo,2024-05-21,63,21.4,27.3,15.7,22.7,9.2,9.2,6.0,19.9,True,open_meteo_historical_weather_api,2026-06-11T10:40:28Z
15,Tokyo,2024-05-22,3,19.5,23.9,17.0,19.0,0.0,0.0,0.0,19.7,False,open_meteo_historical_weather_api,2026-06-11T10:40:28Z
15,Tokyo,2024-05-23,3,20.3,24.2,16.8,20.2,0.0,0.0,0.0,29.1,False,open_meteo_historical_weather_api,2026-06-11T10:40:28Z
15,Tokyo,2024-05-24,3,22.0,27.7,16.5,22.9,0.0,0.0,0.0,33.3,False,open_meteo_historical_weather_api,2026-06-11T10:40:28Z
15,Tokyo,2024-05-25,3,19.6,25.1,16.8,17.9,0.0,0.0,0.0,32.3,False,open_meteo_historical_weather_api,2026-06-11T10:40:28Z
15,Tokyo,2024-05-26,3,20.4,24.6,16.8,19.3,0.0,0.0,0.0,33.4,False,open_meteo_historical_weather_api,2026-06-11T10:40:28Z
15,Tokyo,2024-05-27,53,21.6,24.8,19.0,20.3,0.7,0.7,2.0,41.0,True,open_meteo_historical_weather_api,2026-06-11T10:40:28Z
15,Tokyo,2024-05-28,63,23.2,26.0,21.7,22.7,20.1,20.1,19.0,66.3,True,open_meteo_historical_weather_api,2026-06-11T10:40:28Z
15,Tokyo,2024-05-29,63,21.2,25.1,18.2,19.8,13.0,13.0,4.0,42.4,True,open_meteo_historical_weather_api,2026-06-11T10:40:28Z
15,Tokyo,2024-05-30,61,21.5,26.6,16.9,22.2,2.4,2.4,5.0,25.9,True,open_meteo_historical_weather_api,2026-06-11T10:40:28Z
15,Tokyo,2024-05-31,63,18.4,20.1,16.5,18.6,34.7,34.7,16.0,26.3,True,open_meteo_historical_weather_api,2026-06-11T10:40:28Z
15,Tokyo,2024-06-01,51,20.1,24.8,17.4,21.1,1.3,1.3,9.0,19.8,True,open_meteo_historical_weather_api,2026-06-11T10:40:28Z
15,Tokyo,2024-06-02,63,19.0,23.4,17.0,19.0,27.8,27.8,17.0,20.4,True,open_meteo_historical_weather_api,2026-06-11T10:40:28Z
15,Tokyo,2024-06-03,63,18.8,23.8,15.7,18.8,13.3,13.3,14.0,22.9,True,open_meteo_historical_weather_api,2026-06-11T10:40:28Z
15,Tokyo,2024-06-04,51,18.9,23.6,15.3,18.7,0.9,0.9,5.0,21.5,True,open_meteo_historical_weather_api,2026-06-11T10:40:28Z
15,Tokyo,2024-06-05,1,20.0,25.6,14.9,20.1,0.0,0.0,0.0,20.9,False,open_meteo_historical_weather_api,2026-06-11T10:40:28Z
15,Tokyo,2024-06-06,51,20.8,25.0,17.0,21.1,0.7,0.7,2.0,30.0,True,open_meteo_historical_weather_api,2026-06-11T10:40:28Z
15,Tokyo,2024-06-07,51,21.1,25.1,18.0,21.9,0.4,0.4,3.0,21.1,True,open_meteo_historical_weather_api,2026-06-11T10:40:28Z
15,Tokyo,2024-06-08,3,21.0,26.8,15.4,21.7,0.0,0.0,0.0,20.5,False,open_meteo_historical_weather_api,2026-06-11T10:40:28Z
15,Tokyo,2024-06-09,51,21.7,25.6,19.4,21.8,1.1,1.1,7.0,29.7,True,open_meteo_historical_weather_api,2026-06-11T10:40:28Z
15,Tokyo,2024-06-10,63,21.1,24.6,19.0,22.3,12.6,12.6,10.0,16.7,True,open_meteo_historical_weather_api,2026-06-11T10:40:28Z
15,Tokyo,2024-06-11,3,22.6,27.1,18.8,23.7,0.0,0.0,0.0,27.0,False,open_meteo_historical_weather_api,2026-06-11T10:40:28Z
15,Tokyo,2024-06-12,3,23.0,28.1,18.2,24.6,0.0,0.0,0.0,25.3,False,open_meteo_historical_weather_api,2026-06-11T10:40:28Z
15,Tokyo,2024-06-13,51,21.7,24.4,19.4,23.8,0.1,0.1,1.0,13.0,True,open_meteo_historical_weather_api,2026-06-11T10:40:28Z
15,Tokyo,2024-06-14,1,24.1,30.0,18.7,25.9,0.0,0.0,0.0,22.4,False,open_meteo_historical_weather_api,2026-06-11T10:40:28Z
15,Tokyo,2024-06-15,51,23.6,28.7,19.2,25.6,0.6,0.6,3.0,22.6,True,open_meteo_historical_weather_api,2026-06-11T10:40:28Z
15,Tokyo,2024-06-16,63,23.7,27.0,21.3,26.1,12.0,12.0,7.0,28.9,True,open_meteo_historical_weather_api,2026-06-11T10:40:28Z
15,Tokyo,2024-06-17,61,25.2,29.7,21.8,28.1,3.8,3.8,7.0,16.2,True,open_meteo_historical_weather_api,2026-06-11T10:40:28Z
15,Tokyo,2024-06-18,65,20.0,22.6,18.2,21.8,95.5,95.5,22.0,16.9,True,open_meteo_historical_weather_api,2026-06-11T10:40:28Z
15,Tokyo,2024-06-19,3,22.5,28.5,15.9,23.9,0.0,0.0,0.0,21.1,False,open_meteo_historical_weather_api,2026-06-11T10:40:28Z
15,Tokyo,2024-06-20,3,23.1,28.0,18.2,24.4,0.0,0.0,0.0,32.1,False,open_meteo_historical_weather_api,2026-06-11T10:40:28Z
15,Tokyo,2024-06-21,63,20.5,22.8,18.5,21.0,36.9,36.9,10.0,33.5,True,open_meteo_historical_weather_api,2026-06-11T10:40:28Z
15,Tokyo,2024-06-22,3,22.9,27.9,15.6,22.6,0.0,0.0,0.0,37.5,False,open_meteo_historical_weather_api,2026-06-11T10:40:28Z
15,Tokyo,2024-06-23,63,22.5,24.4,21.1,24.0,14.0,14.0,13.0,28.6,True,open_meteo_historical_weather_api,2026-06-11T10:40:28Z
15,Tokyo,2024-06-24,3,25.8,31.0,20.8,30.2,0.0,0.0,0.0,14.4,False,open_meteo_historical_weather_api,2026-06-11T10:40:28Z
15,Tokyo,2024-06-25,3,26.7,31.0,22.9,30.5,0.0,0.0,0.0,24.6,False,open_meteo_historical_weather_api,2026-06-11T10:40:28Z
15,Tokyo,2024-06-26,51,25.7,30.6,22.7,28.5,0.6,0.6,4.0,18.4,True,open_meteo_historical_weather_api,2026-06-11T10:40:28Z
15,Tokyo,2024-06-27,51,24.2,28.2,22.0,26.0,0.1,0.1,1.0,19.8,True,open_meteo_historical_weather_api,2026-06-11T10:40:28Z
15,Tokyo,2024-06-28,65,22.1,23.1,21.1,25.1,64.0,64.0,21.0,27.1,True,open_meteo_historical_weather_api,2026-06-11T10:40:28Z
15,Tokyo,2024-06-29,51,23.6,28.0,20.6,26.1,0.4,0.4,2.0,16.9,True,open_meteo_historical_weather_api,2026-06-11T10:40:28Z
15,Tokyo,2024-06-30,53,25.0,28.3,22.0,26.9,2.5,2.5,9.0,49.7,True,open_meteo_historical_weather_api,2026-06-11T10:40:28Z
15,Tokyo,2024-07-01,61,26.3,28.1,24.8,28.5,6.7,6.7,10.0,57.1,True,open_meteo_historical_weather_api,2026-06-11T10:40:28Z
15,Tokyo,2024-07-02,61,26.8,31.4,23.3,31.3,4.9,4.9,8.0,16.2,True,open_meteo_historical_weather_api,2026-06-11T10:40:28Z
15,Tokyo,2024-07-03,53,26.4,31.4,22.8,30.5,1.1,1.1,3.0,20.5,True,open_meteo_historical_weather_api,2026-06-11T10:40:28Z
15,Tokyo,2024-07-04,3,28.4,33.2,23.5,33.6,0.0,0.0,0.0,14.4,False,open_meteo_historical_weather_api,2026-06-11T10:40:28Z
15,Tokyo,2024-07-05,2,28.3,33.7,24.5,33.2,0.0,0.0,0.0,15.6,False,open_meteo_historical_weather_api,2026-06-11T10:40:28Z
15,Tokyo,2024-07-06,53,28.3,33.7,24.5,33.6,1.1,1.1,2.0,13.5,True,open_meteo_historical_weather_api,2026-06-11T10:40:28Z
15,Tokyo,2024-07-07,3,28.5,32.8,24.5,34.6,0.0,0.0,0.0,12.1,False,open_meteo_historical_weather_api,2026-06-11T10:40:28Z
15,Tokyo,2024-07-08,3,30.2,35.2,25.1,36.3,0.0,0.0,0.0,17.2,False,open_meteo_historical_weather_api,2026-06-11T10:40:28Z
15,Tokyo,2024-07-09,3,28.7,33.7,25.0,33.5,0.0,0.0,0.0,25.0,False,open_meteo_historical_weather_api,2026-06-11T10:40:28Z
15,Tokyo,2024-07-10,53,28.3,32.4,24.8,31.7,1.9,1.9,4.0,38.0,True,open_meteo_historical_weather_api,2026-06-11T10:40:28Z
15,Tokyo,2024-07-11,53,27.2,29.5,24.8,29.5,0.9,0.9,2.0,50.4,True,open_meteo_historical_weather_api,2026-06-11T10:40:28Z
15,Tokyo,2024-07-12,63,24.1,25.7,22.5,27.9,17.6,17.6,19.0,17.7,True,open_meteo_historical_weather_api,2026-06-11T10:40:28Z
15,Tokyo,2024-07-13,61,25.5,30.3,21.4,28.2,3.7,3.7,7.0,26.1,True,open_meteo_historical_weather_api,2026-06-11T10:40:28Z
15,Tokyo,2024-07-14,63,25.8,29.1,23.9,30.2,14.0,14.0,17.0,19.6,True,open_meteo_historical_weather_api,2026-06-11T10:40:28Z
15,Tokyo,2024-07-15,51,24.7,27.0,22.4,27.8,0.4,0.4,2.0,30.6,True,open_meteo_historical_weather_api,2026-06-11T10:40:28Z
15,Tokyo,2024-07-16,63,23.7,26.4,21.2,27.0,19.8,19.8,20.0,19.6,True,open_meteo_historical_weather_api,2026-06-11T10:40:28Z
15,Tokyo,2024-07-17,55,25.7,30.1,22.0,29.6,6.1,6.1,14.0,14.1,True,open_meteo_historical_weather_api,2026-06-11T10:40:28Z
15,Tokyo,2024-07-18,3,26.8,31.0,23.1,31.8,0.0,0.0,0.0,18.2,False,open_meteo_historical_weather_api,2026-06-11T10:40:28Z
15,Tokyo,2024-07-19,3,28.1,32.5,24.0,33.4,0.0,0.0,0.0,17.0,False,open_meteo_historical_weather_api,2026-06-11T10:40:28Z
15,Tokyo,2024-07-20,65,29.8,35.2,25.7,35.7,13.9,13.9,6.0,20.1,True,open_meteo_historical_weather_api,2026-06-11T10:40:28Z
15,Tokyo,2024-07-21,65,27.9,32.2,24.4,32.5,19.3,19.3,5.0,21.5,True,open_meteo_historical_weather_api,2026-06-11T10:40:28Z
15,Tokyo,2024-07-22,51,29.8,35.1,25.1,35.3,0.1,0.1,1.0,20.6,True,open_meteo_historical_weather_api,2026-06-11T10:40:28Z
15,Tokyo,2024-07-23,3,29.3,33.3,25.0,34.7,0.0,0.0,0.0,25.9,False,open_meteo_historical_weather_api,2026-06-11T10:40:28Z
15,Tokyo,2024-07-24,3,30.0,34.8,25.5,35.3,0.0,0.0,0.0,17.6,False,open_meteo_historical_weather_api,2026-06-11T10:40:28Z
15,Tokyo,2024-07-25,51,29.9,34.0,26.8,35.2,0.2,0.2,1.0,19.4,True,open_meteo_historical_weather_api,2026-06-11T10:40:28Z
15,Tokyo,2024-07-26,53,30.2,35.0,25.8,35.8,1.1,1.1,2.0,16.5,True,open_meteo_historical_weather_api,2026-06-11T10:40:28Z
15,Tokyo,2024-07-27,51,30.6,35.7,26.1,36.5,0.2,0.2,2.0,12.7,True,open_meteo_historical_weather_api,2026-06-11T10:40:28Z
15,Tokyo,2024-07-28,55,31.3,37.5,26.2,36.4,1.1,1.1,1.0,18.8,True,open_meteo_historical_weather_api,2026-06-11T10:40:28Z
15,Tokyo,2024-07-29,3,32.4,38.2,28.1,35.3,0.0,0.0,0.0,29.0,False,open_meteo_historical_weather_api,2026-06-11T10:40:28Z
15,Tokyo,2024-07-30,55,32.3,38.8,28.0,35.1,2.6,2.6,4.0,28.1,True,open_meteo_historical_weather_api,2026-06-11T10:40:28Z
15,Tokyo,2024-07-31,53,30.5,36.3,27.0,34.8,0.9,0.9,3.0,21.5,True,open_meteo_historical_weather_api,2026-06-11T10:40:28Z
15,Tokyo,2024-08-01,3,29.4,34.7,25.0,32.4,0.0,0.0,0.0,23.5,False,open_meteo_historical_weather_api,2026-06-11T10:40:28Z
15,Tokyo,2024-08-02,3,29.7,35.9,24.7,33.0,0.0,0.0,0.0,23.6,False,open_meteo_historical_weather_api,2026-06-11T10:40:28Z
15,Tokyo,2024-08-03,3,30.1,36.5,25.2,33.2,0.0,0.0,0.0,24.2,False,open_meteo_historical_weather_api,2026-06-11T10:40:28Z
15,Tokyo,2024-08-04,2,30.8,37.7,26.0,34.0,0.0,0.0,0.0,24.7,False,open_meteo_historical_weather_api,2026-06-11T10:40:28Z
15,Tokyo,2024-08-05,53,30.8,37.0,26.9,34.9,2.0,2.0,5.0,20.6,True,open_meteo_historical_weather_api,2026-06-11T10:40:28Z
15,Tokyo,2024-08-06,53,29.9,35.0,26.7,34.4,2.2,2.2,8.0,15.7,True,open_meteo_historical_weather_api,2026-06-11T10:40:28Z
15,Tokyo,2024-08-07,65,27.9,32.5,25.0,33.1,18.1,18.1,18.0,27.4,True,open_meteo_historical_weather_api,2026-06-11T10:40:28Z
15,Tokyo,2024-08-08,53,28.2,32.4,24.6,33.2,2.2,2.2,8.0,18.1,True,open_meteo_historical_weather_api,2026-06-11T10:40:28Z
15,Tokyo,2024-08-09,55,28.5,33.7,24.9,32.9,3.5,3.5,8.0,18.8,True,open_meteo_historical_weather_api,2026-06-11T10:40:28Z
15,Tokyo,2024-08-10,61,29.1,34.0,25.1,32.5,1.8,1.8,3.0,27.5,True,open_meteo_historical_weather_api,2026-06-11T10:40:28Z
15,Tokyo,2024-08-11,3,30.7,35.8,25.6,35.7,0.0,0.0,0.0,24.9,False,open_meteo_historical_weather_api,2026-06-11T10:40:28Z
15,Tokyo,2024-08-12,1,31.4,36.3,27.0,35.3,0.0,0.0,0.0,34.2,False,open_meteo_historical_weather_api,2026-06-11T10:40:28Z
15,Tokyo,2024-08-13,3,31.3,37.2,27.0,35.4,0.0,0.0,0.0,28.1,False,open_meteo_historical_weather_api,2026-06-11T10:40:28Z
15,Tokyo,2024-08-14,51,31.2,36.5,26.6,35.6,0.5,0.5,2.0,22.2,True,open_meteo_historical_weather_api,2026-06-11T10:40:28Z
15,Tokyo,2024-08-15,53,30.5,36.8,25.5,34.4,1.4,1.4,5.0,25.4,True,open_meteo_historical_weather_api,2026-06-11T10:40:28Z
15,Tokyo,2024-08-16,63,26.2,28.0,24.8,27.5,57.3,57.3,24.0,44.5,True,open_meteo_historical_weather_api,2026-06-11T10:40:28Z
15,Tokyo,2024-08-17,51,30.1,34.7,25.5,34.2,0.2,0.2,2.0,35.5,True,open_meteo_historical_weather_api,2026-06-11T10:40:28Z
15,Tokyo,2024-08-18,51,28.5,32.5,25.5,34.1,1.1,1.1,9.0,17.9,True,open_meteo_historical_weather_api,2026-06-11T10:40:28Z
15,Tokyo,2024-08-19,63,28.5,32.8,25.4,34.3,5.3,5.3,7.0,16.4,True,open_meteo_historical_weather_api,2026-06-11T10:40:28Z
15,Tokyo,2024-08-20,55,28.6,33.4,25.2,33.4,2.4,2.4,3.0,21.4,True,open_meteo_historical_weather_api,2026-06-11T10:40:28Z
15,Tokyo,2024-08-21,53,27.9,31.9,24.6,32.8,1.4,1.4,5.0,17.9,True,open_meteo_historical_weather_api,2026-06-11T10:40:28Z
15,Tokyo,2024-08-22,51,27.7,30.5,25.4,31.9,1.4,1.4,8.0,25.8,True,open_meteo_historical_weather_api,2026-06-11T10:40:28Z
15,Tokyo,2024-08-23,51,28.8,31.9,26.4,32.2,0.6,0.6,3.0,30.8,True,open_meteo_historical_weather_api,2026-06-11T10:40:28Z
15,Tokyo,2024-08-24,63,28.7,33.0,25.8,33.8,6.5,6.5,9.0,22.0,True,open_meteo_historical_weather_api,2026-06-11T10:40:28Z
15,Tokyo,2024-08-25,51,28.2,32.2,25.1,32.2,0.2,0.2,2.0,28.2,True,open_meteo_historical_weather_api,2026-06-11T10:40:28Z
15,Tokyo,2024-08-26,51,28.5,32.2,26.0,31.4,0.1,0.1,1.0,30.7,True,open_meteo_historical_weather_api,2026-06-11T10:40:28Z
15,Tokyo,2024-08-27,51,27.5,31.5,25.0,29.7,0.9,0.9,7.0,39.1,True,open_meteo_historical_weather_api,2026-06-11T10:40:28Z
15,Tokyo,2024-08-28,51,27.6,30.4,25.5,30.8,0.3,0.3,3.0,24.4,True,open_meteo_historical_weather_api,2026-06-11T10:40:28Z
15,Tokyo,2024-08-29,65,26.6,30.5,24.5,30.7,31.6,31.6,15.0,20.5,True,open_meteo_historical_weather_api,2026-06-11T10:40:28Z
15,Tokyo,2024-08-30,65,26.7,27.8,25.8,29.8,36.3,36.3,19.0,32.5,True,open_meteo_historical_weather_api,2026-06-11T10:40:28Z
15,Tokyo,2024-08-31,63,27.3,30.0,25.4,30.0,14.4,14.4,18.0,33.1,True,open_meteo_historical_weather_api,2026-06-11T10:40:28Z
15,Tokyo,2024-09-01,63,27.1,29.8,24.5,31.1,31.3,31.3,17.0,34.2,True,open_meteo_historical_weather_api,2026-06-11T10:40:28Z
15,Tokyo,2024-09-02,3,28.0,31.3,25.9,30.3,0.0,0.0,0.0,41.6,False,open_meteo_historical_weather_api,2026-06-11T10:40:28Z
15,Tokyo,2024-09-03,65,24.4,26.6,22.5,27.4,32.2,32.2,20.0,27.4,True,open_meteo_historical_weather_api,2026-06-11T10:40:28Z
15,Tokyo,2024-09-04,55,24.3,28.0,21.9,26.0,2.0,2.0,3.0,21.8,True,open_meteo_historical_weather_api,2026-06-11T10:40:28Z
15,Tokyo,2024-09-05,3,25.5,29.7,21.9,28.4,0.0,0.0,0.0,14.6,False,open_meteo_historical_weather_api,2026-06-11T10:40:28Z
15,Tokyo,2024-09-06,3,27.1,31.6,23.0,31.9,0.0,0.0,0.0,14.8,False,open_meteo_historical_weather_api,2026-06-11T10:40:28Z
15,Tokyo,2024-09-07,51,27.2,31.4,24.0,31.9,0.1,0.1,1.0,22.4,True,open_meteo_historical_weather_api,2026-06-11T10:40:28Z
15,Tokyo,2024-09-08,55,27.5,32.2,23.9,32.4,1.4,1.4,4.0,18.8,True,open_meteo_historical_weather_api,2026-06-11T10:40:28Z
15,Tokyo,2024-09-09,55,27.0,32.0,23.2,31.3,3.1,3.1,8.0,16.7,True,open_meteo_historical_weather_api,2026-06-11T10:40:28Z
15,Tokyo,2024-09-10,53,27.2,31.8,23.1,31.7,1.1,1.1,4.0,21.3,True,open_meteo_historical_weather_api,2026-06-11T10:40:28Z
15,Tokyo,2024-09-11,51,28.2,32.2,24.0,33.4,0.4,0.4,2.0,22.2,True,open_meteo_historical_weather_api,2026-06-11T10:40:28Z
15,Tokyo,2024-09-12,51,28.2,32.4,24.6,33.0,0.1,0.1,1.0,25.8,True,open_meteo_historical_weather_api,2026-06-11T10:40:28Z
15,Tokyo,2024-09-13,3,28.7,32.5,25.4,32.0,0.0,0.0,0.0,31.6,False,open_meteo_historical_weather_api,2026-06-11T10:40:28Z
15,Tokyo,2024-09-14,3,28.7,33.2,24.9,31.5,0.0,0.0,0.0,35.8,False,open_meteo_historical_weather_api,2026-06-11T10:40:28Z
15,Tokyo,2024-09-15,65,29.4,33.7,25.9,31.3,21.0,21.0,2.0,37.4,True,open_meteo_historical_weather_api,2026-06-11T10:40:28Z
15,Tokyo,2024-09-16,65,26.7,30.5,23.5,29.8,23.2,23.2,7.0,29.7,True,open_meteo_historical_weather_api,2026-06-11T10:40:28Z
15,Tokyo,2024-09-17,3,27.4,32.7,22.6,31.0,0.0,0.0,0.0,26.7,False,open_meteo_historical_weather_api,2026-06-11T10:40:28Z
15,Tokyo,2024-09-18,61,29.2,35.3,25.5,34.3,5.3,5.3,6.0,18.1,True,open_meteo_historical_weather_api,2026-06-11T10:40:28Z
15,Tokyo,2024-09-19,3,28.3,32.5,25.4,33.9,0.0,0.0,0.0,14.8,False,open_meteo_historical_weather_api,2026-06-11T10:40:28Z
15,Tokyo,2024-09-20,51,29.0,33.3,25.4,34.6,0.2,0.2,2.0,13.4,True,open_meteo_historical_weather_api,2026-06-11T10:40:28Z
15,Tokyo,2024-09-21,3,28.0,31.8,24.0,32.5,0.0,0.0,0.0,18.9,False,open_meteo_historical_weather_api,2026-06-11T10:40:28Z
15,Tokyo,2024-09-22,53,25.5,28.8,22.7,28.8,1.8,1.8,7.0,35.8,True,open_meteo_historical_weather_api,2026-06-11T10:40:28Z
15,Tokyo,2024-09-23,53,22.6,26.3,18.9,22.6,2.8,2.8,8.0,29.7,True,open_meteo_historical_weather_api,2026-06-11T10:40:28Z
15,Tokyo,2024-09-24,51,19.8,24.0,16.7,17.9,0.1,0.1,1.0,28.8,True,open_meteo_historical_weather_api,2026-06-11T10:40:28Z
15,Tokyo,2024-09-25,3,20.2,23.3,16.0,18.5,0.0,0.0,0.0,33.8,False,open_meteo_historical_weather_api,2026-06-11T10:40:28Z
15,Tokyo,2024-09-26,51,24.1,28.1,20.6,25.8,0.2,0.2,2.0,22.7,True,open_meteo_historical_weather_api,2026-06-11T10:40:28Z
15,Tokyo,2024-09-27,61,22.9,24.9,21.4,25.5,17.3,17.3,15.0,20.6,True,open_meteo_historical_weather_api,2026-06-11T10:40:28Z
15,Tokyo,2024-09-28,51,23.7,27.1,21.8,26.1,0.3,0.3,3.0,18.5,True,open_meteo_historical_weather_api,2026-06-11T10:40:28Z
15,Tokyo,2024-09-29,51,22.5,25.1,20.5,23.4,0.3,0.3,2.0,21.7,True,open_meteo_historical_weather_api,2026-06-11T10:40:28Z
15,Tokyo,2024-09-30,51,21.9,25.3,19.4,22.5,1.1,1.1,6.0,18.2,True,open_meteo_historical_weather_api,2026-06-11T10:40:28Z
15,Tokyo,2024-10-01,51,22.5,27.0,18.6,23.2,0.2,0.2,1.0,25.5,True,open_meteo_historical_weather_api,2026-06-11T10:40:28Z
15,Tokyo,2024-10-02,3,25.2,31.1,20.2,27.2,0.0,0.0,0.0,33.3,False,open_meteo_historical_weather_api,2026-06-11T10:40:28Z
15,Tokyo,2024-10-03,61,23.8,26.8,22.0,24.8,8.3,8.3,13.0,32.8,True,open_meteo_historical_weather_api,2026-06-11T10:40:28Z
15,Tokyo,2024-10-04,53,25.1,28.5,22.2,27.0,0.7,0.7,2.0,35.1,True,open_meteo_historical_weather_api,2026-06-11T10:40:28Z
15,Tokyo,2024-10-05,63,21.5,23.0,19.6,22.9,22.1,22.1,19.0,22.9,True,open_meteo_historical_weather_api,2026-06-11T10:40:28Z
15,Tokyo,2024-10-06,51,22.1,25.7,19.6,24.2,0.2,0.2,1.0,15.0,True,open_meteo_historical_weather_api,2026-06-11T10:40:28Z
15,Tokyo,2024-10-07,3,23.8,28.5,19.0,25.5,0.0,0.0,0.0,35.4,False,open_meteo_historical_weather_api,2026-06-11T10:40:28Z
15,Tokyo,2024-10-08,63,19.2,22.1,15.9,19.0,15.2,15.2,16.0,25.2,True,open_meteo_historical_weather_api,2026-06-11T10:40:28Z
15,Tokyo,2024-10-09,63,16.4,17.8,15.2,14.0,31.6,31.6,18.0,29.0,True,open_meteo_historical_weather_api,2026-06-11T10:40:28Z
15,Tokyo,2024-10-10,51,17.2,20.6,14.6,14.9,0.5,0.5,5.0,29.1,True,open_meteo_historical_weather_api,2026-06-11T10:40:28Z
15,Tokyo,2024-10-11,3,17.6,22.9,12.4,17.4,0.0,0.0,0.0,15.6,False,open_meteo_historical_weather_api,2026-06-11T10:40:28Z
15,Tokyo,2024-10-12,1,19.0,24.0,14.9,19.1,0.0,0.0,0.0,16.5,False,open_meteo_historical_weather_api,2026-06-11T10:40:28Z
15,Tokyo,2024-10-13,1,19.4,25.1,15.6,18.9,0.0,0.0,0.0,19.6,False,open_meteo_historical_weather_api,2026-06-11T10:40:28Z
15,Tokyo,2024-10-14,3,19.1,24.5,14.6,18.7,0.0,0.0,0.0,20.7,False,open_meteo_historical_weather_api,2026-06-11T10:40:28Z
15,Tokyo,2024-10-15,3,20.5,25.8,16.2,21.2,0.0,0.0,0.0,14.8,False,open_meteo_historical_weather_api,2026-06-11T10:40:28Z
15,Tokyo,2024-10-16,3,21.5,25.8,16.1,23.1,0.0,0.0,0.0,12.7,False,open_meteo_historical_weather_api,2026-06-11T10:40:28Z
15,Tokyo,2024-10-17,53,21.5,24.8,19.3,22.8,1.6,1.6,8.0,19.1,True,open_meteo_historical_weather_api,2026-06-11T10:40:28Z
15,Tokyo,2024-10-18,61,21.2,24.6,19.0,23.1,5.0,5.0,10.0,17.6,True,open_meteo_historical_weather_api,2026-06-11T10:40:28Z
15,Tokyo,2024-10-19,53,24.0,29.0,20.8,25.5,1.2,1.2,4.0,40.2,True,open_meteo_historical_weather_api,2026-06-11T10:40:28Z
15,Tokyo,2024-10-20,51,15.9,20.1,11.6,12.0,0.2,0.2,1.0,43.9,True,open_meteo_historical_weather_api,2026-06-11T10:40:28Z
15,Tokyo,2024-10-21,3,14.3,19.5,9.2,11.4,0.0,0.0,0.0,25.9,False,open_meteo_historical_weather_api,2026-06-11T10:40:28Z
15,Tokyo,2024-10-22,51,18.2,23.5,12.8,17.6,0.2,0.2,1.0,19.4,True,open_meteo_historical_weather_api,2026-06-11T10:40:28Z
15,Tokyo,2024-10-23,51,21.6,25.8,17.0,22.6,0.8,0.8,4.0,35.0,True,open_meteo_historical_weather_api,2026-06-11T10:40:28Z
15,Tokyo,2024-10-24,51,22.2,27.0,19.0,23.3,0.3,0.3,3.0,22.1,True,open_meteo_historical_weather_api,2026-06-11T10:40:28Z
15,Tokyo,2024-10-25,55,19.3,20.9,17.4,19.3,3.7,3.7,7.0,19.7,True,open_meteo_historical_weather_api,2026-06-11T10:40:28Z
15,Tokyo,2024-10-26,3,18.4,21.8,15.4,18.5,0.0,0.0,0.0,16.2,False,open_meteo_historical_weather_api,2026-06-11T10:40:28Z
15,Tokyo,2024-10-27,51,19.2,23.6,15.0,20.1,0.4,0.4,2.0,16.2,True,open_meteo_historical_weather_api,2026-06-11T10:40:28Z
15,Tokyo,2024-10-28,63,18.8,20.8,17.5,19.0,10.1,10.1,11.0,22.1,True,open_meteo_historical_weather_api,2026-06-11T10:40:28Z
15,Tokyo,2024-10-29,63,15.6,18.1,12.9,13.9,28.3,28.3,14.0,24.2,True,open_meteo_historical_weather_api,2026-06-11T10:40:28Z
15,Tokyo,2024-10-30,63,16.2,22.4,13.1,12.9,14.3,14.3,10.0,42.4,True,open_meteo_historical_weather_api,2026-06-11T10:40:28Z
15,Tokyo,2024-10-31,3,15.6,20.1,11.2,13.7,0.0,0.0,0.0,28.2,False,open_meteo_historical_weather_api,2026-06-11T10:40:28Z
15,Tokyo,2024-11-01,61,15.7,21.4,10.6,15.4,5.9,5.9,7.0,13.2,True,open_meteo_historical_weather_api,2026-06-11T10:40:28Z
15,Tokyo,2024-11-02,65,16.0,17.6,14.8,15.2,58.1,58.1,24.0,34.6,True,open_meteo_historical_weather_api,2026-06-11T10:40:28Z
15,Tokyo,2024-11-03,3,16.8,20.5,12.9,14.8,0.0,0.0,0.0,34.5,False,open_meteo_historical_weather_api,2026-06-11T10:40:28Z
15,Tokyo,2024-11-04,2,15.7,22.4,9.3,14.5,0.0,0.0,0.0,28.3,False,open_meteo_historical_weather_api,2026-06-11T10:40:28Z
15,Tokyo,2024-11-05,3,15.2,19.4,11.5,13.5,0.0,0.0,0.0,22.0,False,open_meteo_historical_weather_api,2026-06-11T10:40:28Z
15,Tokyo,2024-11-06,55,13.1,14.9,11.2,10.8,1.6,1.6,4.0,23.6,True,open_meteo_historical_weather_api,2026-06-11T10:40:28Z
15,Tokyo,2024-11-07,3,11.2,15.1,8.4,5.8,0.0,0.0,0.0,40.7,False,open_meteo_historical_weather_api,2026-06-11T10:40:28Z
15,Tokyo,2024-11-08,3,10.2,14.8,6.3,6.9,0.0,0.0,0.0,31.6,False,open_meteo_historical_weather_api,2026-06-11T10:40:28Z
15,Tokyo,2024-11-09,3,10.4,16.2,5.2,7.4,0.0,0.0,0.0,16.5,False,open_meteo_historical_weather_api,2026-06-11T10:40:28Z
15,Tokyo,2024-11-10,3,12.9,17.2,8.9,10.7,0.0,0.0,0.0,19.4,False,open_meteo_historical_weather_api,2026-06-11T10:40:28Z
15,Tokyo,2024-11-11,63,15.9,21.4,13.1,14.9,6.3,6.3,9.0,19.4,True,open_meteo_historical_weather_api,2026-06-11T10:40:28Z
15,Tokyo,2024-11-12,2,15.1,20.0,10.4,14.4,0.0,0.0,0.0,17.9,False,open_meteo_historical_weather_api,2026-06-11T10:40:28Z
15,Tokyo,2024-11-13,3,15.7,19.0,13.3,14.3,0.0,0.0,0.0,16.5,False,open_meteo_historical_weather_api,2026-06-11T10:40:28Z
15,Tokyo,2024-11-14,51,14.9,18.2,11.8,14.1,0.4,0.4,1.0,8.6,True,open_meteo_historical_weather_api,2026-06-11T10:40:28Z
15,Tokyo,2024-11-15,63,16.2,18.7,13.9,16.6,8.2,8.2,6.0,9.4,True,open_meteo_historical_weather_api,2026-06-11T10:40:28Z
15,Tokyo,2024-11-16,51,16.2,18.8,13.4,15.8,0.3,0.3,2.0,10.9,True,open_meteo_historical_weather_api,2026-06-11T10:40:28Z
15,Tokyo,2024-11-17,51,18.0,22.4,14.4,18.7,0.6,0.6,3.0,11.3,True,open_meteo_historical_weather_api,2026-06-11T10:40:28Z
15,Tokyo,2024-11-18,53,12.6,17.5,9.4,10.3,2.6,2.6,9.0,19.8,True,open_meteo_historical_weather_api,2026-06-11T10:40:28Z
15,Tokyo,2024-11-19,3,8.5,11.2,6.3,4.9,0.0,0.0,0.0,20.3,False,open_meteo_historical_weather_api,2026-06-11T10:40:28Z
15,Tokyo,2024-11-20,53,6.3,7.8,4.9,3.5,2.4,2.4,13.0,10.7,True,open_meteo_historical_weather_api,2026-06-11T10:40:28Z
15,Tokyo,2024-11-21,61,10.1,12.9,8.0,8.7,7.1,7.1,8.0,12.1,True,open_meteo_historical_weather_api,2026-06-11T10:40:28Z
15,Tokyo,2024-11-22,3,11.3,16.8,6.3,10.2,0.0,0.0,0.0,17.0,False,open_meteo_historical_weather_api,2026-06-11T10:40:28Z
15,Tokyo,2024-11-23,3,10.7,14.6,7.5,6.9,0.0,0.0,0.0,19.5,False,open_meteo_historical_weather_api,2026-06-11T10:40:28Z
15,Tokyo,2024-11-24,3,9.3,13.4,6.8,6.6,0.0,0.0,0.0,11.0,False,open_meteo_historical_weather_api,2026-06-11T10:40:28Z
15,Tokyo,2024-11-25,0,8.6,12.4,4.9,6.1,0.0,0.0,0.0,9.5,False,open_meteo_historical_weather_api,2026-06-11T10:40:28Z
15,Tokyo,2024-11-26,63,8.8,13.6,3.8,7.0,5.7,5.7,5.0,9.0,True,open_meteo_historical_weather_api,2026-06-11T10:40:28Z
15,Tokyo,2024-11-27,65,13.6,18.6,9.1,12.9,39.2,39.2,5.0,14.2,True,open_meteo_historical_weather_api,2026-06-11T10:40:28Z
15,Tokyo,2024-11-28,0,11.3,15.9,7.4,9.1,0.0,0.0,0.0,7.8,False,open_meteo_historical_weather_api,2026-06-11T10:40:28Z
15,Tokyo,2024-11-29,3,8.9,13.9,5.2,6.2,0.0,0.0,0.0,10.8,False,open_meteo_historical_weather_api,2026-06-11T10:40:28Z
15,Tokyo,2024-11-30,3,9.1,14.6,4.8,6.8,0.0,0.0,0.0,10.9,False,open_meteo_historical_weather_api,2026-06-11T10:40:28Z
15,Tokyo,2024-12-01,0,9.9,15.1,5.5,7.7,0.0,0.0,0.0,10.2,False,open_meteo_historical_weather_api,2026-06-11T10:40:28Z
15,Tokyo,2024-12-02,1,10.5,15.4,6.5,8.9,0.0,0.0,0.0,9.3,False,open_meteo_historical_weather_api,2026-06-11T10:40:28Z
15,Tokyo,2024-12-03,1,10.4,15.2,5.7,9.1,0.0,0.0,0.0,9.1,False,open_meteo_historical_weather_api,2026-06-11T10:40:28Z
15,Tokyo,2024-12-04,3,11.1,15.6,7.8,9.1,0.0,0.0,0.0,10.6,False,open_meteo_historical_weather_api,2026-06-11T10:40:28Z
15,Tokyo,2024-12-05,53,10.7,14.4,7.8,8.9,1.2,1.2,6.0,10.0,True,open_meteo_historical_weather_api,2026-06-11T10:40:28Z
15,Tokyo,2024-12-06,3,9.4,14.9,4.2,6.8,0.0,0.0,0.0,11.0,False,open_meteo_historical_weather_api,2026-06-11T10:40:28Z
15,Tokyo,2024-12-07,61,7.1,10.4,4.6,4.2,1.7,1.7,1.0,11.1,True,open_meteo_historical_weather_api,2026-06-11T10:40:28Z
15,Tokyo,2024-12-08,3,6.2,11.3,3.0,2.9,0.0,0.0,0.0,19.4,False,open_meteo_historical_weather_api,2026-06-11T10:40:28Z
15,Tokyo,2024-12-09,0,6.6,10.9,3.2,3.0,0.0,0.0,0.0,11.2,False,open_meteo_historical_weather_api,2026-06-11T10:40:28Z
15,Tokyo,2024-12-10,3,7.8,12.5,4.7,4.6,0.0,0.0,0.0,11.8,False,open_meteo_historical_weather_api,2026-06-11T10:40:28Z
15,Tokyo,2024-12-11,3,7.2,11.9,3.6,3.8,0.0,0.0,0.0,17.1,False,open_meteo_historical_weather_api,2026-06-11T10:40:28Z
15,Tokyo,2024-12-12,0,5.4,9.4,2.3,0.9,0.0,0.0,0.0,16.8,False,open_meteo_historical_weather_api,2026-06-11T10:40:28Z
15,Tokyo,2024-12-13,3,4.1,8.3,0.6,0.9,0.0,0.0,0.0,10.2,False,open_meteo_historical_weather_api,2026-06-11T10:40:28Z
15,Tokyo,2024-12-14,3,5.5,10.6,1.9,1.1,0.0,0.0,0.0,18.3,False,open_meteo_historical_weather_api,2026-06-11T10:40:28Z
15,Tokyo,2024-12-15,0,4.5,9.9,-0.9,1.5,0.0,0.0,0.0,7.9,False,open_meteo_historical_weather_api,2026-06-11T10:40:28Z
15,Tokyo,2024-12-16,0,5.9,11.2,1.4,2.8,0.0,0.0,0.0,9.4,False,open_meteo_historical_weather_api,2026-06-11T10:40:28Z
15,Tokyo,2024-12-17,0,6.7,11.9,1.5,4.0,0.0,0.0,0.0,8.7,False,open_meteo_historical_weather_api,2026-06-11T10:40:28Z
15,Tokyo,2024-12-18,71,6.0,11.2,1.7,2.7,0.2,0.1,1.0,12.0,True,open_meteo_historical_weather_api,2026-06-11T10:40:28Z
15,Tokyo,2024-12-19,73,4.6,7.6,2.9,0.8,2.8,0.7,7.0,18.7,True,open_meteo_historical_weather_api,2026-06-11T10:40:28Z
15,Tokyo,2024-12-20,3,5.5,10.0,1.2,2.3,0.0,0.0,0.0,10.7,False,open_meteo_historical_weather_api,2026-06-11T10:40:28Z
15,Tokyo,2024-12-21,3,7.7,14.3,1.4,4.4,0.0,0.0,0.0,18.9,False,open_meteo_historical_weather_api,2026-06-11T10:40:28Z
15,Tokyo,2024-12-22,0,6.8,10.1,2.8,2.0,0.0,0.0,0.0,24.1,False,open_meteo_historical_weather_api,2026-06-11T10:40:28Z
15,Tokyo,2024-12-23,1,5.3,10.1,1.9,1.2,0.0,0.0,0.0,17.1,False,open_meteo_historical_weather_api,2026-06-11T10:40:28Z
15,Tokyo,2024-12-24,1,5.2,10.8,1.0,1.3,0.0,0.0,0.0,12.8,False,open_meteo_historical_weather_api,2026-06-11T10:40:28Z
15,Tokyo,2024-12-25,3,6.3,10.1,2.9,2.7,0.0,0.0,0.0,12.0,False,open_meteo_historical_weather_api,2026-06-11T10:40:28Z
15,Tokyo,2024-12-26,3,7.7,13.3,3.0,4.7,0.0,0.0,0.0,11.6,False,open_meteo_historical_weather_api,2026-06-11T10:40:28Z
15,Tokyo,2024-12-27,3,6.5,9.9,3.8,3.0,0.0,0.0,0.0,12.8,False,open_meteo_historical_weather_api,2026-06-11T10:40:28Z
15,Tokyo,2024-12-28,3,4.6,9.5,-0.2,0.8,0.0,0.0,0.0,12.1,False,open_meteo_historical_weather_api,2026-06-11T10:40:28Z
15,Tokyo,2024-12-29,1,5.1,11.0,-0.2,1.5,0.0,0.0,0.0,18.0,False,open_meteo_historical_weather_api,2026-06-11T10:40:28Z
15,Tokyo,2024-12-30,3,5.7,9.5,2.8,2.0,0.0,0.0,0.0,12.8,False,open_meteo_historical_weather_api,2026-06-11T10:40:28Z
15,Tokyo,2024-12-31,3,6.7,12.8,0.9,3.3,0.0,0.0,0.0,20.9,False,open_meteo_historical_weather_api,2026-06-11T10:40:28Z
16,Sydney,2024-01-01,51,21.7,23.5,19.2,21.9,1.4,1.4,10.0,25.5,True,open_meteo_historical_weather_api,2026-06-11T10:40:28Z
16,Sydney,2024-01-02,3,23.2,25.8,19.0,24.1,0.0,0.0,0.0,29.0,False,open_meteo_historical_weather_api,2026-06-11T10:40:28Z
16,Sydney,2024-01-03,3,23.4,27.4,19.0,24.8,0.0,0.0,0.0,23.3,False,open_meteo_historical_weather_api,2026-06-11T10:40:28Z
16,Sydney,2024-01-04,53,22.6,26.3,19.5,24.4,2.9,2.9,8.0,31.7,True,open_meteo_historical_weather_api,2026-06-11T10:40:28Z
16,Sydney,2024-01-05,53,21.1,23.1,18.6,20.7,1.1,1.1,3.0,25.1,True,open_meteo_historical_weather_api,2026-06-11T10:40:28Z
16,Sydney,2024-01-06,51,21.0,24.5,16.4,21.1,0.1,0.1,1.0,18.0,True,open_meteo_historical_weather_api,2026-06-11T10:40:28Z
16,Sydney,2024-01-07,3,22.5,25.8,16.6,22.3,0.0,0.0,0.0,28.8,False,open_meteo_historical_weather_api,2026-06-11T10:40:28Z
16,Sydney,2024-01-08,61,23.4,27.1,19.9,24.8,3.2,3.2,8.0,18.7,True,open_meteo_historical_weather_api,2026-06-11T10:40:28Z
16,Sydney,2024-01-09,51,22.8,24.9,19.9,24.4,0.4,0.4,4.0,23.1,True,open_meteo_historical_weather_api,2026-06-11T10:40:28Z
16,Sydney,2024-01-10,51,23.3,27.4,18.2,25.8,0.2,0.2,2.0,21.3,True,open_meteo_historical_weather_api,2026-06-11T10:40:28Z
16,Sydney,2024-01-11,53,23.9,27.0,21.2,27.5,3.5,3.5,15.0,17.9,True,open_meteo_historical_weather_api,2026-06-11T10:40:28Z
16,Sydney,2024-01-12,53,23.9,27.4,21.3,26.4,1.6,1.6,9.0,23.0,True,open_meteo_historical_weather_api,2026-06-11T10:40:28Z
16,Sydney,2024-01-13,51,23.8,29.0,17.5,26.5,1.1,1.1,4.0,21.9,True,open_meteo_historical_weather_api,2026-06-11T10:40:28Z
16,Sydney,2024-01-14,63,22.6,25.5,20.9,23.5,10.9,10.9,21.0,23.7,True,open_meteo_historical_weather_api,2026-06-11T10:40:28Z
16,Sydney,2024-01-15,65,20.5,21.8,19.4,19.6,60.3,60.3,19.0,29.4,True,open_meteo_historical_weather_api,2026-06-11T10:40:28Z
16,Sydney,2024-01-16,53,21.9,23.4,19.8,22.5,2.3,2.3,9.0,21.5,True,open_meteo_historical_weather_api,2026-06-11T10:40:28Z
16,Sydney,2024-01-17,63,23.8,28.5,21.5,25.8,15.9,15.9,12.0,19.8,True,open_meteo_historical_weather_api,2026-06-11T10:40:28Z
16,Sydney,2024-01-18,53,23.4,28.0,19.9,26.5,1.3,1.3,3.0,15.9,True,open_meteo_historical_weather_api,2026-06-11T10:40:28Z
16,Sydney,2024-01-19,51,21.9,26.2,17.8,21.7,0.1,0.1,1.0,20.2,True,open_meteo_historical_weather_api,2026-06-11T10:40:28Z
16,Sydney,2024-01-20,51,23.0,25.4,20.2,23.7,0.1,0.1,1.0,24.7,True,open_meteo_historical_weather_api,2026-06-11T10:40:28Z
16,Sydney,2024-01-21,2,25.9,32.8,18.8,28.8,0.0,0.0,0.0,37.1,False,open_meteo_historical_weather_api,2026-06-11T10:40:28Z
16,Sydney,2024-01-22,51,21.4,22.8,20.1,20.1,0.7,0.7,7.0,35.3,True,open_meteo_historical_weather_api,2026-06-11T10:40:28Z
16,Sydney,2024-01-23,51,21.8,24.2,19.5,22.2,0.8,0.8,7.0,17.0,True,open_meteo_historical_weather_api,2026-06-11T10:40:28Z
16,Sydney,2024-01-24,3,24.0,29.1,18.0,25.4,0.0,0.0,0.0,20.8,False,open_meteo_historical_weather_api,2026-06-11T10:40:28Z
16,Sydney,2024-01-25,3,26.7,32.4,23.0,29.6,0.0,0.0,0.0,19.7,False,open_meteo_historical_weather_api,2026-06-11T10:40:28Z
16,Sydney,2024-01-26,61,27.3,36.6,21.9,27.4,1.4,1.4,2.0,30.5,True,open_meteo_historical_weather_api,2026-06-11T10:40:28Z
16,Sydney,2024-01-27,51,22.0,23.5,20.4,22.9,1.7,1.7,10.0,21.7,True,open_meteo_historical_weather_api,2026-06-11T10:40:28Z
16,Sydney,2024-01-28,51,21.9,25.2,17.5,23.7,0.7,0.7,3.0,19.3,True,open_meteo_historical_weather_api,2026-06-11T10:40:28Z
16,Sydney,2024-01-29,51,24.4,28.0,20.3,26.4,0.1,0.1,1.0,25.3,True,open_meteo_historical_weather_api,2026-06-11T10:40:28Z
16,Sydney,2024-01-30,55,23.9,25.8,21.9,26.6,3.8,3.8,15.0,26.3,True,open_meteo_historical_weather_api,2026-06-11T10:40:28Z
16,Sydney,2024-01-31,51,23.0,25.5,20.4,25.0,2.3,2.3,13.0,24.3,True,open_meteo_historical_weather_api,2026-06-11T10:40:28Z
16,Sydney,2024-02-01,51,23.1,26.5,20.6,25.0,0.5,0.5,5.0,23.8,True,open_meteo_historical_weather_api,2026-06-11T10:40:28Z
16,Sydney,2024-02-02,51,23.4,27.6,20.4,25.5,0.1,0.1,1.0,22.7,True,open_meteo_historical_weather_api,2026-06-11T10:40:28Z
16,Sydney,2024-02-03,51,23.2,26.7,20.9,24.0,0.1,0.1,1.0,26.6,True,open_meteo_historical_weather_api,2026-06-11T10:40:28Z
16,Sydney,2024-02-04,3,25.6,30.6,19.9,28.3,0.0,0.0,0.0,30.8,False,open_meteo_historical_weather_api,2026-06-11T10:40:28Z
16,Sydney,2024-02-05,53,26.9,33.8,24.0,30.7,0.8,0.8,2.0,20.9,True,open_meteo_historical_weather_api,2026-06-11T10:40:28Z
16,Sydney,2024-02-06,55,22.2,24.2,20.0,22.1,5.3,5.3,15.0,35.0,True,open_meteo_historical_weather_api,2026-06-11T10:40:28Z
16,Sydney,2024-02-07,55,20.4,22.4,19.0,18.8,2.2,2.2,4.0,32.4,True,open_meteo_historical_weather_api,2026-06-11T10:40:28Z
16,Sydney,2024-02-08,51,21.0,23.1,18.0,19.8,0.1,0.1,1.0,23.9,True,open_meteo_historical_weather_api,2026-06-11T10:40:28Z
16,Sydney,2024-02-09,61,20.7,23.5,16.8,20.3,3.1,3.1,5.0,27.7,True,open_meteo_historical_weather_api,2026-06-11T10:40:28Z
16,Sydney,2024-02-10,53,21.8,23.6,20.1,20.5,2.4,2.4,4.0,29.4,True,open_meteo_historical_weather_api,2026-06-11T10:40:28Z
16,Sydney,2024-02-11,51,21.2,24.2,18.1,21.5,0.4,0.4,3.0,16.0,True,open_meteo_historical_weather_api,2026-06-11T10:40:28Z
16,Sydney,2024-02-12,3,22.1,26.8,15.8,23.6,0.0,0.0,0.0,24.1,False,open_meteo_historical_weather_api,2026-06-11T10:40:28Z
16,Sydney,2024-02-13,2,24.6,30.1,20.2,26.9,0.0,0.0,0.0,27.8,False,open_meteo_historical_weather_api,2026-06-11T10:40:28Z
16,Sydney,2024-02-14,51,23.2,28.4,19.6,24.2,2.3,2.3,10.0,32.6,True,open_meteo_historical_weather_api,2026-06-11T10:40:28Z
16,Sydney,2024-02-15,53,21.0,22.2,20.0,22.1,3.6,3.6,14.0,17.3,True,open_meteo_historical_weather_api,2026-06-11T10:40:28Z
16,Sydney,2024-02-16,63,22.9,26.4,20.2,25.5,21.0,21.0,13.0,21.1,True,open_meteo_historical_weather_api,2026-06-11T10:40:28Z
16,Sydney,2024-02-17,51,24.4,28.5,20.7,28.1,0.2,0.2,1.0,14.9,True,open_meteo_historical_weather_api,2026-06-11T10:40:28Z
16,Sydney,2024-02-18,3,23.9,27.8,20.3,27.9,0.0,0.0,0.0,12.4,False,open_meteo_historical_weather_api,2026-06-11T10:40:28Z
16,Sydney,2024-02-19,61,21.7,23.2,19.9,23.8,7.8,7.8,15.0,21.3,True,open_meteo_historical_weather_api,2026-06-11T10:40:28Z
16,Sydney,2024-02-20,63,20.5,22.3,19.0,22.2,16.0,16.0,19.0,17.3,True,open_meteo_historical_weather_api,2026-06-11T10:40:28Z
16,Sydney,2024-02-21,61,21.9,24.5,19.7,24.5,5.3,5.3,13.0,17.9,True,open_meteo_historical_weather_api,2026-06-11T10:40:28Z
16,Sydney,2024-02-22,51,23.2,28.0,19.0,26.6,0.3,0.3,3.0,19.1,True,open_meteo_historical_weather_api,2026-06-11T10:40:28Z
16,Sydney,2024-02-23,61,26.2,34.6,19.5,29.0,4.5,4.5,3.0,25.2,True,open_meteo_historical_weather_api,2026-06-11T10:40:28Z
16,Sydney,2024-02-24,51,21.0,21.6,17.9,20.1,1.1,1.1,8.0,27.2,True,open_meteo_historical_weather_api,2026-06-11T10:40:28Z
16,Sydney,2024-02-25,3,21.0,25.5,16.8,22.1,0.0,0.0,0.0,20.0,False,open_meteo_historical_weather_api,2026-06-11T10:40:28Z
16,Sydney,2024-02-26,51,21.4,26.9,16.8,22.4,0.5,0.5,3.0,31.2,True,open_meteo_historical_weather_api,2026-06-11T10:40:28Z
16,Sydney,2024-02-27,61,21.7,23.0,18.6,23.0,4.4,4.4,8.0,17.2,True,open_meteo_historical_weather_api,2026-06-11T10:40:28Z
16,Sydney,2024-02-28,51,23.5,27.1,18.8,25.4,0.2,0.2,1.0,25.2,True,open_meteo_historical_weather_api,2026-06-11T10:40:28Z
16,Sydney,2024-02-29,51,27.2,34.9,21.5,31.3,0.1,0.1,1.0,27.1,True,open_meteo_historical_weather_api,2026-06-11T10:40:28Z
16,Sydney,2024-03-01,3,24.4,26.8,21.5,27.3,0.0,0.0,0.0,19.6,False,open_meteo_historical_weather_api,2026-06-11T10:40:28Z
16,Sydney,2024-03-02,55,22.7,24.5,20.9,24.5,4.1,4.1,10.0,32.4,True,open_meteo_historical_weather_api,2026-06-11T10:40:28Z
16,Sydney,2024-03-03,51,23.5,29.8,18.0,25.5,0.2,0.2,2.0,32.9,True,open_meteo_historical_weather_api,2026-06-11T10:40:28Z
16,Sydney,2024-03-04,51,20.4,22.4,15.6,18.7,0.2,0.2,2.0,30.9,True,open_meteo_historical_weather_api,2026-06-11T10:40:28Z
16,Sydney,2024-03-05,2,19.7,24.4,13.6,19.5,0.0,0.0,0.0,20.3,False,open_meteo_historical_weather_api,2026-06-11T10:40:28Z
16,Sydney,2024-03-06,3,22.5,28.2,16.0,23.7,0.0,0.0,0.0,22.2,False,open_meteo_historical_weather_api,2026-06-11T10:40:28Z
16,Sydney,2024-03-07,53,22.8,26.9,17.9,24.8,1.4,1.4,6.0,24.2,True,open_meteo_historical_weather_api,2026-06-11T10:40:28Z
16,Sydney,2024-03-08,51,23.0,27.1,18.9,25.2,0.7,0.7,2.0,19.2,True,open_meteo_historical_weather_api,2026-06-11T10:40:28Z
16,Sydney,2024-03-09,2,22.9,27.9,16.8,24.6,0.0,0.0,0.0,19.7,False,open_meteo_historical_weather_api,2026-06-11T10:40:28Z
16,Sydney,2024-03-10,51,23.2,27.8,18.4,24.7,0.1,0.1,1.0,21.4,True,open_meteo_historical_weather_api,2026-06-11T10:40:28Z
16,Sydney,2024-03-11,3,23.0,27.6,17.5,24.3,0.0,0.0,0.0,19.4,False,open_meteo_historical_weather_api,2026-06-11T10:40:28Z
16,Sydney,2024-03-12,3,23.5,30.6,17.5,25.1,0.0,0.0,0.0,17.0,False,open_meteo_historical_weather_api,2026-06-11T10:40:28Z
16,Sydney,2024-03-13,3,23.1,27.2,18.5,25.1,0.0,0.0,0.0,17.4,False,open_meteo_historical_weather_api,2026-06-11T10:40:28Z
16,Sydney,2024-03-14,51,23.4,31.0,19.0,24.7,1.0,1.0,6.0,30.8,True,open_meteo_historical_weather_api,2026-06-11T10:40:28Z
16,Sydney,2024-03-15,55,20.9,23.1,18.4,19.3,2.9,2.9,9.0,25.6,True,open_meteo_historical_weather_api,2026-06-11T10:40:28Z
16,Sydney,2024-03-16,53,20.2,23.0,17.0,20.4,4.1,4.1,16.0,14.8,True,open_meteo_historical_weather_api,2026-06-11T10:40:28Z
16,Sydney,2024-03-17,63,19.6,22.0,18.0,20.7,19.4,19.4,21.0,15.3,True,open_meteo_historical_weather_api,2026-06-11T10:40:28Z
16,Sydney,2024-03-18,53,20.7,23.7,18.4,22.4,3.1,3.1,14.0,15.7,True,open_meteo_historical_weather_api,2026-06-11T10:40:28Z
16,Sydney,2024-03-19,53,21.9,26.3,18.2,24.0,1.6,1.6,8.0,21.9,True,open_meteo_historical_weather_api,2026-06-11T10:40:28Z
16,Sydney,2024-03-20,63,21.1,24.8,18.6,21.5,11.7,11.7,8.0,37.0,True,open_meteo_historical_weather_api,2026-06-11T10:40:28Z
16,Sydney,2024-03-21,51,18.6,20.5,16.6,16.5,0.4,0.4,2.0,32.8,True,open_meteo_historical_weather_api,2026-06-11T10:40:28Z
16,Sydney,2024-03-22,51,17.7,21.9,13.2,17.9,0.5,0.5,3.0,12.0,True,open_meteo_historical_weather_api,2026-06-11T10:40:28Z
16,Sydney,2024-03-23,51,18.4,22.9,13.1,19.5,1.2,1.2,7.0,13.0,True,open_meteo_historical_weather_api,2026-06-11T10:40:28Z
16,Sydney,2024-03-24,53,20.2,24.4,17.3,21.7,2.0,2.0,5.0,18.0,True,open_meteo_historical_weather_api,2026-06-11T10:40:28Z
16,Sydney,2024-03-25,3,20.1,27.2,15.2,21.0,0.0,0.0,0.0,17.4,False,open_meteo_historical_weather_api,2026-06-11T10:40:28Z
16,Sydney,2024-03-26,2,20.2,24.9,14.8,21.6,0.0,0.0,0.0,13.7,False,open_meteo_historical_weather_api,2026-06-11T10:40:28Z
16,Sydney,2024-03-27,53,20.8,23.9,17.9,21.8,1.7,1.7,5.0,17.4,True,open_meteo_historical_weather_api,2026-06-11T10:40:28Z
16,Sydney,2024-03-28,53,20.1,23.0,16.5,21.1,2.5,2.5,11.0,17.5,True,open_meteo_historical_weather_api,2026-06-11T10:40:28Z
16,Sydney,2024-03-29,51,20.3,23.8,15.6,21.0,0.1,0.1,1.0,14.5,True,open_meteo_historical_weather_api,2026-06-11T10:40:28Z
16,Sydney,2024-03-30,2,19.3,26.1,13.1,20.3,0.0,0.0,0.0,16.7,False,open_meteo_historical_weather_api,2026-06-11T10:40:28Z
16,Sydney,2024-03-31,3,19.8,25.6,15.6,21.4,0.0,0.0,0.0,16.5,False,open_meteo_historical_weather_api,2026-06-11T10:40:28Z
16,Sydney,2024-04-01,3,21.2,27.2,15.4,21.5,0.0,0.0,0.0,24.5,False,open_meteo_historical_weather_api,2026-06-11T10:40:28Z
16,Sydney,2024-04-02,63,20.8,25.4,17.4,20.5,15.5,15.5,6.0,20.2,True,open_meteo_historical_weather_api,2026-06-11T10:40:28Z
16,Sydney,2024-04-03,51,18.9,22.5,15.2,18.2,0.1,0.1,1.0,17.1,True,open_meteo_historical_weather_api,2026-06-11T10:40:28Z
16,Sydney,2024-04-04,63,19.2,20.0,18.2,19.0,12.7,12.7,20.0,18.7,True,open_meteo_historical_weather_api,2026-06-11T10:40:28Z
16,Sydney,2024-04-05,63,19.2,20.1,18.0,18.6,60.7,60.7,24.0,37.9,True,open_meteo_historical_weather_api,2026-06-11T10:40:28Z
16,Sydney,2024-04-06,65,21.6,26.4,18.4,22.0,26.3,26.3,6.0,39.5,True,open_meteo_historical_weather_api,2026-06-11T10:40:28Z
16,Sydney,2024-04-07,51,19.6,25.1,14.1,20.6,0.5,0.5,5.0,10.6,True,open_meteo_historical_weather_api,2026-06-11T10:40:28Z
16,Sydney,2024-04-08,51,18.7,21.6,16.3,19.2,0.8,0.8,5.0,13.0,True,open_meteo_historical_weather_api,2026-06-11T10:40:28Z
16,Sydney,2024-04-09,61,15.6,20.7,12.8,13.7,17.1,17.1,12.0,31.7,True,open_meteo_historical_weather_api,2026-06-11T10:40:28Z
16,Sydney,2024-04-10,3,16.1,20.1,12.8,12.5,0.0,0.0,0.0,30.2,False,open_meteo_historical_weather_api,2026-06-11T10:40:28Z
16,Sydney,2024-04-11,1,15.9,20.5,11.4,14.1,0.0,0.0,0.0,22.8,False,open_meteo_historical_weather_api,2026-06-11T10:40:28Z
16,Sydney,2024-04-12,1,16.4,22.0,12.1,16.1,0.0,0.0,0.0,15.5,False,open_meteo_historical_weather_api,2026-06-11T10:40:28Z
16,Sydney,2024-04-13,53,16.9,21.7,11.9,17.5,1.3,1.3,4.0,11.5,True,open_meteo_historical_weather_api,2026-06-11T10:40:28Z
16,Sydney,2024-04-14,3,18.4,23.4,14.1,19.5,0.0,0.0,0.0,14.0,False,open_meteo_historical_weather_api,2026-06-11T10:40:28Z
16,Sydney,2024-04-15,3,17.8,22.9,13.9,18.3,0.0,0.0,0.0,11.8,False,open_meteo_historical_weather_api,2026-06-11T10:40:28Z
16,Sydney,2024-04-16,51,17.6,21.7,14.0,18.2,0.4,0.4,4.0,13.0,True,open_meteo_historical_weather_api,2026-06-11T10:40:28Z
16,Sydney,2024-04-17,53,17.8,21.1,14.6,18.4,1.3,1.3,5.0,17.0,True,open_meteo_historical_weather_api,2026-06-11T10:40:28Z
16,Sydney,2024-04-18,61,16.6,22.0,13.9,17.1,1.8,1.8,2.0,13.7,True,open_meteo_historical_weather_api,2026-06-11T10:40:28Z
16,Sydney,2024-04-19,51,15.6,19.5,11.5,14.2,0.4,0.4,3.0,19.5,True,open_meteo_historical_weather_api,2026-06-11T10:40:28Z
16,Sydney,2024-04-20,61,16.7,18.4,15.1,14.6,14.9,14.9,23.0,32.2,True,open_meteo_historical_weather_api,2026-06-11T10:40:28Z
16,Sydney,2024-04-21,51,16.8,19.6,13.6,15.9,1.4,1.4,9.0,21.3,True,open_meteo_historical_weather_api,2026-06-11T10:40:28Z
16,Sydney,2024-04-22,1,16.5,21.2,12.9,16.6,0.0,0.0,0.0,11.4,False,open_meteo_historical_weather_api,2026-06-11T10:40:28Z
16,Sydney,2024-04-23,0,17.8,22.9,12.6,17.5,0.0,0.0,0.0,19.3,False,open_meteo_historical_weather_api,2026-06-11T10:40:28Z
16,Sydney,2024-04-24,51,19.0,24.9,14.6,17.5,0.1,0.1,1.0,28.5,True,open_meteo_historical_weather_api,2026-06-11T10:40:28Z
16,Sydney,2024-04-25,51,15.7,19.7,11.9,14.0,0.1,0.1,1.0,15.3,True,open_meteo_historical_weather_api,2026-06-11T10:40:28Z
16,Sydney,2024-04-26,1,14.7,19.0,11.4,13.0,0.0,0.0,0.0,20.6,False,open_meteo_historical_weather_api,2026-06-11T10:40:28Z
16,Sydney,2024-04-27,51,15.2,20.1,10.9,14.7,0.1,0.1,1.0,11.2,True,open_meteo_historical_weather_api,2026-06-11T10:40:28Z
16,Sydney,2024-04-28,3,16.8,22.5,11.4,16.8,0.0,0.0,0.0,17.7,False,open_meteo_historical_weather_api,2026-06-11T10:40:28Z
16,Sydney,2024-04-29,3,17.8,25.5,11.4,18.2,0.0,0.0,0.0,10.1,False,open_meteo_historical_weather_api,2026-06-11T10:40:28Z
16,Sydney,2024-04-30,61,16.9,17.9,16.0,14.8,4.9,4.9,13.0,29.2,True,open_meteo_historical_weather_api,2026-06-11T10:40:28Z
16,Sydney,2024-05-01,63,15.3,17.6,13.4,13.4,11.3,11.3,22.0,27.0,True,open_meteo_historical_weather_api,2026-06-11T10:40:28Z
16,Sydney,2024-05-02,61,15.4,18.4,13.2,14.3,5.6,5.6,18.0,19.1,True,open_meteo_historical_weather_api,2026-06-11T10:40:28Z
16,Sydney,2024-05-03,63,14.6,16.8,12.9,14.5,14.8,14.8,21.0,16.2,True,open_meteo_historical_weather_api,2026-06-11T10:40:28Z
16,Sydney,2024-05-04,55,15.3,17.9,13.2,15.2,5.9,5.9,14.0,12.2,True,open_meteo_historical_weather_api,2026-06-11T10:40:28Z
16,Sydney,2024-05-05,63,15.2,17.0,13.6,14.6,29.6,29.6,24.0,27.4,True,open_meteo_historical_weather_api,2026-06-11T10:40:28Z
16,Sydney,2024-05-06,63,17.5,20.0,15.9,14.8,23.3,23.3,19.0,32.2,True,open_meteo_historical_weather_api,2026-06-11T10:40:28Z
16,Sydney,2024-05-07,51,16.2,18.6,14.1,15.7,2.2,2.2,13.0,16.9,True,open_meteo_historical_weather_api,2026-06-11T10:40:28Z
16,Sydney,2024-05-08,61,15.8,18.6,12.9,15.8,7.0,7.0,17.0,13.2,True,open_meteo_historical_weather_api,2026-06-11T10:40:28Z
16,Sydney,2024-05-09,61,15.6,18.9,13.5,15.9,4.6,4.6,11.0,13.5,True,open_meteo_historical_weather_api,2026-06-11T10:40:28Z
16,Sydney,2024-05-10,53,16.3,19.9,13.8,16.3,3.1,3.1,9.0,14.1,True,open_meteo_historical_weather_api,2026-06-11T10:40:28Z
16,Sydney,2024-05-11,61,15.9,17.0,15.0,15.9,29.7,29.7,24.0,18.7,True,open_meteo_historical_weather_api,2026-06-11T10:40:28Z
16,Sydney,2024-05-12,61,15.9,19.2,14.6,15.8,10.5,10.5,19.0,19.1,True,open_meteo_historical_weather_api,2026-06-11T10:40:28Z
16,Sydney,2024-05-13,53,16.9,19.6,13.6,15.7,4.0,4.0,13.0,29.8,True,open_meteo_historical_weather_api,2026-06-11T10:40:28Z
16,Sydney,2024-05-14,51,15.6,21.1,11.5,14.9,0.2,0.2,2.0,14.4,True,open_meteo_historical_weather_api,2026-06-11T10:40:28Z
16,Sydney,2024-05-15,51,15.7,21.1,12.4,15.6,0.2,0.2,2.0,11.3,True,open_meteo_historical_weather_api,2026-06-11T10:40:28Z
16,Sydney,2024-05-16,51,15.1,20.0,10.6,15.1,0.4,0.4,2.0,11.3,True,open_meteo_historical_weather_api,2026-06-11T10:40:28Z
16,Sydney,2024-05-17,3,15.5,21.2,11.8,15.2,0.0,0.0,0.0,17.9,False,open_meteo_historical_weather_api,2026-06-11T10:40:28Z
16,Sydney,2024-05-18,53,13.2,15.0,11.1,8.5,3.9,3.9,17.0,38.1,True,open_meteo_historical_weather_api,2026-06-11T10:40:28Z
16,Sydney,2024-05-19,3,12.1,16.9,9.4,8.9,0.0,0.0,0.0,18.2,False,open_meteo_historical_weather_api,2026-06-11T10:40:28Z
16,Sydney,2024-05-20,51,12.8,17.6,8.1,9.5,0.5,0.5,5.0,25.2,True,open_meteo_historical_weather_api,2026-06-11T10:40:28Z
16,Sydney,2024-05-21,51,14.7,17.6,10.8,12.1,1.0,1.0,6.0,23.9,True,open_meteo_historical_weather_api,2026-06-11T10:40:28Z
16,Sydney,2024-05-22,0,12.5,17.9,8.1,10.5,0.0,0.0,0.0,12.8,False,open_meteo_historical_weather_api,2026-06-11T10:40:28Z
16,Sydney,2024-05-23,3,11.9,18.2,6.9,9.9,0.0,0.0,0.0,12.5,False,open_meteo_historical_weather_api,2026-06-11T10:40:28Z
16,Sydney,2024-05-24,3,12.3,18.5,7.1,11.0,0.0,0.0,0.0,11.5,False,open_meteo_historical_weather_api,2026-06-11T10:40:28Z
16,Sydney,2024-05-25,3,13.4,18.0,9.4,12.7,0.0,0.0,0.0,11.5,False,open_meteo_historical_weather_api,2026-06-11T10:40:28Z
16,Sydney,2024-05-26,3,13.0,19.5,8.7,12.1,0.0,0.0,0.0,12.3,False,open_meteo_historical_weather_api,2026-06-11T10:40:28Z
16,Sydney,2024-05-27,0,12.2,18.9,7.8,10.4,0.0,0.0,0.0,13.4,False,open_meteo_historical_weather_api,2026-06-11T10:40:28Z
16,Sydney,2024-05-28,2,11.8,19.3,6.7,10.3,0.0,0.0,0.0,12.4,False,open_meteo_historical_weather_api,2026-06-11T10:40:28Z
16,Sydney,2024-05-29,3,12.9,20.0,7.2,12.1,0.0,0.0,0.0,11.6,False,open_meteo_historical_weather_api,2026-06-11T10:40:28Z
16,Sydney,2024-05-30,3,14.6,22.0,8.1,13.4,0.0,0.0,0.0,20.6,False,open_meteo_historical_weather_api,2026-06-11T10:40:28Z
16,Sydney,2024-05-31,53,17.5,19.5,14.5,15.8,1.9,1.9,6.0,25.7,True,open_meteo_historical_weather_api,2026-06-11T10:40:28Z
16,Sydney,2024-06-01,63,13.8,16.6,12.0,11.6,48.5,48.5,24.0,31.3,True,open_meteo_historical_weather_api,2026-06-11T10:40:28Z
16,Sydney,2024-06-02,63,12.9,16.0,11.1,9.5,16.1,16.1,11.0,27.4,True,open_meteo_historical_weather_api,2026-06-11T10:40:28Z
16,Sydney,2024-06-03,3,11.1,16.1,6.5,8.6,0.0,0.0,0.0,15.5,False,open_meteo_historical_weather_api,2026-06-11T10:40:28Z
16,Sydney,2024-06-04,3,11.3,16.5,7.3,8.7,0.0,0.0,0.0,21.7,False,open_meteo_historical_weather_api,2026-06-11T10:40:28Z
16,Sydney,2024-06-05,53,11.5,14.6,8.6,9.9,1.0,1.0,3.0,12.3,True,open_meteo_historical_weather_api,2026-06-11T10:40:28Z
16,Sydney,2024-06-06,63,13.3,15.5,11.1,12.4,17.5,17.5,18.0,15.2,True,open_meteo_historical_weather_api,2026-06-11T10:40:28Z
16,Sydney,2024-06-07,53,14.6,17.5,11.4,13.9,5.3,5.3,12.0,27.8,True,open_meteo_historical_weather_api,2026-06-11T10:40:28Z
16,Sydney,2024-06-08,53,14.2,19.0,11.1,12.3,0.9,0.9,4.0,22.1,True,open_meteo_historical_weather_api,2026-06-11T10:40:28Z
16,Sydney,2024-06-09,3,13.0,17.5,8.8,11.0,0.0,0.0,0.0,19.6,False,open_meteo_historical_weather_api,2026-06-11T10:40:28Z
16,Sydney,2024-06-10,51,11.8,16.8,7.8,8.9,0.2,0.2,2.0,20.0,True,open_meteo_historical_weather_api,2026-06-11T10:40:28Z
16,Sydney,2024-06-11,3,11.4,15.8,5.3,8.6,0.0,0.0,0.0,24.1,False,open_meteo_historical_weather_api,2026-06-11T10:40:28Z
16,Sydney,2024-06-12,63,12.7,16.8,8.7,9.7,2.8,2.8,2.0,28.1,True,open_meteo_historical_weather_api,2026-06-11T10:40:28Z
16,Sydney,2024-06-13,3,10.9,14.9,7.3,7.7,0.0,0.0,0.0,17.7,False,open_meteo_historical_weather_api,2026-06-11T10:40:28Z
16,Sydney,2024-06-14,61,11.8,13.8,9.9,10.1,9.5,9.5,17.0,14.2,True,open_meteo_historical_weather_api,2026-06-11T10:40:28Z
16,Sydney,2024-06-15,63,11.5,13.1,9.9,9.2,18.2,18.2,20.0,22.6,True,open_meteo_historical_weather_api,2026-06-11T10:40:28Z
16,Sydney,2024-06-16,3,10.2,14.9,6.3,6.3,0.0,0.0,0.0,21.2,False,open_meteo_historical_weather_api,2026-06-11T10:40:28Z
16,Sydney,2024-06-17,51,11.9,15.4,8.6,7.8,0.5,0.5,3.0,26.5,True,open_meteo_historical_weather_api,2026-06-11T10:40:28Z
16,Sydney,2024-06-18,1,10.6,15.9,7.5,7.5,0.0,0.0,0.0,18.0,False,open_meteo_historical_weather_api,2026-06-11T10:40:28Z
16,Sydney,2024-06-19,1,8.3,14.1,4.2,5.1,0.0,0.0,0.0,18.8,False,open_meteo_historical_weather_api,2026-06-11T10:40:28Z
16,Sydney,2024-06-20,3,8.1,15.0,2.4,5.6,0.0,0.0,0.0,10.2,False,open_meteo_historical_weather_api,2026-06-11T10:40:28Z
16,Sydney,2024-06-21,3,10.2,15.6,6.0,7.5,0.0,0.0,0.0,14.2,False,open_meteo_historical_weather_api,2026-06-11T10:40:28Z
16,Sydney,2024-06-22,61,10.8,13.8,7.8,7.7,8.8,8.8,19.0,25.6,True,open_meteo_historical_weather_api,2026-06-11T10:40:28Z
16,Sydney,2024-06-23,55,11.6,14.6,7.8,9.6,4.7,4.7,15.0,18.7,True,open_meteo_historical_weather_api,2026-06-11T10:40:28Z
16,Sydney,2024-06-24,3,9.8,15.7,5.3,7.9,0.0,0.0,0.0,13.6,False,open_meteo_historical_weather_api,2026-06-11T10:40:28Z
16,Sydney,2024-06-25,3,10.3,17.2,4.7,8.6,0.0,0.0,0.0,13.5,False,open_meteo_historical_weather_api,2026-06-11T10:40:28Z
16,Sydney,2024-06-26,3,12.1,19.4,6.8,10.5,0.0,0.0,0.0,13.9,False,open_meteo_historical_weather_api,2026-06-11T10:40:28Z
16,Sydney,2024-06-27,3,10.5,17.1,3.8,8.2,0.0,0.0,0.0,12.9,False,open_meteo_historical_weather_api,2026-06-11T10:40:28Z
16,Sydney,2024-06-28,1,10.1,16.8,4.2,7.7,0.0,0.0,0.0,12.7,False,open_meteo_historical_weather_api,2026-06-11T10:40:28Z
16,Sydney,2024-06-29,3,12.4,18.9,5.4,10.2,0.0,0.0,0.0,20.5,False,open_meteo_historical_weather_api,2026-06-11T10:40:28Z
16,Sydney,2024-06-30,61,13.0,15.5,8.4,10.8,5.8,5.8,12.0,20.8,True,open_meteo_historical_weather_api,2026-06-11T10:40:28Z
16,Sydney,2024-07-01,53,10.1,13.7,6.4,7.0,1.4,1.4,7.0,26.7,True,open_meteo_historical_weather_api,2026-06-11T10:40:28Z
16,Sydney,2024-07-02,61,11.7,14.6,9.4,9.2,3.7,3.7,20.0,24.6,True,open_meteo_historical_weather_api,2026-06-11T10:40:28Z
16,Sydney,2024-07-03,61,12.2,14.5,10.6,9.4,8.1,8.1,20.0,28.3,True,open_meteo_historical_weather_api,2026-06-11T10:40:28Z
16,Sydney,2024-07-04,55,13.4,16.5,10.8,11.2,4.1,4.1,15.0,22.3,True,open_meteo_historical_weather_api,2026-06-11T10:40:28Z
16,Sydney,2024-07-05,51,13.4,16.0,10.7,11.2,2.6,2.6,18.0,22.6,True,open_meteo_historical_weather_api,2026-06-11T10:40:28Z
16,Sydney,2024-07-06,53,13.1,15.4,10.2,11.1,2.9,2.9,16.0,21.3,True,open_meteo_historical_weather_api,2026-06-11T10:40:28Z
16,Sydney,2024-07-07,51,12.7,15.6,9.9,11.7,1.4,1.4,12.0,11.0,True,open_meteo_historical_weather_api,2026-06-11T10:40:28Z
16,Sydney,2024-07-08,61,13.7,16.7,11.4,13.0,4.7,4.7,11.0,14.8,True,open_meteo_historical_weather_api,2026-06-11T10:40:28Z
16,Sydney,2024-07-09,61,14.2,18.5,10.1,13.4,3.7,3.7,7.0,14.4,True,open_meteo_historical_weather_api,2026-06-11T10:40:28Z
16,Sydney,2024-07-10,51,11.5,17.6,6.7,10.0,0.2,0.2,1.0,9.7,True,open_meteo_historical_weather_api,2026-06-11T10:40:28Z
16,Sydney,2024-07-11,3,11.3,16.5,7.4,9.6,0.0,0.0,0.0,11.9,False,open_meteo_historical_weather_api,2026-06-11T10:40:28Z
16,Sydney,2024-07-12,3,11.3,16.5,7.2,9.5,0.0,0.0,0.0,19.1,False,open_meteo_historical_weather_api,2026-06-11T10:40:28Z
16,Sydney,2024-07-13,3,12.4,16.1,9.5,9.2,0.0,0.0,0.0,20.5,False,open_meteo_historical_weather_api,2026-06-11T10:40:28Z
16,Sydney,2024-07-14,1,10.5,15.1,7.9,7.0,0.0,0.0,0.0,20.6,False,open_meteo_historical_weather_api,2026-06-11T10:40:28Z
16,Sydney,2024-07-15,2,9.4,13.4,6.3,4.7,0.0,0.0,0.0,27.5,False,open_meteo_historical_weather_api,2026-06-11T10:40:28Z
16,Sydney,2024-07-16,51,10.6,13.9,7.9,6.3,0.1,0.1,1.0,25.9,True,open_meteo_historical_weather_api,2026-06-11T10:40:28Z
16,Sydney,2024-07-17,51,12.8,17.6,10.0,9.7,0.5,0.5,2.0,23.1,True,open_meteo_historical_weather_api,2026-06-11T10:40:28Z
16,Sydney,2024-07-18,3,11.4,16.5,7.7,8.0,0.0,0.0,0.0,24.8,False,open_meteo_historical_weather_api,2026-06-11T10:40:28Z
16,Sydney,2024-07-19,3,10.3,15.6,5.2,6.6,0.0,0.0,0.0,19.8,False,open_meteo_historical_weather_api,2026-06-11T10:40:28Z
16,Sydney,2024-07-20,3,12.7,15.4,11.2,7.1,0.0,0.0,0.0,36.2,False,open_meteo_historical_weather_api,2026-06-11T10:40:28Z
16,Sydney,2024-07-21,2,12.2,16.2,8.0,7.5,0.0,0.0,0.0,33.8,False,open_meteo_historical_weather_api,2026-06-11T10:40:28Z
16,Sydney,2024-07-22,3,10.7,17.6,6.0,8.5,0.0,0.0,0.0,13.3,False,open_meteo_historical_weather_api,2026-06-11T10:40:28Z
16,Sydney,2024-07-23,1,10.5,17.9,5.2,8.3,0.0,0.0,0.0,12.5,False,open_meteo_historical_weather_api,2026-06-11T10:40:28Z
16,Sydney,2024-07-24,3,11.1,18.9,4.4,8.9,0.0,0.0,0.0,17.6,False,open_meteo_historical_weather_api,2026-06-11T10:40:28Z
16,Sydney,2024-07-25,51,16.0,22.2,11.4,12.7,0.1,0.1,1.0,24.1,True,open_meteo_historical_weather_api,2026-06-11T10:40:28Z
16,Sydney,2024-07-26,53,14.0,19.0,8.9,12.3,1.7,1.7,6.0,16.9,True,open_meteo_historical_weather_api,2026-06-11T10:40:28Z
16,Sydney,2024-07-27,61,10.6,16.2,6.1,9.5,3.2,3.2,5.0,13.5,True,open_meteo_historical_weather_api,2026-06-11T10:40:28Z
16,Sydney,2024-07-28,2,10.0,13.1,8.1,4.8,0.0,0.0,0.0,29.6,False,open_meteo_historical_weather_api,2026-06-11T10:40:28Z
16,Sydney,2024-07-29,3,10.3,13.6,6.9,4.8,0.0,0.0,0.0,31.4,False,open_meteo_historical_weather_api,2026-06-11T10:40:28Z
16,Sydney,2024-07-30,2,10.8,14.8,6.9,6.3,0.0,0.0,0.0,31.1,False,open_meteo_historical_weather_api,2026-06-11T10:40:28Z
16,Sydney,2024-07-31,2,11.6,15.0,8.9,7.4,0.0,0.0,0.0,31.2,False,open_meteo_historical_weather_api,2026-06-11T10:40:28Z
16,Sydney,2024-08-01,51,11.5,14.4,9.1,8.1,1.2,1.2,11.0,28.9,True,open_meteo_historical_weather_api,2026-06-11T10:40:28Z
16,Sydney,2024-08-02,51,11.3,15.1,8.1,9.1,1.5,1.5,11.0,15.8,True,open_meteo_historical_weather_api,2026-06-11T10:40:28Z
16,Sydney,2024-08-03,3,10.2,17.0,5.3,8.3,0.0,0.0,0.0,13.2,False,open_meteo_historical_weather_api,2026-06-11T10:40:28Z
16,Sydney,2024-08-04,3,9.5,15.4,4.7,7.4,0.0,0.0,0.0,11.4,False,open_meteo_historical_weather_api,2026-06-11T10:40:28Z
16,Sydney,2024-08-05,51,10.1,15.3,4.7,8.9,0.1,0.1,1.0,8.7,True,open_meteo_historical_weather_api,2026-06-11T10:40:28Z
16,Sydney,2024-08-06,51,11.1,16.8,5.8,9.0,0.1,0.1,1.0,15.9,True,open_meteo_historical_weather_api,2026-06-11T10:40:28Z
16,Sydney,2024-08-07,3,9.5,16.7,5.2,7.1,0.0,0.0,0.0,13.8,False,open_meteo_historical_weather_api,2026-06-11T10:40:28Z
16,Sydney,2024-08-08,3,11.0,17.6,4.3,8.9,0.0,0.0,0.0,19.4,False,open_meteo_historical_weather_api,2026-06-11T10:40:28Z
16,Sydney,2024-08-09,53,12.0,19.0,6.3,10.8,0.9,0.9,4.0,13.7,True,open_meteo_historical_weather_api,2026-06-11T10:40:28Z
16,Sydney,2024-08-10,51,12.5,17.6,8.4,11.5,0.2,0.2,2.0,12.7,True,open_meteo_historical_weather_api,2026-06-11T10:40:28Z
16,Sydney,2024-08-11,51,12.4,17.3,7.9,11.5,0.5,0.5,3.0,14.2,True,open_meteo_historical_weather_api,2026-06-11T10:40:28Z
16,Sydney,2024-08-12,55,13.2,18.0,9.4,12.9,3.0,3.0,10.0,12.0,True,open_meteo_historical_weather_api,2026-06-11T10:40:28Z
16,Sydney,2024-08-13,53,15.8,18.4,13.1,15.3,3.4,3.4,13.0,23.1,True,open_meteo_historical_weather_api,2026-06-11T10:40:28Z
16,Sydney,2024-08-14,63,15.4,16.8,13.9,16.2,22.5,22.5,23.0,8.9,True,open_meteo_historical_weather_api,2026-06-11T10:40:28Z
16,Sydney,2024-08-15,51,14.2,17.0,11.6,13.7,0.2,0.2,2.0,18.4,True,open_meteo_historical_weather_api,2026-06-11T10:40:28Z
16,Sydney,2024-08-16,51,14.6,20.1,11.1,14.5,0.1,0.1,1.0,12.2,True,open_meteo_historical_weather_api,2026-06-11T10:40:28Z
16,Sydney,2024-08-17,51,15.1,19.0,12.0,12.4,0.1,0.1,1.0,22.7,True,open_meteo_historical_weather_api,2026-06-11T10:40:28Z
16,Sydney,2024-08-18,51,13.6,15.7,11.4,10.3,0.2,0.2,2.0,31.4,True,open_meteo_historical_weather_api,2026-06-11T10:40:28Z
16,Sydney,2024-08-19,51,13.3,16.4,9.9,12.2,0.3,0.3,3.0,10.5,True,open_meteo_historical_weather_api,2026-06-11T10:40:28Z
16,Sydney,2024-08-20,51,14.1,20.7,8.1,12.7,0.2,0.2,1.0,22.9,True,open_meteo_historical_weather_api,2026-06-11T10:40:28Z
16,Sydney,2024-08-21,3,18.2,24.3,13.9,16.2,0.0,0.0,0.0,22.1,False,open_meteo_historical_weather_api,2026-06-11T10:40:28Z
16,Sydney,2024-08-22,3,15.9,20.2,12.8,14.3,0.0,0.0,0.0,12.9,False,open_meteo_historical_weather_api,2026-06-11T10:40:28Z
16,Sydney,2024-08-23,3,14.0,19.9,8.6,12.1,0.0,0.0,0.0,19.2,False,open_meteo_historical_weather_api,2026-06-11T10:40:28Z
16,Sydney,2024-08-24,51,18.9,26.2,12.1,17.0,0.2,0.2,1.0,26.0,True,open_meteo_historical_weather_api,2026-06-11T10:40:28Z
16,Sydney,2024-08-25,55,18.9,23.5,15.8,18.5,1.1,1.1,2.0,30.3,True,open_meteo_historical_weather_api,2026-06-11T10:40:28Z
16,Sydney,2024-08-26,1,17.8,21.3,13.2,15.4,0.0,0.0,0.0,30.4,False,open_meteo_historical_weather_api,2026-06-11T10:40:28Z
16,Sydney,2024-08-27,3,15.5,22.2,6.7,13.4,0.0,0.0,0.0,22.6,False,open_meteo_historical_weather_api,2026-06-11T10:40:28Z
16,Sydney,2024-08-28,3,20.8,26.8,15.0,15.9,0.0,0.0,0.0,39.4,False,open_meteo_historical_weather_api,2026-06-11T10:40:28Z
16,Sydney,2024-08-29,3,16.7,22.1,12.4,14.1,0.0,0.0,0.0,18.4,False,open_meteo_historical_weather_api,2026-06-11T10:40:28Z
16,Sydney,2024-08-30,3,20.5,29.1,12.7,17.2,0.0,0.0,0.0,28.9,False,open_meteo_historical_weather_api,2026-06-11T10:40:28Z
16,Sydney,2024-08-31,0,18.1,22.9,14.7,14.5,0.0,0.0,0.0,28.7,False,open_meteo_historical_weather_api,2026-06-11T10:40:28Z
16,Sydney,2024-09-01,0,18.8,25.8,13.9,14.8,0.0,0.0,0.0,30.1,False,open_meteo_historical_weather_api,2026-06-11T10:40:28Z
16,Sydney,2024-09-02,1,17.7,25.1,12.3,12.0,0.0,0.0,0.0,37.5,False,open_meteo_historical_weather_api,2026-06-11T10:40:28Z
16,Sydney,2024-09-03,0,12.7,17.2,8.0,8.8,0.0,0.0,0.0,27.9,False,open_meteo_historical_weather_api,2026-06-11T10:40:28Z
16,Sydney,2024-09-04,3,13.5,20.7,5.4,10.7,0.0,0.0,0.0,25.4,False,open_meteo_historical_weather_api,2026-06-11T10:40:28Z
16,Sydney,2024-09-05,3,19.1,26.6,10.8,16.1,0.0,0.0,0.0,20.3,False,open_meteo_historical_weather_api,2026-06-11T10:40:28Z
16,Sydney,2024-09-06,0,21.7,29.3,15.2,18.7,0.0,0.0,0.0,24.3,False,open_meteo_historical_weather_api,2026-06-11T10:40:28Z
16,Sydney,2024-09-07,2,19.3,24.2,14.2,18.0,0.0,0.0,0.0,25.4,False,open_meteo_historical_weather_api,2026-06-11T10:40:28Z
16,Sydney,2024-09-08,3,15.3,19.7,12.4,14.1,0.0,0.0,0.0,14.3,False,open_meteo_historical_weather_api,2026-06-11T10:40:28Z
16,Sydney,2024-09-09,3,17.5,24.6,9.9,14.4,0.0,0.0,0.0,24.7,False,open_meteo_historical_weather_api,2026-06-11T10:40:28Z
16,Sydney,2024-09-10,3,16.1,20.0,12.1,14.8,0.0,0.0,0.0,16.2,False,open_meteo_historical_weather_api,2026-06-11T10:40:28Z
16,Sydney,2024-09-11,3,16.0,22.7,8.4,15.8,0.0,0.0,0.0,17.3,False,open_meteo_historical_weather_api,2026-06-11T10:40:28Z
16,Sydney,2024-09-12,53,16.1,19.1,13.9,13.3,3.8,3.8,12.0,35.7,True,open_meteo_historical_weather_api,2026-06-11T10:40:28Z
16,Sydney,2024-09-13,51,13.8,17.0,9.9,11.0,0.1,0.1,1.0,25.6,True,open_meteo_historical_weather_api,2026-06-11T10:40:28Z
16,Sydney,2024-09-14,3,14.4,22.2,7.7,12.4,0.0,0.0,0.0,32.7,False,open_meteo_historical_weather_api,2026-06-11T10:40:28Z
16,Sydney,2024-09-15,51,12.4,15.8,9.2,6.7,0.2,0.2,2.0,41.8,True,open_meteo_historical_weather_api,2026-06-11T10:40:28Z
16,Sydney,2024-09-16,2,12.3,18.2,5.1,9.1,0.0,0.0,0.0,16.4,False,open_meteo_historical_weather_api,2026-06-11T10:40:28Z
16,Sydney,2024-09-17,3,13.7,20.6,8.2,11.3,0.0,0.0,0.0,18.3,False,open_meteo_historical_weather_api,2026-06-11T10:40:28Z
16,Sydney,2024-09-18,3,15.4,24.9,6.2,11.9,0.0,0.0,0.0,25.8,False,open_meteo_historical_weather_api,2026-06-11T10:40:28Z
16,Sydney,2024-09-19,2,18.6,26.6,12.4,13.9,0.0,0.0,0.0,35.3,False,open_meteo_historical_weather_api,2026-06-11T10:40:28Z
16,Sydney,2024-09-20,0,16.0,24.0,8.1,12.6,0.0,0.0,0.0,20.9,False,open_meteo_historical_weather_api,2026-06-11T10:40:28Z
16,Sydney,2024-09-21,3,16.9,23.0,11.1,13.9,0.0,0.0,0.0,18.8,False,open_meteo_historical_weather_api,2026-06-11T10:40:28Z
16,Sydney,2024-09-22,3,17.1,25.2,9.1,14.5,0.0,0.0,0.0,22.7,False,open_meteo_historical_weather_api,2026-06-11T10:40:28Z
16,Sydney,2024-09-23,3,18.7,27.8,9.6,17.0,0.0,0.0,0.0,15.7,False,open_meteo_historical_weather_api,2026-06-11T10:40:28Z
16,Sydney,2024-09-24,3,18.5,24.0,13.2,17.3,0.0,0.0,0.0,22.1,False,open_meteo_historical_weather_api,2026-06-11T10:40:28Z
16,Sydney,2024-09-25,51,21.5,29.4,16.3,19.4,0.8,0.8,4.0,19.7,True,open_meteo_historical_weather_api,2026-06-11T10:40:28Z
16,Sydney,2024-09-26,63,13.7,17.5,11.9,10.8,19.8,19.8,21.0,32.4,True,open_meteo_historical_weather_api,2026-06-11T10:40:28Z
16,Sydney,2024-09-27,51,14.9,16.5,13.1,11.1,2.4,2.4,11.0,30.8,True,open_meteo_historical_weather_api,2026-06-11T10:40:28Z
16,Sydney,2024-09-28,51,15.7,18.1,14.0,13.5,1.0,1.0,9.0,19.5,True,open_meteo_historical_weather_api,2026-06-11T10:40:28Z
16,Sydney,2024-09-29,63,16.2,19.8,11.7,16.1,12.6,12.6,9.0,15.5,True,open_meteo_historical_weather_api,2026-06-11T10:40:28Z
16,Sydney,2024-09-30,63,15.9,18.9,11.6,14.4,19.1,19.1,14.0,30.2,True,open_meteo_historical_weather_api,2026-06-11T10:40:28Z
16,Sydney,2024-10-01,1,15.0,20.0,9.4,14.1,0.0,0.0,0.0,18.6,False,open_meteo_historical_weather_api,2026-06-11T10:40:28Z
16,Sydney,2024-10-02,55,15.7,18.3,13.1,14.5,3.4,3.4,8.0,19.8,True,open_meteo_historical_weather_api,2026-06-11T10:40:28Z
16,Sydney,2024-10-03,51,15.2,19.0,10.9,14.4,0.3,0.3,3.0,15.9,True,open_meteo_historical_weather_api,2026-06-11T10:40:28Z
16,Sydney,2024-10-04,3,15.4,20.6,8.2,14.1,0.0,0.0,0.0,20.5,False,open_meteo_historical_weather_api,2026-06-11T10:40:28Z
16,Sydney,2024-10-05,63,19.6,25.0,15.2,17.7,6.8,6.8,3.0,22.4,True,open_meteo_historical_weather_api,2026-06-11T10:40:28Z
16,Sydney,2024-10-06,3,20.0,26.7,14.6,17.9,0.0,0.0,0.0,18.9,False,open_meteo_historical_weather_api,2026-06-11T10:40:28Z
16,Sydney,2024-10-07,3,20.0,28.3,10.4,18.5,0.0,0.0,0.0,20.2,False,open_meteo_historical_weather_api,2026-06-11T10:40:28Z
16,Sydney,2024-10-08,51,15.5,17.5,14.8,12.5,1.4,1.4,7.0,26.1,True,open_meteo_historical_weather_api,2026-06-11T10:40:28Z
16,Sydney,2024-10-09,53,14.8,16.3,12.6,12.7,1.5,1.5,6.0,18.7,True,open_meteo_historical_weather_api,2026-06-11T10:40:28Z
16,Sydney,2024-10-10,3,16.4,22.0,9.9,15.3,0.0,0.0,0.0,26.8,False,open_meteo_historical_weather_api,2026-06-11T10:40:28Z
16,Sydney,2024-10-11,51,18.2,22.8,12.5,18.3,0.5,0.5,4.0,18.4,True,open_meteo_historical_weather_api,2026-06-11T10:40:28Z
16,Sydney,2024-10-12,51,16.2,17.5,12.1,12.6,0.4,0.4,3.0,34.5,True,open_meteo_historical_weather_api,2026-06-11T10:40:28Z
16,Sydney,2024-10-13,51,16.1,20.4,11.5,14.4,0.9,0.9,6.0,21.0,True,open_meteo_historical_weather_api,2026-06-11T10:40:28Z
16,Sydney,2024-10-14,61,17.0,24.1,11.7,16.5,3.9,3.9,8.0,16.4,True,open_meteo_historical_weather_api,2026-06-11T10:40:28Z
16,Sydney,2024-10-15,53,15.8,17.4,14.1,13.9,2.1,2.1,8.0,22.9,True,open_meteo_historical_weather_api,2026-06-11T10:40:28Z
16,Sydney,2024-10-16,3,14.8,18.1,10.5,13.7,0.0,0.0,0.0,10.1,False,open_meteo_historical_weather_api,2026-06-11T10:40:28Z
16,Sydney,2024-10-17,3,16.0,21.8,8.2,15.5,0.0,0.0,0.0,19.4,False,open_meteo_historical_weather_api,2026-06-11T10:40:28Z
16,Sydney,2024-10-18,61,19.8,24.5,16.1,20.2,5.3,5.3,7.0,25.3,True,open_meteo_historical_weather_api,2026-06-11T10:40:28Z
16,Sydney,2024-10-19,63,19.0,22.1,16.5,18.7,5.9,5.9,6.0,21.1,True,open_meteo_historical_weather_api,2026-06-11T10:40:28Z
16,Sydney,2024-10-20,3,17.8,20.2,16.2,15.7,0.0,0.0,0.0,29.9,False,open_meteo_historical_weather_api,2026-06-11T10:40:28Z
16,Sydney,2024-10-21,51,16.7,19.5,14.6,13.6,0.8,0.8,8.0,32.7,True,open_meteo_historical_weather_api,2026-06-11T10:40:28Z
16,Sydney,2024-10-22,3,16.5,22.0,12.1,15.8,0.0,0.0,0.0,15.0,False,open_meteo_historical_weather_api,2026-06-11T10:40:28Z
16,Sydney,2024-10-23,3,18.6,26.6,10.9,19.3,0.0,0.0,0.0,17.6,False,open_meteo_historical_weather_api,2026-06-11T10:40:28Z
16,Sydney,2024-10-24,61,17.3,20.1,14.2,15.9,5.5,5.5,11.0,25.2,True,open_meteo_historical_weather_api,2026-06-11T10:40:28Z
16,Sydney,2024-10-25,51,15.5,21.6,11.1,12.9,0.8,0.8,4.0,30.2,True,open_meteo_historical_weather_api,2026-06-11T10:40:28Z
16,Sydney,2024-10-26,3,14.4,18.5,10.0,12.0,0.0,0.0,0.0,23.8,False,open_meteo_historical_weather_api,2026-06-11T10:40:28Z
16,Sydney,2024-10-27,3,16.9,24.4,9.1,16.0,0.0,0.0,0.0,21.2,False,open_meteo_historical_weather_api,2026-06-11T10:40:28Z
16,Sydney,2024-10-28,51,17.8,24.9,11.5,16.3,0.3,0.3,3.0,27.2,True,open_meteo_historical_weather_api,2026-06-11T10:40:28Z
16,Sydney,2024-10-29,51,18.2,21.8,15.4,17.6,0.2,0.2,2.0,20.3,True,open_meteo_historical_weather_api,2026-06-11T10:40:28Z
16,Sydney,2024-10-30,3,18.8,24.9,11.3,18.9,0.0,0.0,0.0,26.2,False,open_meteo_historical_weather_api,2026-06-11T10:40:28Z
16,Sydney,2024-10-31,55,19.1,26.0,13.8,19.8,1.2,1.2,2.0,20.1,True,open_meteo_historical_weather_api,2026-06-11T10:40:28Z
16,Sydney,2024-11-01,53,18.5,21.2,16.1,17.7,2.2,2.2,9.0,18.3,True,open_meteo_historical_weather_api,2026-06-11T10:40:28Z
16,Sydney,2024-11-02,51,18.1,19.5,16.3,16.6,1.5,1.5,8.0,24.8,True,open_meteo_historical_weather_api,2026-06-11T10:40:28Z
16,Sydney,2024-11-03,3,23.3,31.5,14.5,24.1,0.0,0.0,0.0,19.2,False,open_meteo_historical_weather_api,2026-06-11T10:40:28Z
16,Sydney,2024-11-04,63,19.4,21.8,17.1,19.7,5.1,5.1,3.0,20.6,True,open_meteo_historical_weather_api,2026-06-11T10:40:28Z
16,Sydney,2024-11-05,51,19.7,22.2,17.4,19.3,0.9,0.9,7.0,22.5,True,open_meteo_historical_weather_api,2026-06-11T10:40:28Z
16,Sydney,2024-11-06,51,21.4,27.2,15.8,22.7,0.1,0.1,1.0,21.5,True,open_meteo_historical_weather_api,2026-06-11T10:40:28Z
16,Sydney,2024-11-07,61,24.5,34.3,18.8,26.3,6.0,6.0,8.0,17.8,True,open_meteo_historical_weather_api,2026-06-11T10:40:28Z
16,Sydney,2024-11-08,53,21.7,28.0,15.6,21.6,0.6,0.6,1.0,23.5,True,open_meteo_historical_weather_api,2026-06-11T10:40:28Z
16,Sydney,2024-11-09,55,19.8,23.0,17.0,19.6,3.7,3.7,8.0,24.0,True,open_meteo_historical_weather_api,2026-06-11T10:40:28Z
16,Sydney,2024-11-10,53,20.5,25.1,17.2,20.5,1.2,1.2,5.0,33.4,True,open_meteo_historical_weather_api,2026-06-11T10:40:28Z
16,Sydney,2024-11-11,53,19.2,21.1,16.9,19.2,1.9,1.9,8.0,16.9,True,open_meteo_historical_weather_api,2026-06-11T10:40:28Z
16,Sydney,2024-11-12,51,19.3,22.2,16.2,20.5,0.8,0.8,6.0,15.4,True,open_meteo_historical_weather_api,2026-06-11T10:40:28Z
16,Sydney,2024-11-13,63,19.7,23.2,16.0,21.3,9.6,9.6,13.0,12.7,True,open_meteo_historical_weather_api,2026-06-11T10:40:28Z
16,Sydney,2024-11-14,51,18.7,20.5,17.0,18.5,1.9,1.9,9.0,22.9,True,open_meteo_historical_weather_api,2026-06-11T10:40:28Z
16,Sydney,2024-11-15,53,18.9,20.6,17.8,18.9,3.6,3.6,16.0,15.7,True,open_meteo_historical_weather_api,2026-06-11T10:40:28Z
16,Sydney,2024-11-16,51,20.4,22.8,18.1,20.1,0.4,0.4,4.0,25.2,True,open_meteo_historical_weather_api,2026-06-11T10:40:28Z
16,Sydney,2024-11-17,65,22.5,26.5,18.9,23.7,22.3,22.3,5.0,25.7,True,open_meteo_historical_weather_api,2026-06-11T10:40:28Z
16,Sydney,2024-11-18,63,20.8,25.8,18.0,21.1,6.1,6.1,7.0,19.1,True,open_meteo_historical_weather_api,2026-06-11T10:40:28Z
16,Sydney,2024-11-19,53,18.3,19.9,17.0,18.3,5.0,5.0,17.0,16.2,True,open_meteo_historical_weather_api,2026-06-11T10:40:28Z
16,Sydney,2024-11-20,51,19.1,22.4,15.1,19.8,1.0,1.0,4.0,20.0,True,open_meteo_historical_weather_api,2026-06-11T10:40:28Z
16,Sydney,2024-11-21,51,19.9,23.6,16.5,20.0,0.1,0.1,1.0,20.0,True,open_meteo_historical_weather_api,2026-06-11T10:40:28Z
16,Sydney,2024-11-22,51,20.5,25.0,15.1,21.1,0.1,0.1,1.0,20.2,True,open_meteo_historical_weather_api,2026-06-11T10:40:28Z
16,Sydney,2024-11-23,3,22.2,27.5,17.1,22.5,0.0,0.0,0.0,21.7,False,open_meteo_historical_weather_api,2026-06-11T10:40:28Z
16,Sydney,2024-11-24,3,22.8,27.6,18.2,23.2,0.0,0.0,0.0,22.4,False,open_meteo_historical_weather_api,2026-06-11T10:40:28Z
16,Sydney,2024-11-25,3,22.7,27.5,18.6,23.6,0.0,0.0,0.0,24.5,False,open_meteo_historical_weather_api,2026-06-11T10:40:28Z
16,Sydney,2024-11-26,3,24.5,31.1,19.2,26.3,0.0,0.0,0.0,18.3,False,open_meteo_historical_weather_api,2026-06-11T10:40:28Z
16,Sydney,2024-11-27,53,28.0,36.2,20.4,29.9,0.5,0.5,1.0,14.0,True,open_meteo_historical_weather_api,2026-06-11T10:40:28Z
16,Sydney,2024-11-28,53,25.6,30.0,22.6,27.9,2.5,2.5,5.0,14.9,True,open_meteo_historical_weather_api,2026-06-11T10:40:28Z
16,Sydney,2024-11-29,63,21.0,22.1,20.3,23.1,21.0,21.0,16.0,17.7,True,open_meteo_historical_weather_api,2026-06-11T10:40:28Z
16,Sydney,2024-11-30,63,21.7,23.9,20.7,23.4,22.7,22.7,24.0,23.4,True,open_meteo_historical_weather_api,2026-06-11T10:40:28Z
16,Sydney,2024-12-01,65,23.2,27.8,19.6,25.8,9.9,9.9,4.0,13.5,True,open_meteo_historical_weather_api,2026-06-11T10:40:28Z
16,Sydney,2024-12-02,3,24.4,29.5,19.2,26.2,0.0,0.0,0.0,25.9,False,open_meteo_historical_weather_api,2026-06-11T10:40:28Z
16,Sydney,2024-12-03,53,25.4,30.3,21.2,27.5,1.9,1.9,7.0,18.4,True,open_meteo_historical_weather_api,2026-06-11T10:40:28Z
16,Sydney,2024-12-04,51,22.1,23.6,20.1,24.0,0.2,0.2,1.0,17.8,True,open_meteo_historical_weather_api,2026-06-11T10:40:28Z
16,Sydney,2024-12-05,51,22.2,24.6,19.8,24.6,0.2,0.2,2.0,16.0,True,open_meteo_historical_weather_api,2026-06-11T10:40:28Z
16,Sydney,2024-12-06,51,24.0,27.4,21.0,27.8,0.2,0.2,2.0,13.6,True,open_meteo_historical_weather_api,2026-06-11T10:40:28Z
16,Sydney,2024-12-07,63,26.5,32.0,22.0,29.9,11.8,11.8,4.0,20.0,True,open_meteo_historical_weather_api,2026-06-11T10:40:28Z
16,Sydney,2024-12-08,51,22.4,27.7,19.1,24.9,2.1,2.1,11.0,21.5,True,open_meteo_historical_weather_api,2026-06-11T10:40:28Z
16,Sydney,2024-12-09,53,20.6,22.0,19.0,21.6,2.7,2.7,15.0,20.3,True,open_meteo_historical_weather_api,2026-06-11T10:40:28Z
16,Sydney,2024-12-10,51,20.9,23.1,19.1,22.4,0.3,0.3,3.0,26.2,True,open_meteo_historical_weather_api,2026-06-11T10:40:28Z
16,Sydney,2024-12-11,51,20.7,23.4,18.5,21.7,1.1,1.1,6.0,22.0,True,open_meteo_historical_weather_api,2026-06-11T10:40:28Z
16,Sydney,2024-12-12,2,22.3,28.1,17.0,24.3,0.0,0.0,0.0,15.5,False,open_meteo_historical_weather_api,2026-06-11T10:40:28Z
16,Sydney,2024-12-13,3,24.0,29.4,19.5,26.8,0.0,0.0,0.0,19.6,False,open_meteo_historical_weather_api,2026-06-11T10:40:28Z
16,Sydney,2024-12-14,3,23.4,26.2,20.6,26.0,0.0,0.0,0.0,17.0,False,open_meteo_historical_weather_api,2026-06-11T10:40:28Z
16,Sydney,2024-12-15,51,23.7,26.5,21.1,26.8,0.5,0.5,4.0,16.6,True,open_meteo_historical_weather_api,2026-06-11T10:40:28Z
16,Sydney,2024-12-16,51,24.6,28.5,22.0,27.4,0.4,0.4,4.0,24.8,True,open_meteo_historical_weather_api,2026-06-11T10:40:28Z
16,Sydney,2024-12-17,3,26.1,33.8,20.4,28.1,0.0,0.0,0.0,31.2,False,open_meteo_historical_weather_api,2026-06-11T10:40:28Z
16,Sydney,2024-12-18,65,20.0,21.4,18.8,18.1,18.9,18.9,10.0,31.4,True,open_meteo_historical_weather_api,2026-06-11T10:40:28Z
16,Sydney,2024-12-19,51,20.2,22.9,18.0,19.1,0.2,0.2,2.0,20.7,True,open_meteo_historical_weather_api,2026-06-11T10:40:28Z
16,Sydney,2024-12-20,2,19.9,23.4,15.6,20.0,0.0,0.0,0.0,15.2,False,open_meteo_historical_weather_api,2026-06-11T10:40:28Z
16,Sydney,2024-12-21,51,21.9,29.2,16.0,23.1,0.5,0.5,2.0,16.9,True,open_meteo_historical_weather_api,2026-06-11T10:40:28Z
16,Sydney,2024-12-22,51,22.2,25.0,20.0,23.2,0.2,0.2,1.0,22.6,True,open_meteo_historical_weather_api,2026-06-11T10:40:28Z
16,Sydney,2024-12-23,3,23.1,29.1,18.5,23.1,0.0,0.0,0.0,21.8,False,open_meteo_historical_weather_api,2026-06-11T10:40:28Z
16,Sydney,2024-12-24,3,20.0,22.7,16.0,18.3,0.0,0.0,0.0,22.7,False,open_meteo_historical_weather_api,2026-06-11T10:40:28Z
16,Sydney,2024-12-25,0,21.5,27.4,16.3,22.1,0.0,0.0,0.0,20.7,False,open_meteo_historical_weather_api,2026-06-11T10:40:28Z
16,Sydney,2024-12-26,3,22.7,27.2,17.0,23.7,0.0,0.0,0.0,28.2,False,open_meteo_historical_weather_api,2026-06-11T10:40:28Z
16,Sydney,2024-12-27,53,26.4,35.3,21.0,26.5,0.8,0.8,3.0,24.0,True,open_meteo_historical_weather_api,2026-06-11T10:40:28Z
16,Sydney,2024-12-28,51,21.5,24.2,18.8,22.1,0.9,0.9,8.0,20.2,True,open_meteo_historical_weather_api,2026-06-11T10:40:28Z
16,Sydney,2024-12-29,1,22.4,28.0,17.1,22.9,0.0,0.0,0.0,17.7,False,open_meteo_historical_weather_api,2026-06-11T10:40:28Z
16,Sydney,2024-12-30,51,22.6,25.8,19.9,23.6,0.3,0.3,2.0,18.3,True,open_meteo_historical_weather_api,2026-06-11T10:40:28Z
16,Sydney,2024-12-31,3,23.2,26.6,18.9,25.1,0.0,0.0,0.0,14.9,False,open_meteo_historical_weather_api,2026-06-11T10:40:28Z
